{"type":"FeatureCollection","features":[{"type":"Feature","properties":{"prof":2,"principal":false},"geometry":{"type":"LineString","coordinates":[[-5.08,36.44966],[-5.0796,36.44967],[-5.0792,36.44969],[-5.0788,36.4497],[-5.0784,36.44972],[-5.078,36.44977],[-5.07774,36.4498],[-5.0774,36.44985],[-5.077,36.44997],[-5.07681,36.4502],[-5.07666,36.4504],[-5.07646,36.4506],[-5.0762,36.45065],[-5.0758,36.45068],[-5.0754,36.4507],[-5.075,36.45073],[-5.0746,36.45075],[-5.0742,36.45078],[-5.0739,36.4508],[-5.0736,36.45082],[-5.0732,36.45084],[-5.07299,36.4508],[-5.0726,36.45061],[-5.0724,36.4505],[-5.0722,36.4504],[-5.0718,36.45024],[-5.0716,36.45017],[-5.0712,36.45002],[-5.071,36.44994],[-5.07064,36.4498],[-5.0704,36.44972],[-5.07,36.44966],[-5.06961,36.4496],[-5.0694,36.44957],[-5.069,36.44949],[-5.06861,36.4494],[-5.0684,36.44934],[-5.068,36.44924],[-5.0678,36.44918],[-5.0674,36.44907],[-5.06716,36.449],[-5.0668,36.4489],[-5.0664,36.44883],[-5.066,36.4488],[-5.06575,36.4488],[-5.0654,36.44879],[-5.065,36.44879],[-5.06472,36.4488],[-5.0644,36.44884],[-5.064,36.4489],[-5.0636,36.44894],[-5.0632,36.44898],[-5.063,36.449],[-5.0626,36.44904],[-5.0622,36.44908],[-5.0618,36.44912],[-5.0614,36.44916],[-5.061,36.44916],[-5.0606,36.44916],[-5.0602,36.44916],[-5.0598,36.44919],[-5.0596,36.44921],[-5.0592,36.4493],[-5.05899,36.4494],[-5.0586,36.44958],[-5.0584,36.44968],[-5.05813,36.4498],[-5.0578,36.44995],[-5.0576,36.45005],[-5.05724,36.4502],[-5.057,36.45033],[-5.0568,36.4504],[-5.0564,36.45058],[-5.0562,36.45066],[-5.0558,36.45078],[-5.0556,36.45084],[-5.0552,36.45096],[-5.055,36.45103],[-5.0546,36.45115],[-5.0544,36.45121],[-5.054,36.45129],[-5.0536,36.45128],[-5.0532,36.45127],[-5.0528,36.45126],[-5.0524,36.45124],[-5.052,36.45123],[-5.0516,36.45122],[-5.0512,36.45123],[-5.0508,36.45125],[-5.0504,36.45133],[-5.05016,36.4514],[-5.0498,36.45154],[-5.0496,36.45163],[-5.04927,36.4518],[-5.049,36.45193],[-5.0488,36.45202],[-5.04844,36.4522],[-5.0482,36.45233],[-5.048,36.45243],[-5.04772,36.4526],[-5.04748,36.4528],[-5.04722,36.453],[-5.047,36.45317],[-5.0468,36.45333],[-5.0466,36.45348],[-5.0464,36.45363],[-5.04616,36.4538],[-5.04589,36.454],[-5.04563,36.4542],[-5.0454,36.45438],[-5.0452,36.45453],[-5.045,36.45467],[-5.0448,36.4548],[-5.04446,36.455],[-5.0442,36.45515],[-5.044,36.45529],[-5.0438,36.45547],[-5.0436,36.45565],[-5.0434,36.45584],[-5.0432,36.45603],[-5.043,36.45621],[-5.04268,36.4564],[-5.0424,36.45657],[-5.0422,36.45671],[-5.042,36.45686],[-5.04179,36.457],[-5.04152,36.4572],[-5.04124,36.4574],[-5.04106,36.4576],[-5.0414,36.45762],[-5.0416,36.45759],[-5.042,36.45752],[-5.0424,36.45745],[-5.04271,36.4574],[-5.043,36.45735],[-5.0432,36.4574],[-5.043,36.4574],[-5.0428,36.45761],[-5.04241,36.4578],[-5.0422,36.45781],[-5.042,36.45802],[-5.04161,36.4582],[-5.0414,36.45821],[-5.0412,36.4584],[-5.0408,36.45847],[-5.0404,36.45857],[-5.0402,36.45861],[-5.0398,36.45871],[-5.03943,36.4588],[-5.0392,36.45885],[-5.0388,36.45895],[-5.03856,36.459],[-5.0382,36.45909],[-5.0378,36.45918],[-5.0376,36.45924],[-5.0372,36.45935],[-5.03698,36.4594],[-5.0366,36.45948],[-5.0362,36.45956],[-5.036,36.4596],[-5.0356,36.45969],[-5.0352,36.45977],[-5.035,36.45982],[-5.0346,36.4599],[-5.0342,36.45998],[-5.034,36.46002],[-5.0336,36.46007],[-5.0332,36.46004],[-5.0328,36.46002],[-5.03248,36.46],[-5.0322,36.46],[-5.032,36.46001],[-5.0316,36.46005],[-5.0312,36.46008],[-5.0308,36.46007],[-5.0304,36.46005],[-5.03,36.46003],[-5.0296,36.46003],[-5.0292,36.46004],[-5.0288,36.46006],[-5.0284,36.46007],[-5.028,36.46],[-5.0278,36.45997],[-5.0274,36.45989],[-5.027,36.45981],[-5.0268,36.45977],[-5.0264,36.45968],[-5.026,36.4596],[-5.0258,36.45957],[-5.0254,36.45953],[-5.025,36.45948],[-5.0246,36.45943],[-5.02431,36.4594],[-5.024,36.45938],[-5.0236,36.45938],[-5.0232,36.45939],[-5.023,36.4594],[-5.0226,36.45943],[-5.0222,36.45948],[-5.0218,36.45953],[-5.0214,36.45958],[-5.0212,36.45961],[-5.0208,36.45966],[-5.0204,36.4597],[-5.02,36.45975],[-5.0196,36.45979],[-5.0194,36.45981],[-5.019,36.45985],[-5.0186,36.45993],[-5.0183,36.46],[-5.018,36.46008],[-5.0176,36.46019],[-5.0174,36.46024],[-5.017,36.46023],[-5.0168,36.46016],[-5.0164,36.46002],[-5.0162,36.45995],[-5.0158,36.45982],[-5.0156,36.45975],[-5.0152,36.45962],[-5.015,36.45957],[-5.0146,36.45945],[-5.0144,36.45939],[-5.014,36.45925],[-5.0138,36.45919],[-5.0134,36.45906],[-5.0132,36.459],[-5.0128,36.45887],[-5.01258,36.4588],[-5.0122,36.45871],[-5.0118,36.45864],[-5.0116,36.4586],[-5.0112,36.45852],[-5.0108,36.45843],[-5.0106,36.45839],[-5.0102,36.45832],[-5.0098,36.45827],[-5.0094,36.45825],[-5.009,36.45824],[-5.0086,36.45824],[-5.0082,36.45823],[-5.0078,36.45823],[-5.0074,36.45823],[-5.007,36.45826],[-5.0066,36.45834],[-5.00638,36.4584],[-5.006,36.45856],[-5.0058,36.45865],[-5.0054,36.4588],[-5.0052,36.4589],[-5.0049,36.459],[-5.0046,36.45913],[-5.00437,36.4592],[-5.004,36.45936],[-5.0038,36.45945],[-5.0034,36.4596],[-5.0032,36.45972],[-5.003,36.45986],[-5.0028,36.46004],[-5.0026,36.46023],[-5.0024,36.46044],[-5.0022,36.46065],[-5.002,36.46085],[-5.0018,36.46104],[-5.0016,36.46124],[-5.0014,36.46144],[-5.0012,36.46164],[-5.001,36.46182],[-5.0008,36.46202],[-5.00045,36.4622],[-5.00027,36.4624],[-5.0,36.4626],[-4.9998,36.46276],[-4.99964,36.463],[-4.99996,36.463],[-5.0002,36.46298],[-5.0006,36.46295],[-5.001,36.46292],[-5.0014,36.46289],[-5.0014,36.46301],[-5.001,36.46301],[-5.00062,36.4632],[-5.00043,36.4634],[-5.00024,36.4636],[-5.00004,36.4638],[-4.9998,36.46384],[-4.99944,36.464],[-4.99924,36.4642],[-4.999,36.46424],[-4.9988,36.46444],[-4.9986,36.46463],[-4.99823,36.4648],[-4.998,36.46483],[-4.9978,36.46503],[-4.99743,36.4652],[-4.9972,36.46523],[-4.997,36.46542],[-4.9966,36.46543],[-4.9964,36.46562],[-4.9962,36.46582],[-4.99582,36.466],[-4.9956,36.46602],[-4.99522,36.4662],[-4.99501,36.4664],[-4.9948,36.46641],[-4.9946,36.46661],[-4.9944,36.46681],[-4.9942,36.46701],[-4.99381,36.4672],[-4.9938,36.46741],[-4.9934,36.46741],[-4.99301,36.4676],[-4.99281,36.4678],[-4.99261,36.468],[-4.99241,36.4682],[-4.9922,36.46821],[-4.992,36.46841],[-4.9918,36.46861],[-4.99141,36.4688],[-4.9912,36.46881],[-4.991,36.46901],[-4.9906,36.4692],[-4.9906,36.4694],[-4.9902,36.4696],[-4.99,36.46968],[-4.98969,36.4698],[-4.9894,36.46992],[-4.9892,36.47001],[-4.9888,36.47018],[-4.9886,36.47026],[-4.98828,36.4704],[-4.988,36.47051],[-4.98778,36.4706],[-4.9874,36.47075],[-4.9872,36.47084],[-4.98682,36.471],[-4.9866,36.4711],[-4.98638,36.4712],[-4.98601,36.4714],[-4.9858,36.47154],[-4.9856,36.47162],[-4.98534,36.4718],[-4.98501,36.472],[-4.9848,36.47217],[-4.9846,36.47231],[-4.9844,36.47243],[-4.98415,36.4726],[-4.98386,36.4728],[-4.9836,36.47298],[-4.9834,36.47311],[-4.9832,36.47326],[-4.98297,36.4734],[-4.98269,36.4736],[-4.9824,36.47379],[-4.9822,36.47391],[-4.982,36.47404],[-4.9818,36.47396],[-4.9814,36.47398],[-4.9812,36.47411],[-4.98099,36.4742],[-4.98067,36.4744],[-4.9804,36.4746],[-4.98027,36.4748],[-4.98011,36.475],[-4.97995,36.4752],[-4.9798,36.47541],[-4.9796,36.47569],[-4.9792,36.47567],[-4.979,36.47587],[-4.9788,36.47605],[-4.97856,36.4762],[-4.97831,36.4764],[-4.97802,36.4766],[-4.9778,36.47668],[-4.97758,36.4768],[-4.97729,36.477],[-4.977,36.47718],[-4.9768,36.47725],[-4.97647,36.4774],[-4.9762,36.47753],[-4.97599,36.4776],[-4.9756,36.47768],[-4.9752,36.4777],[-4.9748,36.47771],[-4.9744,36.47773],[-4.974,36.47772],[-4.9736,36.47772],[-4.9732,36.47773],[-4.9729,36.4776],[-4.9726,36.47756],[-4.9722,36.47755],[-4.9718,36.4775],[-4.9714,36.4775],[-4.97107,36.4776],[-4.9708,36.47768],[-4.9704,36.4778],[-4.9702,36.47795],[-4.97,36.4781],[-4.9698,36.47824],[-4.9696,36.47844],[-4.96939,36.4786],[-4.96903,36.4788],[-4.96882,36.479],[-4.9687,36.4792],[-4.96859,36.4794],[-4.9684,36.47965],[-4.9682,36.47985],[-4.968,36.48009],[-4.96781,36.4804],[-4.96763,36.4806],[-4.9674,36.48068],[-4.96711,36.4808],[-4.96682,36.481],[-4.9666,36.48114],[-4.9664,36.48128],[-4.9662,36.48142],[-4.9658,36.48148],[-4.9656,36.4814],[-4.9652,36.48131],[-4.9648,36.48131],[-4.96453,36.4814],[-4.96426,36.4816],[-4.9642,36.4818],[-4.96402,36.4822],[-4.9638,36.48227],[-4.9636,36.48215],[-4.96324,36.482],[-4.963,36.48194],[-4.96261,36.482],[-4.9624,36.48213],[-4.962,36.4822],[-4.9618,36.48238],[-4.96179,36.4826],[-4.9616,36.48296],[-4.9614,36.4832],[-4.9612,36.48324],[-4.9608,36.48322],[-4.9606,36.4831],[-4.9604,36.483],[-4.9602,36.48304],[-4.9598,36.48316],[-4.9596,36.48325],[-4.95935,36.4834],[-4.95917,36.4836],[-4.959,36.48391],[-4.9588,36.4842],[-4.9586,36.48425],[-4.95824,36.4842],[-4.958,36.48414],[-4.9576,36.484],[-4.9574,36.48396],[-4.95711,36.484],[-4.95726,36.4842],[-4.95719,36.4844],[-4.95682,36.4846],[-4.95672,36.4846],[-4.9564,36.48455],[-4.956,36.48444],[-4.9558,36.48437],[-4.9554,36.4843],[-4.955,36.48431],[-4.95477,36.4844],[-4.9544,36.48445],[-4.95414,36.4844],[-4.9538,36.48423],[-4.95345,36.4844],[-4.9536,36.48474],[-4.9538,36.48492],[-4.95388,36.4852],[-4.95407,36.4854],[-4.9542,36.48575],[-4.9544,36.48594],[-4.9544,36.48606],[-4.95406,36.4862],[-4.95385,36.4864],[-4.9536,36.48645],[-4.95325,36.4866],[-4.9532,36.48684],[-4.95281,36.487],[-4.9526,36.48712],[-4.95238,36.4872],[-4.95202,36.4874],[-4.9518,36.48757],[-4.9516,36.48771],[-4.9514,36.48791],[-4.9512,36.48811],[-4.951,36.48824],[-4.9506,36.48836],[-4.95025,36.4884],[-4.95,36.48846],[-4.94979,36.4884],[-4.9496,36.48803],[-4.94938,36.488],[-4.94938,36.4876],[-4.9494,36.48737],[-4.94955,36.487],[-4.94973,36.4868],[-4.94991,36.4866],[-4.9502,36.48646],[-4.95026,36.4862],[-4.95006,36.486],[-4.94995,36.486],[-4.9498,36.48622],[-4.94962,36.4866],[-4.94941,36.4868],[-4.9492,36.4868],[-4.949,36.48719],[-4.9488,36.48731],[-4.9486,36.48747],[-4.9484,36.48761],[-4.94819,36.4878],[-4.948,36.48818],[-4.9478,36.48836],[-4.94769,36.4886],[-4.9476,36.489],[-4.94751,36.4892],[-4.9473,36.4894],[-4.94717,36.4896],[-4.947,36.48987],[-4.9468,36.49008],[-4.9466,36.49027],[-4.9464,36.49057],[-4.94622,36.4908],[-4.94608,36.491],[-4.94595,36.4912],[-4.94578,36.4914],[-4.94549,36.4916],[-4.94527,36.4918],[-4.94502,36.492],[-4.9448,36.49217],[-4.9446,36.49237],[-4.9444,36.49252],[-4.94403,36.4926],[-4.94393,36.4928],[-4.9438,36.493],[-4.9436,36.4932],[-4.94336,36.4934],[-4.94309,36.4936],[-4.9428,36.49376],[-4.9426,36.49394],[-4.94243,36.4942],[-4.9423,36.4944],[-4.94212,36.4946],[-4.94192,36.4948],[-4.94175,36.495],[-4.94158,36.4952],[-4.94139,36.4954],[-4.94114,36.4956],[-4.94086,36.4958],[-4.9406,36.49595],[-4.9404,36.49608],[-4.94018,36.4962],[-4.9398,36.4964],[-4.9396,36.49652],[-4.9394,36.49664],[-4.9391,36.4968],[-4.9388,36.49697],[-4.9386,36.49707],[-4.93827,36.4972],[-4.938,36.4973],[-4.93764,36.4974],[-4.9374,36.49746],[-4.937,36.49757],[-4.9368,36.49762],[-4.9364,36.49774],[-4.9362,36.49782],[-4.9358,36.498],[-4.9356,36.49809],[-4.93538,36.4982],[-4.935,36.49839],[-4.9348,36.4985],[-4.9346,36.4986],[-4.9342,36.4988],[-4.934,36.49889],[-4.93377,36.499],[-4.9334,36.49911],[-4.933,36.49906],[-4.93261,36.499],[-4.9324,36.49897],[-4.932,36.49892],[-4.9316,36.49887],[-4.9312,36.49885],[-4.9308,36.49886],[-4.9304,36.49887],[-4.93,36.49887],[-4.9296,36.49887],[-4.9292,36.49887],[-4.9288,36.49888],[-4.9284,36.49888],[-4.928,36.49886],[-4.9276,36.49882],[-4.92721,36.4988],[-4.927,36.4987],[-4.9268,36.49856],[-4.9266,36.49869],[-4.9262,36.49877],[-4.9258,36.49876],[-4.92551,36.4988],[-4.9252,36.49883],[-4.9248,36.49892],[-4.92445,36.499],[-4.9242,36.49905],[-4.9238,36.49915],[-4.9236,36.4992],[-4.9232,36.49931],[-4.92284,36.4994],[-4.9226,36.49948],[-4.92222,36.4996],[-4.922,36.49969],[-4.92167,36.4998],[-4.9214,36.49993],[-4.9212,36.5],[-4.9208,36.50019],[-4.9206,36.5003],[-4.92037,36.5004],[-4.92,36.50059],[-4.9198,36.50073],[-4.9196,36.50086],[-4.91939,36.501],[-4.91909,36.5012],[-4.9188,36.50139],[-4.9186,36.50152],[-4.9184,36.50164],[-4.91816,36.5018],[-4.91786,36.502],[-4.9176,36.50218],[-4.9174,36.50231],[-4.9172,36.50244],[-4.91694,36.5026],[-4.91664,36.5028],[-4.91648,36.5028],[-4.91636,36.5028],[-4.9162,36.503],[-4.91586,36.5032],[-4.9156,36.50333],[-4.9154,36.50342],[-4.91512,36.5036],[-4.9148,36.50377],[-4.9146,36.50386],[-4.91426,36.504],[-4.914,36.5041],[-4.91373,36.5042],[-4.9134,36.50436],[-4.9132,36.50447],[-4.91296,36.5046],[-4.9126,36.50478],[-4.9124,36.50486],[-4.91203,36.505],[-4.9118,36.50508],[-4.9114,36.50512],[-4.911,36.50507],[-4.91073,36.505],[-4.9104,36.50496],[-4.91001,36.505],[-4.90994,36.505],[-4.9096,36.50496],[-4.9092,36.50495],[-4.909,36.50503],[-4.9086,36.50507],[-4.9082,36.50511],[-4.9078,36.50515],[-4.9074,36.50509],[-4.907,36.50508],[-4.9066,36.50506],[-4.9062,36.5051],[-4.90585,36.5052],[-4.9056,36.50533],[-4.9052,36.50535],[-4.90481,36.5054],[-4.9046,36.50541],[-4.9044,36.50538],[-4.904,36.50527],[-4.9038,36.5052],[-4.9036,36.50529],[-4.9032,36.50525],[-4.9028,36.50521],[-4.9024,36.50524],[-4.902,36.50524],[-4.9016,36.50535],[-4.9012,36.5054],[-4.901,36.50542],[-4.9006,36.50551],[-4.9002,36.50559],[-4.9,36.50561],[-4.8996,36.50568],[-4.8992,36.50573],[-4.8988,36.50577],[-4.8986,36.50585],[-4.8982,36.50597],[-4.898,36.50601],[-4.8976,36.50602],[-4.8974,36.50599],[-4.897,36.5059],[-4.8966,36.5059],[-4.8962,36.50592],[-4.89591,36.506],[-4.8956,36.50616],[-4.8954,36.50622],[-4.8952,36.50619],[-4.89492,36.5062],[-4.89471,36.5062],[-4.8944,36.50614],[-4.89404,36.506],[-4.8938,36.50594],[-4.89356,36.5058],[-4.8932,36.50574],[-4.89292,36.5058],[-4.8926,36.50586],[-4.8922,36.50588],[-4.8918,36.5059],[-4.8914,36.50583],[-4.8912,36.50569],[-4.891,36.50557],[-4.8906,36.50556],[-4.8902,36.50559],[-4.89,36.50561],[-4.8896,36.50567],[-4.8894,36.50554],[-4.889,36.50549],[-4.8888,36.5056],[-4.88854,36.5056],[-4.8884,36.5054],[-4.88857,36.5052],[-4.8882,36.50504],[-4.88793,36.505],[-4.8876,36.50482],[-4.88726,36.505],[-4.887,36.50515],[-4.8868,36.50522],[-4.88655,36.5054],[-4.8862,36.50559],[-4.886,36.50574],[-4.8858,36.50583],[-4.8854,36.50587],[-4.885,36.50582],[-4.8848,36.50568],[-4.8846,36.50559],[-4.8842,36.50552],[-4.88391,36.5056],[-4.8836,36.50567],[-4.8832,36.50576],[-4.88299,36.5058],[-4.88267,36.506],[-4.8824,36.50603],[-4.882,36.5061],[-4.8816,36.50618],[-4.8812,36.50613],[-4.88083,36.5062],[-4.8806,36.50633],[-4.8804,36.50643],[-4.88,36.50656],[-4.87971,36.5066],[-4.87957,36.5066],[-4.87924,36.5066],[-4.879,36.50678],[-4.8788,36.50686],[-4.8784,36.50688],[-4.878,36.50683],[-4.8778,36.50675],[-4.87746,36.5068],[-4.8772,36.50686],[-4.8768,36.50691],[-4.8764,36.50689],[-4.8762,36.50677],[-4.87591,36.5068],[-4.87571,36.507],[-4.87553,36.5072],[-4.8754,36.50743],[-4.875,36.50754],[-4.8748,36.50761],[-4.8746,36.50758],[-4.8742,36.5074],[-4.8738,36.5076],[-4.87358,36.5076],[-4.87337,36.5076],[-4.8732,36.50727],[-4.87289,36.5072],[-4.8728,36.50699],[-4.87271,36.5066],[-4.87292,36.5064],[-4.8732,36.50638],[-4.87343,36.5062],[-4.8738,36.50609],[-4.874,36.50591],[-4.8744,36.50591],[-4.87476,36.5058],[-4.875,36.50562],[-4.87523,36.5056],[-4.87558,36.5056],[-4.8758,36.50562],[-4.8762,36.50571],[-4.87643,36.5058],[-4.87639,36.506],[-4.87652,36.5062],[-4.87669,36.5062],[-4.87687,36.506],[-4.87706,36.5058],[-4.87696,36.5056],[-4.8768,36.50538],[-4.8764,36.50529],[-4.876,36.50527],[-4.8756,36.50529],[-4.8752,36.50523],[-4.875,36.5052],[-4.8746,36.50515],[-4.8742,36.50504],[-4.874,36.50496],[-4.87363,36.505],[-4.87343,36.5052],[-4.8732,36.50525],[-4.873,36.50517],[-4.8728,36.50526],[-4.87251,36.5054],[-4.8722,36.50557],[-4.872,36.50561],[-4.8716,36.50575],[-4.8714,36.50586],[-4.871,36.50598],[-4.87078,36.506],[-4.8704,36.50605],[-4.87,36.50614],[-4.86969,36.5062],[-4.8694,36.50626],[-4.869,36.50638],[-4.8688,36.5064],[-4.8686,36.50637],[-4.8682,36.50636],[-4.8678,36.50636],[-4.8676,36.5064],[-4.8674,36.50639],[-4.867,36.5064],[-4.8668,36.50646],[-4.8664,36.50645],[-4.866,36.50644],[-4.8656,36.50648],[-4.8652,36.50645],[-4.8648,36.50648],[-4.8644,36.50647],[-4.864,36.50642],[-4.8636,36.50643],[-4.86326,36.5064],[-4.86315,36.5064],[-4.8628,36.50643],[-4.8624,36.50643],[-4.86209,36.5064],[-4.8618,36.50637],[-4.8614,36.50633],[-4.861,36.5063],[-4.8606,36.50627],[-4.8602,36.50622],[-4.86,36.5062],[-4.8596,36.50616],[-4.8592,36.50614],[-4.8588,36.50615],[-4.8584,36.50609],[-4.8582,36.50599],[-4.8578,36.50599],[-4.8574,36.50595],[-4.857,36.50588],[-4.8566,36.50582],[-4.8564,36.50579],[-4.856,36.50571],[-4.8556,36.50561],[-4.8554,36.50553],[-4.855,36.50547],[-4.8546,36.50546],[-4.85436,36.5054],[-4.854,36.50529],[-4.8538,36.50518],[-4.8534,36.50506],[-4.853,36.50502],[-4.8528,36.50497],[-4.8524,36.50487],[-4.85215,36.5048],[-4.8518,36.50472],[-4.8514,36.5046],[-4.8512,36.50455],[-4.8508,36.50448],[-4.85048,36.5044],[-4.8502,36.50434],[-4.8498,36.50424],[-4.8496,36.50417],[-4.8492,36.50404],[-4.8488,36.50405],[-4.84855,36.504],[-4.8482,36.50388],[-4.84787,36.5038],[-4.8476,36.5037],[-4.8474,36.50354],[-4.847,36.50346],[-4.8466,36.50343],[-4.8464,36.50337],[-4.846,36.50324],[-4.8458,36.50317],[-4.84547,36.503],[-4.8452,36.50287],[-4.845,36.50277],[-4.8446,36.50262],[-4.8444,36.50255],[-4.84402,36.5024],[-4.8438,36.50224],[-4.8434,36.50223],[-4.8432,36.50214],[-4.84284,36.502],[-4.8426,36.50194],[-4.8422,36.5019],[-4.8418,36.50185],[-4.8416,36.50176],[-4.8412,36.50175],[-4.8408,36.50168],[-4.84042,36.5016],[-4.8402,36.50154],[-4.8398,36.50144],[-4.83951,36.5014],[-4.8392,36.50131],[-4.8388,36.5012],[-4.8386,36.50115],[-4.8382,36.50102],[-4.838,36.50097],[-4.8376,36.50083],[-4.8374,36.50078],[-4.837,36.50067],[-4.83671,36.5006],[-4.8364,36.50052],[-4.836,36.50043],[-4.8358,36.50039],[-4.8354,36.50031],[-4.835,36.50021],[-4.8348,36.50017],[-4.8344,36.5001],[-4.834,36.5],[-4.8338,36.49997],[-4.8334,36.49991],[-4.833,36.49986],[-4.83262,36.4998],[-4.8324,36.49976],[-4.832,36.4997],[-4.8316,36.49967],[-4.8312,36.49961],[-4.831,36.49958],[-4.8306,36.49956],[-4.8302,36.49951],[-4.8298,36.49947],[-4.8294,36.49946],[-4.82905,36.4994],[-4.8288,36.49936],[-4.8284,36.4993],[-4.828,36.49923],[-4.8278,36.49919],[-4.8274,36.49917],[-4.827,36.49916],[-4.8266,36.49906],[-4.82632,36.499],[-4.826,36.49893],[-4.8256,36.49886],[-4.82525,36.4988],[-4.825,36.49877],[-4.8246,36.49872],[-4.8242,36.49866],[-4.8238,36.49866],[-4.8234,36.49861],[-4.8232,36.49859],[-4.8228,36.49856],[-4.8224,36.49845],[-4.8222,36.49836],[-4.8218,36.49826],[-4.8214,36.49831],[-4.821,36.49827],[-4.82066,36.4982],[-4.8204,36.49815],[-4.82,36.49814],[-4.8196,36.49814],[-4.8192,36.49815],[-4.8188,36.49807],[-4.81846,36.498],[-4.8182,36.49797],[-4.8178,36.49791],[-4.8174,36.49787],[-4.817,36.4978],[-4.8168,36.49777],[-4.8164,36.49772],[-4.816,36.49766],[-4.8158,36.49748],[-4.8156,36.49738],[-4.81539,36.4974],[-4.815,36.49747],[-4.81465,36.4974],[-4.8144,36.49735],[-4.814,36.49726],[-4.81376,36.4972],[-4.8134,36.4971],[-4.813,36.49703],[-4.8128,36.49699],[-4.8124,36.49691],[-4.812,36.49683],[-4.8118,36.49677],[-4.8114,36.49666],[-4.81117,36.4966],[-4.8108,36.49652],[-4.81044,36.4964],[-4.8102,36.49628],[-4.8098,36.49625],[-4.80942,36.4962],[-4.8092,36.49616],[-4.8088,36.49608],[-4.80847,36.496],[-4.8082,36.49595],[-4.8078,36.49587],[-4.80746,36.4958],[-4.8072,36.49575],[-4.8068,36.49566],[-4.80658,36.4956],[-4.8062,36.49552],[-4.80586,36.4954],[-4.8056,36.49534],[-4.8052,36.49525],[-4.805,36.49518],[-4.8046,36.49502],[-4.8042,36.49506],[-4.804,36.495],[-4.8036,36.49491],[-4.80336,36.4948],[-4.803,36.49464],[-4.8028,36.49452],[-4.8024,36.49446],[-4.802,36.49447],[-4.8018,36.4944],[-4.8014,36.49432],[-4.80109,36.4942],[-4.8008,36.49413],[-4.8004,36.494],[-4.8002,36.49394],[-4.7998,36.49387],[-4.79957,36.4938],[-4.7992,36.49365],[-4.79889,36.4936],[-4.7986,36.49354],[-4.7982,36.49343],[-4.798,36.49337],[-4.7976,36.49329],[-4.7974,36.49319],[-4.797,36.49309],[-4.79664,36.493],[-4.7964,36.49296],[-4.796,36.49291],[-4.7956,36.49281],[-4.7954,36.49278],[-4.795,36.49272],[-4.7946,36.49266],[-4.7942,36.49263],[-4.794,36.49259],[-4.7936,36.49253],[-4.7932,36.49246],[-4.793,36.4924],[-4.7926,36.49229],[-4.7922,36.49221],[-4.79193,36.4922],[-4.7916,36.49214],[-4.7912,36.49207],[-4.79084,36.492],[-4.7906,36.49195],[-4.7902,36.49185],[-4.79,36.49179],[-4.7896,36.4917],[-4.78925,36.4916],[-4.789,36.49153],[-4.7888,36.4914],[-4.7884,36.49122],[-4.78815,36.4912],[-4.7878,36.49111],[-4.7875,36.491],[-4.7872,36.49093],[-4.7868,36.49083],[-4.7866,36.49078],[-4.7862,36.4907],[-4.78585,36.4906],[-4.7856,36.49052],[-4.78526,36.4904],[-4.785,36.49035],[-4.7846,36.49026],[-4.7844,36.49018],[-4.784,36.49006],[-4.7838,36.49],[-4.7834,36.48993],[-4.783,36.48982],[-4.7828,36.48978],[-4.7824,36.48971],[-4.78214,36.4896],[-4.7818,36.48949],[-4.78156,36.4894],[-4.7812,36.48932],[-4.7808,36.4892],[-4.7806,36.48916],[-4.7802,36.48903],[-4.78,36.48897],[-4.7796,36.48889],[-4.77933,36.4888],[-4.779,36.4887],[-4.77867,36.4886],[-4.7784,36.48854],[-4.778,36.48843],[-4.7778,36.48838],[-4.7774,36.4883],[-4.77709,36.4882],[-4.7768,36.48812],[-4.7764,36.48803],[-4.7762,36.48797],[-4.7758,36.48785],[-4.7756,36.48779],[-4.7752,36.48771],[-4.7748,36.48767],[-4.77443,36.4876],[-4.7742,36.48756],[-4.7738,36.48752],[-4.7734,36.48747],[-4.77318,36.4874],[-4.7728,36.48727],[-4.7726,36.48718],[-4.7722,36.48712],[-4.7718,36.48713],[-4.7714,36.4871],[-4.77101,36.487],[-4.7708,36.48694],[-4.7704,36.48684],[-4.7702,36.48679],[-4.7698,36.48674],[-4.7694,36.48669],[-4.76911,36.4866],[-4.7688,36.48649],[-4.7684,36.48641],[-4.7682,36.48637],[-4.7678,36.48629],[-4.7674,36.48625],[-4.767,36.48624],[-4.7666,36.48622],[-4.7664,36.48614],[-4.7662,36.48599],[-4.766,36.48601],[-4.7656,36.4862],[-4.7654,36.4862],[-4.7652,36.4862],[-4.7648,36.48612],[-4.7644,36.48609],[-4.764,36.48606],[-4.7638,36.48599],[-4.76358,36.4858],[-4.7632,36.48571],[-4.76285,36.4858],[-4.7626,36.48584],[-4.7624,36.48579],[-4.762,36.48562],[-4.7618,36.48559],[-4.7616,36.48561],[-4.76134,36.4856],[-4.761,36.48548],[-4.7608,36.48522],[-4.7606,36.48512],[-4.76028,36.4852],[-4.76,36.48525],[-4.7596,36.48529],[-4.7592,36.48534],[-4.7588,36.48526],[-4.75854,36.4852],[-4.7582,36.48508],[-4.75807,36.4848],[-4.7578,36.4847],[-4.75758,36.4848],[-4.7572,36.48488],[-4.7568,36.48481],[-4.7566,36.48478],[-4.7562,36.48475],[-4.7558,36.48467],[-4.7554,36.48464],[-4.75505,36.4846],[-4.7548,36.48453],[-4.7544,36.48443],[-4.7542,36.48437],[-4.7538,36.48422],[-4.7536,36.48418],[-4.7532,36.4841],[-4.7528,36.48409],[-4.75245,36.484],[-4.7522,36.48385],[-4.752,36.48374],[-4.7516,36.48366],[-4.7514,36.48359],[-4.7512,36.48362],[-4.751,36.48359],[-4.7506,36.48351],[-4.7502,36.48347],[-4.7498,36.48353],[-4.7494,36.48354],[-4.749,36.48343],[-4.7488,36.48339],[-4.7484,36.48332],[-4.748,36.48327],[-4.7476,36.48323],[-4.7474,36.48319],[-4.74718,36.4832],[-4.7468,36.4834],[-4.74654,36.4834],[-4.74627,36.4836],[-4.746,36.48363],[-4.7456,36.4837],[-4.74525,36.4836],[-4.745,36.4835],[-4.7448,36.48335],[-4.7444,36.48322],[-4.7442,36.48308],[-4.7438,36.48301],[-4.7436,36.48294],[-4.7432,36.48291],[-4.7428,36.48298],[-4.7426,36.48301],[-4.7422,36.48308],[-4.7418,36.48307],[-4.74143,36.483],[-4.7412,36.48294],[-4.74089,36.4828],[-4.7406,36.48273],[-4.7403,36.4826],[-4.74,36.48255],[-4.7396,36.48258],[-4.7394,36.4826],[-4.7392,36.48291],[-4.7388,36.48298],[-4.7388,36.48309],[-4.7392,36.48315],[-4.7394,36.48331],[-4.7396,36.4834],[-4.73967,36.4838],[-4.7397,36.4842],[-4.7398,36.48458],[-4.7398,36.48477],[-4.73956,36.4846],[-4.73939,36.4844],[-4.73935,36.484],[-4.7391,36.484],[-4.73896,36.484],[-4.73876,36.4838],[-4.7384,36.48371],[-4.7382,36.48384],[-4.73797,36.484],[-4.7376,36.48417],[-4.7374,36.48426],[-4.73713,36.4844],[-4.7368,36.48451],[-4.7364,36.48455],[-4.7362,36.48461],[-4.7358,36.48468],[-4.7354,36.48469],[-4.735,36.48466],[-4.7346,36.4848],[-4.7344,36.48482],[-4.734,36.48492],[-4.7336,36.48496],[-4.7332,36.48491],[-4.73291,36.485],[-4.73265,36.4852],[-4.7324,36.48528],[-4.73208,36.4854],[-4.7318,36.4855],[-4.73151,36.4856],[-4.7312,36.48566],[-4.7308,36.4857],[-4.73048,36.4858],[-4.7302,36.48587],[-4.7298,36.48592],[-4.72947,36.4858],[-4.7292,36.48569],[-4.72898,36.4856],[-4.7286,36.4855],[-4.7282,36.48544],[-4.7278,36.4854],[-4.7274,36.48543],[-4.727,36.48546],[-4.7266,36.48545],[-4.7262,36.48544],[-4.7258,36.48559],[-4.7256,36.48564],[-4.7252,36.48568],[-4.7248,36.48565],[-4.7244,36.48568],[-4.724,36.48575],[-4.7236,36.48573],[-4.7232,36.48567],[-4.7228,36.48565],[-4.72259,36.4856],[-4.7222,36.48544],[-4.7218,36.4855],[-4.72158,36.4856],[-4.7212,36.48566],[-4.72097,36.4856],[-4.7206,36.48547],[-4.7204,36.4854],[-4.72,36.48528],[-4.72,36.48528]]}},{"type":"Feature","properties":{"prof":2,"principal":false},"geometry":{"type":"LineString","coordinates":[[-4.95488,36.483],[-4.9546,36.4829],[-4.95426,36.483],[-4.95442,36.4832],[-4.9548,36.48328],[-4.95488,36.483],[-4.95488,36.483]]}},{"type":"Feature","properties":{"prof":2,"principal":false},"geometry":{"type":"LineString","coordinates":[[-4.95414,36.483],[-4.9538,36.4829],[-4.9534,36.4829],[-4.9532,36.48315],[-4.95297,36.4832],[-4.9532,36.48325],[-4.9536,36.48333],[-4.954,36.48333],[-4.95414,36.483],[-4.95414,36.483]]}},{"type":"Feature","properties":{"prof":2,"principal":false},"geometry":{"type":"LineString","coordinates":[[-4.95263,36.4836],[-4.9524,36.4835],[-4.9522,36.48362],[-4.952,36.48391],[-4.9518,36.48404],[-4.9517,36.4844],[-4.95194,36.4844],[-4.95212,36.4842],[-4.95234,36.484],[-4.95253,36.4838],[-4.95263,36.4836],[-4.95263,36.4836]]}},{"type":"Feature","properties":{"prof":2,"principal":false},"geometry":{"type":"LineString","coordinates":[[-4.9515,36.4844],[-4.9512,36.48439],[-4.951,36.48456],[-4.9508,36.48475],[-4.9506,36.48499],[-4.95042,36.4852],[-4.95025,36.4854],[-4.95016,36.4856],[-4.9502,36.48589],[-4.9504,36.48602],[-4.9504,36.48588],[-4.9504,36.48576],[-4.95075,36.4856],[-4.9508,36.48523],[-4.951,36.48504],[-4.9512,36.48484],[-4.95122,36.4846],[-4.9515,36.4844],[-4.9515,36.4844]]}},{"type":"Feature","properties":{"prof":5,"principal":false},"geometry":{"type":"LineString","coordinates":[[-5.08,36.44799],[-5.0798,36.44806],[-5.0794,36.44812],[-5.079,36.44815],[-5.0786,36.44809],[-5.07831,36.448],[-5.078,36.4479],[-5.07769,36.4478],[-5.0774,36.44771],[-5.07704,36.4476],[-5.0768,36.44753],[-5.0764,36.44744],[-5.076,36.44745],[-5.0756,36.4476],[-5.0754,36.4477],[-5.0752,36.44781],[-5.07484,36.448],[-5.0746,36.44813],[-5.0744,36.44823],[-5.07406,36.4484],[-5.0738,36.44853],[-5.0736,36.44862],[-5.0732,36.4487],[-5.0728,36.44864],[-5.0724,36.44861],[-5.0722,36.44859],[-5.0718,36.44856],[-5.0714,36.44853],[-5.071,36.4485],[-5.0706,36.44846],[-5.0702,36.44841],[-5.07,36.44836],[-5.0696,36.44826],[-5.06933,36.4482],[-5.069,36.44813],[-5.0686,36.44803],[-5.0684,36.44799],[-5.068,36.4479],[-5.0676,36.44781],[-5.0674,36.44779],[-5.067,36.44777],[-5.0666,36.44775],[-5.0662,36.44773],[-5.0658,36.44771],[-5.0654,36.44769],[-5.065,36.44768],[-5.0646,36.44769],[-5.0642,36.44774],[-5.06381,36.4478],[-5.0636,36.44783],[-5.0632,36.44789],[-5.0628,36.44794],[-5.06242,36.448],[-5.0622,36.44803],[-5.0618,36.44807],[-5.0614,36.4481],[-5.061,36.44814],[-5.0606,36.44818],[-5.06037,36.4482],[-5.06,36.44823],[-5.0596,36.44827],[-5.0592,36.44831],[-5.0588,36.44837],[-5.05859,36.4484],[-5.0582,36.44846],[-5.0578,36.44853],[-5.0576,36.44861],[-5.05727,36.4488],[-5.057,36.44896],[-5.0568,36.44908],[-5.05658,36.4492],[-5.0562,36.44937],[-5.056,36.44944],[-5.0556,36.44958],[-5.0554,36.44965],[-5.055,36.44979],[-5.0548,36.44986],[-5.0544,36.45],[-5.0542,36.45006],[-5.0538,36.45019],[-5.0536,36.45025],[-5.0532,36.45026],[-5.0528,36.45028],[-5.0524,36.45031],[-5.052,36.45034],[-5.0516,36.45037],[-5.0512,36.4504],[-5.051,36.45041],[-5.0506,36.45046],[-5.0502,36.45058],[-5.05,36.45064],[-5.0496,36.45076],[-5.0494,36.45082],[-5.049,36.45094],[-5.04877,36.451],[-5.0484,36.45111],[-5.04813,36.4512],[-5.0478,36.45138],[-5.0476,36.4515],[-5.0474,36.45163],[-5.04712,36.4518],[-5.0468,36.45198],[-5.0466,36.4521],[-5.0464,36.45222],[-5.04615,36.4524],[-5.04595,36.4526],[-5.04575,36.4528],[-5.04555,36.453],[-5.04536,36.4532],[-5.04514,36.4534],[-5.04481,36.4536],[-5.0446,36.4537],[-5.0444,36.45381],[-5.04404,36.454],[-5.0438,36.45413],[-5.0436,36.45424],[-5.04332,36.4544],[-5.043,36.45456],[-5.0428,36.45466],[-5.04254,36.4548],[-5.0422,36.455],[-5.042,36.4551],[-5.0418,36.45522],[-5.04147,36.4554],[-5.0412,36.45554],[-5.041,36.45565],[-5.04073,36.4558],[-5.0404,36.45599],[-5.0402,36.45611],[-5.04,36.45622],[-5.03965,36.4564],[-5.0394,36.45651],[-5.03916,36.4566],[-5.0388,36.45675],[-5.0386,36.45684],[-5.03824,36.457],[-5.038,36.4571],[-5.03777,36.4572],[-5.0374,36.45735],[-5.0372,36.45743],[-5.03681,36.4576],[-5.0366,36.45768],[-5.0362,36.45777],[-5.036,36.45781],[-5.0356,36.45788],[-5.0352,36.45795],[-5.03492,36.458],[-5.0346,36.45805],[-5.0342,36.45811],[-5.0338,36.45817],[-5.0336,36.4582],[-5.0332,36.45828],[-5.0328,36.45835],[-5.03252,36.4584],[-5.0322,36.45846],[-5.0318,36.45852],[-5.0314,36.45859],[-5.0312,36.4586],[-5.031,36.45858],[-5.0306,36.45853],[-5.0302,36.45848],[-5.0298,36.45843],[-5.02954,36.4584],[-5.0292,36.45836],[-5.0288,36.4583],[-5.0284,36.45824],[-5.02819,36.4582],[-5.0278,36.45813],[-5.0274,36.45806],[-5.02708,36.458],[-5.0268,36.45795],[-5.0264,36.45787],[-5.02601,36.4578],[-5.0258,36.45776],[-5.0254,36.45776],[-5.02509,36.4578],[-5.0248,36.45783],[-5.0244,36.45788],[-5.024,36.45793],[-5.0236,36.45797],[-5.02336,36.458],[-5.023,36.45803],[-5.0226,36.45807],[-5.0222,36.45812],[-5.0218,36.45817],[-5.0215,36.4582],[-5.0212,36.45823],[-5.0208,36.45828],[-5.0204,36.45832],[-5.02,36.45836],[-5.0196,36.45834],[-5.0192,36.45832],[-5.0188,36.45831],[-5.0184,36.45829],[-5.018,36.45828],[-5.0176,36.45826],[-5.0172,36.45824],[-5.017,36.4582],[-5.0166,36.45813],[-5.0162,36.45806],[-5.01589,36.458],[-5.0156,36.45795],[-5.0152,36.45788],[-5.0148,36.45781],[-5.0146,36.45778],[-5.0142,36.4577],[-5.0138,36.45763],[-5.0136,36.45759],[-5.0132,36.45751],[-5.0128,36.45743],[-5.0126,36.4574],[-5.0122,36.45729],[-5.012,36.45717],[-5.01177,36.457],[-5.0114,36.45695],[-5.0112,36.45704],[-5.0108,36.4572],[-5.0104,36.45715],[-5.01,36.45708],[-5.00961,36.457],[-5.0094,36.45696],[-5.009,36.45688],[-5.0086,36.45688],[-5.00822,36.457],[-5.008,36.45707],[-5.0076,36.45719],[-5.0074,36.45723],[-5.007,36.4573],[-5.0066,36.45736],[-5.00637,36.4574],[-5.006,36.45754],[-5.0058,36.45762],[-5.0054,36.45777],[-5.0052,36.45785],[-5.00481,36.458],[-5.0046,36.45808],[-5.00428,36.4582],[-5.004,36.45831],[-5.00377,36.4584],[-5.0034,36.45856],[-5.0032,36.45868],[-5.003,36.45883],[-5.00277,36.459],[-5.00249,36.4592],[-5.00223,36.4594],[-5.002,36.4596],[-5.0018,36.4598],[-5.0016,36.45999],[-5.00142,36.4602],[-5.00126,36.4604],[-5.00109,36.4606],[-5.00089,36.4608],[-5.00068,36.461],[-5.0004,36.46117],[-5.0002,36.46122],[-4.9998,36.46131],[-4.99942,36.4614],[-4.9992,36.46145],[-4.9988,36.46155],[-4.9986,36.46165],[-4.99846,36.462],[-4.9984,36.46224],[-4.9983,36.4626],[-4.99815,36.4628],[-4.99783,36.463],[-4.9976,36.46309],[-4.9972,36.46314],[-4.9968,36.46318],[-4.9966,36.4632],[-4.9962,36.46325],[-4.9958,36.46336],[-4.9956,36.46341],[-4.9952,36.46352],[-4.995,36.4636],[-4.9948,36.4638],[-4.9946,36.46405],[-4.9944,36.46428],[-4.9942,36.46451],[-4.994,36.46472],[-4.9938,36.46488],[-4.9936,36.46503],[-4.99336,36.4652],[-4.99308,36.4654],[-4.9928,36.46559],[-4.9926,36.46573],[-4.9924,36.46586],[-4.99217,36.466],[-4.9918,36.46617],[-4.9916,36.46625],[-4.99121,36.4664],[-4.991,36.46649],[-4.99078,36.4666],[-4.99049,36.4668],[-4.9902,36.46699],[-4.99,36.46713],[-4.9898,36.46726],[-4.9896,36.4674],[-4.98931,36.4676],[-4.98904,36.4678],[-4.9888,36.46797],[-4.9886,36.46812],[-4.9884,36.46827],[-4.9882,36.46843],[-4.98797,36.4686],[-4.98769,36.4688],[-4.98741,36.469],[-4.9872,36.46916],[-4.987,36.46931],[-4.9868,36.46946],[-4.9866,36.4696],[-4.9862,36.46978],[-4.986,36.46988],[-4.98579,36.47],[-4.98544,36.4702],[-4.9852,36.47034],[-4.985,36.47045],[-4.98471,36.4706],[-4.9844,36.47075],[-4.9842,36.47085],[-4.98383,36.471],[-4.9836,36.47109],[-4.98333,36.4712],[-4.983,36.47133],[-4.9828,36.4714],[-4.9824,36.47155],[-4.9822,36.47169],[-4.982,36.47192],[-4.9818,36.47214],[-4.9816,36.47236],[-4.9814,36.47257],[-4.9812,36.47275],[-4.981,36.4729],[-4.9808,36.47303],[-4.9805,36.4732],[-4.9802,36.47336],[-4.98,36.47347],[-4.97978,36.4736],[-4.9796,36.47384],[-4.97949,36.4742],[-4.97934,36.4744],[-4.979,36.47455],[-4.9788,36.47468],[-4.9786,36.4748],[-4.97829,36.475],[-4.978,36.47516],[-4.9778,36.47523],[-4.97743,36.4754],[-4.9772,36.47552],[-4.977,36.47565],[-4.9768,36.4758],[-4.97643,36.476],[-4.9762,36.47611],[-4.97599,36.4762],[-4.9756,36.47639],[-4.9754,36.47651],[-4.9752,36.47661],[-4.9748,36.47674],[-4.9746,36.47689],[-4.9742,36.47689],[-4.97397,36.4768],[-4.9736,36.47677],[-4.9734,36.47684],[-4.973,36.47684],[-4.9728,36.47677],[-4.9724,36.47673],[-4.972,36.47668],[-4.97167,36.4766],[-4.97142,36.4766],[-4.9712,36.47662],[-4.9708,36.47662],[-4.9706,36.47659],[-4.9702,36.47659],[-4.97,36.47663],[-4.96966,36.4768],[-4.96941,36.477],[-4.9692,36.47707],[-4.96892,36.4772],[-4.9688,36.47759],[-4.96876,36.4778],[-4.9686,36.47807],[-4.9684,36.4782],[-4.96817,36.4784],[-4.96798,36.4786],[-4.96774,36.4788],[-4.96745,36.479],[-4.96728,36.4792],[-4.96704,36.4794],[-4.9668,36.47955],[-4.9666,36.47969],[-4.9664,36.47993],[-4.9662,36.48014],[-4.9658,36.4802],[-4.9656,36.4804],[-4.9654,36.48059],[-4.9652,36.4807],[-4.965,36.4808],[-4.9646,36.48096],[-4.9644,36.48104],[-4.964,36.48115],[-4.9638,36.48124],[-4.96344,36.4814],[-4.96332,36.4814],[-4.963,36.48121],[-4.9628,36.48114],[-4.9625,36.4812],[-4.96234,36.4814],[-4.9622,36.48177],[-4.962,36.48181],[-4.9616,36.48181],[-4.9614,36.48173],[-4.961,36.4818],[-4.96098,36.482],[-4.96107,36.4822],[-4.96095,36.4824],[-4.9606,36.48254],[-4.96037,36.4826],[-4.96,36.48275],[-4.9598,36.48283],[-4.9594,36.48291],[-4.9592,36.48301],[-4.9588,36.48318],[-4.9586,36.48327],[-4.9582,36.48337],[-4.958,36.48341],[-4.9578,36.4834],[-4.9574,36.48337],[-4.9572,36.48342],[-4.95684,36.4836],[-4.9566,36.48364],[-4.9562,36.48366],[-4.9558,36.48366],[-4.9554,36.48366],[-4.955,36.48374],[-4.9546,36.48376],[-4.95424,36.4838],[-4.954,36.48387],[-4.9536,36.48389],[-4.9532,36.48385],[-4.9529,36.4838],[-4.95311,36.4836],[-4.9534,36.48352],[-4.9538,36.48352],[-4.9542,36.48353],[-4.9546,36.48354],[-4.955,36.48347],[-4.9552,36.48339],[-4.95536,36.483],[-4.95516,36.4828],[-4.9548,36.48274],[-4.9544,36.48279],[-4.9542,36.48282],[-4.9538,36.48281],[-4.95352,36.4828],[-4.9532,36.48277],[-4.953,36.48282],[-4.9526,36.48291],[-4.95232,36.483],[-4.952,36.48315],[-4.9518,36.48328],[-4.9516,36.48342],[-4.9512,36.4836],[-4.951,36.48369],[-4.9508,36.48381],[-4.95055,36.484],[-4.95023,36.4842],[-4.95,36.48435],[-4.9498,36.48457],[-4.94961,36.4848],[-4.94944,36.485],[-4.94928,36.4852],[-4.94911,36.4854],[-4.94895,36.4856],[-4.94878,36.4858],[-4.9486,36.48607],[-4.94842,36.4864],[-4.94825,36.4866],[-4.948,36.48677],[-4.9478,36.48695],[-4.9476,36.48714],[-4.9474,36.48731],[-4.9472,36.48749],[-4.94701,36.4878],[-4.94687,36.488],[-4.94667,36.4882],[-4.94645,36.4884],[-4.94627,36.4886],[-4.9461,36.4888],[-4.94587,36.489],[-4.94567,36.4892],[-4.94549,36.4894],[-4.94528,36.4896],[-4.94505,36.4898],[-4.94484,36.49],[-4.94463,36.4902],[-4.9444,36.49036],[-4.9442,36.4905],[-4.944,36.49068],[-4.9438,36.49083],[-4.9437,36.4912],[-4.9438,36.49146],[-4.94382,36.4918],[-4.9436,36.49194],[-4.9432,36.49195],[-4.943,36.4921],[-4.9428,36.49233],[-4.94261,36.4926],[-4.94247,36.4928],[-4.94221,36.493],[-4.942,36.4931],[-4.9418,36.49321],[-4.9416,36.49345],[-4.9414,36.49371],[-4.9412,36.49396],[-4.941,36.49415],[-4.9408,36.49429],[-4.9406,36.49443],[-4.94035,36.4946],[-4.94007,36.4948],[-4.93981,36.495],[-4.9396,36.49517],[-4.9394,36.49533],[-4.9392,36.49549],[-4.939,36.49564],[-4.93878,36.4958],[-4.93851,36.496],[-4.93822,36.4962],[-4.938,36.49632],[-4.9378,36.49641],[-4.9374,36.49655],[-4.9372,36.49662],[-4.9368,36.49674],[-4.93658,36.4968],[-4.9362,36.49693],[-4.936,36.49701],[-4.9356,36.49717],[-4.9354,36.49725],[-4.93503,36.4974],[-4.9348,36.4975],[-4.93456,36.4976],[-4.9342,36.49776],[-4.934,36.49785],[-4.93367,36.498],[-4.9334,36.49811],[-4.933,36.49808],[-4.9326,36.49807],[-4.9322,36.49808],[-4.9318,36.49809],[-4.9314,36.4981],[-4.931,36.49811],[-4.9306,36.49813],[-4.9302,36.49813],[-4.9298,36.49813],[-4.9294,36.49813],[-4.929,36.49813],[-4.9286,36.49813],[-4.9282,36.49813],[-4.9278,36.49808],[-4.9274,36.49805],[-4.927,36.49802],[-4.92671,36.498],[-4.9264,36.49799],[-4.926,36.49799],[-4.9256,36.49794],[-4.9252,36.49795],[-4.925,36.49805],[-4.92479,36.4982],[-4.9244,36.49835],[-4.9242,36.49841],[-4.9238,36.49852],[-4.92349,36.4986],[-4.9232,36.49867],[-4.9228,36.49878],[-4.9226,36.49883],[-4.9222,36.49894],[-4.922,36.49901],[-4.9216,36.49918],[-4.9214,36.49927],[-4.92113,36.4994],[-4.9208,36.49957],[-4.9206,36.49966],[-4.9203,36.4998],[-4.92,36.49994],[-4.9198,36.50002],[-4.9194,36.50018],[-4.9192,36.50027],[-4.91896,36.5004],[-4.91866,36.5006],[-4.9184,36.50077],[-4.9182,36.50092],[-4.918,36.50108],[-4.9178,36.50124],[-4.9176,36.5014],[-4.91729,36.5016],[-4.917,36.50179],[-4.9168,36.50192],[-4.9166,36.50205],[-4.9163,36.5022],[-4.916,36.50235],[-4.9158,36.50245],[-4.9155,36.5026],[-4.9152,36.50275],[-4.915,36.50286],[-4.91475,36.503],[-4.9144,36.50317],[-4.9142,36.50327],[-4.91397,36.5034],[-4.9136,36.50356],[-4.9134,36.50362],[-4.913,36.50377],[-4.9128,36.50385],[-4.91248,36.504],[-4.9122,36.5041],[-4.91189,36.5042],[-4.9116,36.50428],[-4.9112,36.50434],[-4.9108,36.50439],[-4.9106,36.50441],[-4.9102,36.5044],[-4.91,36.50439],[-4.9096,36.50438],[-4.9092,36.50438],[-4.9088,36.50438],[-4.9084,36.50437],[-4.908,36.50436],[-4.9076,36.50438],[-4.90737,36.5044],[-4.907,36.50446],[-4.9066,36.50448],[-4.9062,36.50449],[-4.9058,36.50457],[-4.9056,36.5046],[-4.9054,36.50458],[-4.90513,36.5046],[-4.9048,36.50465],[-4.9044,36.50467],[-4.904,36.50463],[-4.9036,36.50466],[-4.9032,36.50466],[-4.9028,36.50464],[-4.9024,36.50467],[-4.902,36.50467],[-4.9016,36.50472],[-4.9012,36.50478],[-4.901,36.50481],[-4.9006,36.50487],[-4.9002,36.505],[-4.9,36.50504],[-4.8996,36.50503],[-4.8992,36.50513],[-4.89885,36.5052],[-4.89874,36.5052],[-4.8985,36.5052],[-4.8982,36.50529],[-4.8978,36.50532],[-4.8974,36.50535],[-4.8972,36.5054],[-4.897,36.50539],[-4.8966,36.50539],[-4.8964,36.50541],[-4.89613,36.5054],[-4.8958,36.50538],[-4.8954,36.50537],[-4.895,36.50535],[-4.8946,36.50526],[-4.8944,36.50519],[-4.894,36.50504],[-4.8938,36.50496],[-4.8934,36.50488],[-4.89301,36.505],[-4.89297,36.505],[-4.8926,36.50492],[-4.89224,36.5048],[-4.892,36.50466],[-4.8918,36.50457],[-4.8914,36.50448],[-4.891,36.50447],[-4.89064,36.5044],[-4.8904,36.5044],[-4.8904,36.5044],[-4.89,36.50437],[-4.8896,36.50433],[-4.8892,36.50429],[-4.8888,36.50423],[-4.8886,36.50418],[-4.8882,36.50408],[-4.8878,36.50404],[-4.8874,36.50413],[-4.887,36.50416],[-4.8868,36.50421],[-4.88645,36.5044],[-4.8862,36.50449],[-4.886,36.50462],[-4.8856,36.5048],[-4.8852,36.50468],[-4.88497,36.5046],[-4.8846,36.50444],[-4.88442,36.5042],[-4.8842,36.50406],[-4.8838,36.50409],[-4.8836,36.50428],[-4.88344,36.5046],[-4.88325,36.5048],[-4.88302,36.505],[-4.88293,36.505],[-4.88275,36.5048],[-4.8824,36.50478],[-4.8824,36.50483],[-4.88243,36.5052],[-4.8822,36.50528],[-4.8818,36.5053],[-4.88144,36.5052],[-4.8812,36.5051],[-4.8808,36.50515],[-4.88061,36.5054],[-4.8804,36.50548],[-4.88,36.50545],[-4.8796,36.50553],[-4.8792,36.50542],[-4.87885,36.5054],[-4.8786,36.50539],[-4.8782,36.50527],[-4.87797,36.5052],[-4.8776,36.50508],[-4.8772,36.50503],[-4.877,36.50496],[-4.8766,36.50486],[-4.8762,36.50484],[-4.876,36.50477],[-4.8756,36.50469],[-4.8754,36.50458],[-4.8752,36.50462],[-4.875,36.50458],[-4.8746,36.50451],[-4.8742,36.50448],[-4.8738,36.5045],[-4.8734,36.50454],[-4.873,36.50458],[-4.8728,36.50466],[-4.87247,36.5048],[-4.8722,36.50491],[-4.87194,36.505],[-4.8716,36.50512],[-4.8714,36.5052],[-4.871,36.50534],[-4.8708,36.50543],[-4.8704,36.50554],[-4.87,36.50558],[-4.86977,36.5056],[-4.8694,36.50567],[-4.869,36.50566],[-4.8686,36.50569],[-4.8682,36.50572],[-4.8678,36.50573],[-4.8674,36.50572],[-4.867,36.50576],[-4.8666,36.50578],[-4.8662,36.50577],[-4.86586,36.5058],[-4.8656,36.50581],[-4.8654,36.50579],[-4.86504,36.5058],[-4.8648,36.50581],[-4.8644,36.50581],[-4.8642,36.50578],[-4.8638,36.50576],[-4.8634,36.50567],[-4.863,36.50571],[-4.8626,36.5057],[-4.8622,36.5057],[-4.8618,36.50567],[-4.8614,36.50565],[-4.861,36.50561],[-4.8608,36.50558],[-4.8604,36.50554],[-4.86,36.50549],[-4.8596,36.50544],[-4.85936,36.5054],[-4.859,36.50535],[-4.8586,36.50532],[-4.8582,36.50526],[-4.85783,36.5052],[-4.8576,36.50516],[-4.8572,36.50509],[-4.8568,36.50503],[-4.8566,36.50499],[-4.8562,36.50491],[-4.8558,36.50484],[-4.85559,36.5048],[-4.8552,36.50471],[-4.8548,36.5046],[-4.8546,36.50454],[-4.8542,36.50444],[-4.854,36.50439],[-4.8536,36.50431],[-4.8532,36.50423],[-4.853,36.50418],[-4.8526,36.50407],[-4.85229,36.504],[-4.852,36.50392],[-4.8516,36.50381],[-4.8514,36.50376],[-4.851,36.50366],[-4.8508,36.50359],[-4.8504,36.50346],[-4.85018,36.5034],[-4.8498,36.50328],[-4.84955,36.5032],[-4.8492,36.5031],[-4.84884,36.503],[-4.8486,36.5029],[-4.84831,36.5028],[-4.848,36.50271],[-4.84772,36.5026],[-4.8474,36.50248],[-4.8472,36.5024],[-4.8468,36.50224],[-4.8466,36.50217],[-4.8462,36.50202],[-4.846,36.50194],[-4.84562,36.5018],[-4.8454,36.50173],[-4.845,36.5016],[-4.8448,36.50155],[-4.8444,36.50146],[-4.84416,36.5014],[-4.8438,36.50129],[-4.84348,36.5012],[-4.8432,36.50113],[-4.8428,36.50104],[-4.8426,36.50099],[-4.8422,36.5009],[-4.8418,36.50083],[-4.8416,36.5008],[-4.8412,36.50073],[-4.8408,36.50066],[-4.84045,36.5006],[-4.8402,36.50055],[-4.8398,36.50047],[-4.83945,36.5004],[-4.8392,36.50033],[-4.8388,36.5002],[-4.8386,36.50014],[-4.8382,36.50008],[-4.83788,36.5],[-4.8376,36.49994],[-4.8372,36.49986],[-4.83694,36.4998],[-4.8366,36.49973],[-4.8362,36.49965],[-4.83597,36.4996],[-4.8356,36.49951],[-4.8352,36.49944],[-4.835,36.49939],[-4.8346,36.4993],[-4.8342,36.49923],[-4.834,36.4992],[-4.8336,36.49912],[-4.8332,36.49905],[-4.83285,36.499],[-4.8326,36.49895],[-4.8322,36.49889],[-4.8318,36.49884],[-4.83155,36.4988],[-4.8312,36.49874],[-4.8308,36.49869],[-4.8304,36.49863],[-4.83013,36.4986],[-4.8298,36.49856],[-4.8294,36.49847],[-4.82915,36.4984],[-4.8288,36.49835],[-4.8284,36.49831],[-4.828,36.49824],[-4.8276,36.4982],[-4.8274,36.49817],[-4.827,36.49809],[-4.8266,36.49804],[-4.8262,36.49804],[-4.8258,36.49802],[-4.82553,36.498],[-4.8252,36.49793],[-4.8248,36.49782],[-4.8246,36.49777],[-4.8242,36.4977],[-4.82386,36.4976],[-4.8236,36.49749],[-4.8232,36.4974],[-4.823,36.49736],[-4.8226,36.49734],[-4.8222,36.49734],[-4.8218,36.49733],[-4.8214,36.49731],[-4.821,36.49726],[-4.82064,36.4972],[-4.8204,36.49717],[-4.82,36.49713],[-4.8196,36.49708],[-4.8192,36.497],[-4.819,36.49696],[-4.8186,36.49689],[-4.8182,36.4968],[-4.818,36.49677],[-4.8176,36.49677],[-4.8172,36.49674],[-4.8168,36.49667],[-4.81656,36.4966],[-4.8162,36.49652],[-4.8158,36.49644],[-4.81559,36.4964],[-4.8152,36.49633],[-4.8148,36.49627],[-4.81442,36.4962],[-4.8142,36.49615],[-4.8138,36.49607],[-4.81345,36.496],[-4.8132,36.49594],[-4.8128,36.49584],[-4.8126,36.49578],[-4.8122,36.49568],[-4.81187,36.4956],[-4.8116,36.49553],[-4.8112,36.49543],[-4.811,36.49538],[-4.8106,36.49529],[-4.81023,36.4952],[-4.81,36.49515],[-4.8096,36.49505],[-4.8094,36.495],[-4.809,36.4949],[-4.8086,36.49481],[-4.8084,36.49475],[-4.808,36.49464],[-4.80777,36.4946],[-4.8074,36.49451],[-4.807,36.49441],[-4.8068,36.49437],[-4.8064,36.49427],[-4.80614,36.4942],[-4.8058,36.49411],[-4.80548,36.494],[-4.8052,36.49392],[-4.8048,36.49384],[-4.8046,36.49379],[-4.8042,36.4937],[-4.80383,36.4936],[-4.8036,36.49355],[-4.8032,36.49345],[-4.80298,36.4934],[-4.8026,36.4933],[-4.8022,36.4932],[-4.802,36.49314],[-4.8016,36.49303],[-4.8014,36.49297],[-4.801,36.49287],[-4.80071,36.4928],[-4.8004,36.49273],[-4.8,36.49263],[-4.7998,36.49258],[-4.7994,36.49246],[-4.79912,36.4924],[-4.7988,36.49232],[-4.7984,36.49221],[-4.7982,36.49216],[-4.7978,36.49205],[-4.7976,36.49199],[-4.7972,36.49189],[-4.79695,36.4918],[-4.7966,36.49172],[-4.7962,36.49166],[-4.79595,36.4916],[-4.7956,36.4915],[-4.79522,36.4914],[-4.795,36.49135],[-4.7946,36.49125],[-4.7944,36.4912],[-4.794,36.49111],[-4.7936,36.49101],[-4.7934,36.49096],[-4.793,36.49086],[-4.79274,36.4908],[-4.7924,36.49072],[-4.792,36.49063],[-4.7918,36.49059],[-4.7914,36.4905],[-4.791,36.49042],[-4.7908,36.49037],[-4.7904,36.49028],[-4.79009,36.4902],[-4.7898,36.49014],[-4.7894,36.49005],[-4.7892,36.48998],[-4.7888,36.48987],[-4.78852,36.4898],[-4.7882,36.48972],[-4.7878,36.48962],[-4.7876,36.48957],[-4.7872,36.48946],[-4.787,36.4894],[-4.7866,36.4893],[-4.78621,36.4892],[-4.786,36.48914],[-4.7856,36.48904],[-4.7854,36.489],[-4.785,36.48889],[-4.78468,36.4888],[-4.7844,36.48872],[-4.784,36.4886],[-4.7838,36.48855],[-4.7834,36.48845],[-4.7832,36.48839],[-4.7828,36.48826],[-4.78242,36.4882],[-4.7822,36.48815],[-4.7818,36.48804],[-4.7816,36.48798],[-4.7812,36.4879],[-4.78087,36.4878],[-4.7806,36.48771],[-4.7802,36.48762],[-4.78,36.48758],[-4.7796,36.48746],[-4.7794,36.4874],[-4.779,36.48732],[-4.77862,36.4872],[-4.7784,36.48713],[-4.778,36.48706],[-4.77778,36.487],[-4.7774,36.48684],[-4.7772,36.48678],[-4.7768,36.48672],[-4.7764,36.48664],[-4.7762,36.48659],[-4.7758,36.48653],[-4.7754,36.48644],[-4.7752,36.48639],[-4.7748,36.48626],[-4.77455,36.4862],[-4.7742,36.48612],[-4.77395,36.486],[-4.7736,36.48582],[-4.77337,36.4858],[-4.773,36.48578],[-4.7726,36.48571],[-4.7722,36.48565],[-4.77198,36.4856],[-4.7716,36.48546],[-4.7714,36.4854],[-4.771,36.48524],[-4.7708,36.4852],[-4.77045,36.4852],[-4.7702,36.48522],[-4.7698,36.48522],[-4.76958,36.4852],[-4.7692,36.48511],[-4.7688,36.48503],[-4.7684,36.48508],[-4.768,36.48509],[-4.7676,36.48518],[-4.7672,36.48517],[-4.7668,36.48505],[-4.7666,36.4849],[-4.7664,36.48474],[-4.76612,36.4846],[-4.7658,36.48446],[-4.7654,36.48441],[-4.76501,36.4844],[-4.7648,36.48437],[-4.7644,36.48435],[-4.764,36.4842],[-4.7638,36.48413],[-4.7634,36.48411],[-4.763,36.48413],[-4.7626,36.48403],[-4.76236,36.484],[-4.762,36.48393],[-4.7616,36.48388],[-4.7612,36.48395],[-4.76084,36.4838],[-4.7606,36.48362],[-4.7602,36.48379],[-4.76,36.48384],[-4.75967,36.4838],[-4.7594,36.48367],[-4.7592,36.48357],[-4.7589,36.4834],[-4.7586,36.48331],[-4.7582,36.4833],[-4.75784,36.4832],[-4.75778,36.4832],[-4.75753,36.4834],[-4.75728,36.4834],[-4.757,36.48323],[-4.7568,36.48317],[-4.7564,36.48312],[-4.756,36.48314],[-4.7556,36.48301],[-4.7554,36.48294],[-4.755,36.48284],[-4.7548,36.4828],[-4.7544,36.48266],[-4.7542,36.48257],[-4.75384,36.4824],[-4.75375,36.4824],[-4.75346,36.4826],[-4.75334,36.4828],[-4.7532,36.48304],[-4.75297,36.483],[-4.7528,36.48266],[-4.7526,36.48246],[-4.7524,36.48236],[-4.75209,36.4822],[-4.7518,36.48216],[-4.7514,36.48205],[-4.75107,36.482],[-4.7508,36.4819],[-4.7505,36.4818],[-4.7502,36.48171],[-4.74998,36.4816],[-4.7496,36.48142],[-4.7494,36.48134],[-4.749,36.48123],[-4.7488,36.48113],[-4.74858,36.481],[-4.7482,36.48084],[-4.7478,36.48084],[-4.74749,36.4808],[-4.7472,36.48071],[-4.7468,36.4806],[-4.7466,36.48054],[-4.7464,36.48034],[-4.746,36.48024],[-4.7458,36.48014],[-4.74541,36.48],[-4.7454,36.48],[-4.745,36.48005],[-4.7448,36.47995],[-4.74475,36.4796],[-4.7444,36.47945],[-4.744,36.47957],[-4.7438,36.4797],[-4.7434,36.47974],[-4.743,36.47975],[-4.7426,36.47971],[-4.7424,36.47959],[-4.742,36.47953],[-4.7416,36.47956],[-4.7414,36.47966],[-4.741,36.47975],[-4.7408,36.47993],[-4.7406,36.4801],[-4.7404,36.48022],[-4.74,36.48021],[-4.73974,36.4802],[-4.7394,36.48018],[-4.7392,36.4802],[-4.7388,36.48028],[-4.73849,36.4804],[-4.7382,36.48058],[-4.73803,36.4808],[-4.7378,36.48095],[-4.7376,36.481],[-4.7376,36.48139],[-4.7376,36.48145],[-4.7374,36.4818],[-4.7372,36.48185],[-4.7368,36.482],[-4.7368,36.48224],[-4.7366,36.48255],[-4.73624,36.4826],[-4.73608,36.4828],[-4.73592,36.483],[-4.73572,36.4832],[-4.7354,36.48331],[-4.7352,36.48348],[-4.735,36.48365],[-4.7346,36.48373],[-4.7344,36.4838],[-4.734,36.48391],[-4.73376,36.484],[-4.7334,36.48407],[-4.733,36.48411],[-4.73273,36.4842],[-4.7324,36.48433],[-4.7322,36.48442],[-4.7318,36.4846],[-4.7316,36.48464],[-4.7312,36.4847],[-4.7308,36.48477],[-4.7306,36.4848],[-4.7302,36.48485],[-4.72982,36.4848],[-4.7296,36.48475],[-4.7292,36.48468],[-4.72884,36.4846],[-4.7286,36.48457],[-4.7282,36.48457],[-4.7278,36.48456],[-4.7274,36.48453],[-4.727,36.48451],[-4.7266,36.48452],[-4.7262,36.48451],[-4.7258,36.48447],[-4.7254,36.48453],[-4.725,36.4846],[-4.7248,36.48461],[-4.7244,36.48461],[-4.724,36.48462],[-4.7236,36.48465],[-4.7232,36.4846],[-4.723,36.48457],[-4.7226,36.48458],[-4.7222,36.48458],[-4.722,36.48461],[-4.72164,36.4846],[-4.7214,36.48452],[-4.72101,36.4844],[-4.7208,36.48435],[-4.7204,36.48429],[-4.72009,36.4842],[-4.72,36.48417]]}},{"type":"Feature","properties":{"prof":5,"principal":false},"geometry":{"type":"LineString","coordinates":[[-4.73425,36.4826],[-4.734,36.48251],[-4.7336,36.48251],[-4.7332,36.48248],[-4.7328,36.48257],[-4.7326,36.48261],[-4.7326,36.48283],[-4.7328,36.48268],[-4.73301,36.4828],[-4.7334,36.48285],[-4.7338,36.48285],[-4.7342,36.48281],[-4.73425,36.4826],[-4.73425,36.4826]]}},{"type":"Feature","properties":{"prof":5,"principal":false},"geometry":{"type":"LineString","coordinates":[[-4.9524,36.48437],[-4.95256,36.4846],[-4.95274,36.4848],[-4.95292,36.485],[-4.95304,36.4852],[-4.953,36.48545],[-4.9528,36.48564],[-4.9524,36.48572],[-4.952,36.48579],[-4.95166,36.4856],[-4.9518,36.48538],[-4.952,36.48501],[-4.95209,36.4848],[-4.95226,36.4846],[-4.9524,36.48437],[-4.9524,36.48437]]}},{"type":"Feature","properties":{"prof":5,"principal":false},"geometry":{"type":"LineString","coordinates":[[-4.94343,36.49],[-4.9432,36.48999],[-4.9432,36.49002],[-4.9434,36.4904],[-4.9436,36.49047],[-4.94361,36.4902],[-4.94343,36.49],[-4.94343,36.49]]}},{"type":"Feature","properties":{"prof":10,"principal":true},"geometry":{"type":"LineString","coordinates":[[-5.08,36.44423],[-5.0798,36.44456],[-5.0796,36.44466],[-5.0792,36.4448],[-5.079,36.44487],[-5.0786,36.44499],[-5.0784,36.44503],[-5.078,36.44513],[-5.07765,36.4452],[-5.0774,36.44523],[-5.077,36.44526],[-5.0766,36.44529],[-5.0762,36.44532],[-5.0758,36.44535],[-5.0754,36.44535],[-5.075,36.44534],[-5.0746,36.44534],[-5.0742,36.44534],[-5.0738,36.44534],[-5.0734,36.44534],[-5.073,36.44527],[-5.07272,36.4452],[-5.0724,36.44511],[-5.07204,36.445],[-5.0718,36.44493],[-5.0714,36.44482],[-5.0712,36.44476],[-5.0708,36.44465],[-5.0706,36.44459],[-5.0702,36.44457],[-5.07,36.44461],[-5.0696,36.4447],[-5.0692,36.44478],[-5.069,36.44485],[-5.06867,36.445],[-5.0684,36.44514],[-5.0682,36.44524],[-5.06787,36.4454],[-5.0676,36.44552],[-5.0672,36.4456],[-5.067,36.44563],[-5.0666,36.44568],[-5.0662,36.44573],[-5.0658,36.44579],[-5.0656,36.44581],[-5.0652,36.44586],[-5.0648,36.44588],[-5.0644,36.44591],[-5.064,36.44594],[-5.0636,36.44598],[-5.06333,36.446],[-5.063,36.44603],[-5.0626,36.44606],[-5.0622,36.44609],[-5.0618,36.44609],[-5.0614,36.44605],[-5.061,36.44602],[-5.0606,36.44609],[-5.06031,36.4462],[-5.06,36.44632],[-5.05978,36.4464],[-5.0594,36.44654],[-5.0592,36.44661],[-5.0588,36.44673],[-5.0584,36.44679],[-5.0582,36.44681],[-5.0578,36.44685],[-5.0574,36.44689],[-5.057,36.44693],[-5.0566,36.44697],[-5.0564,36.44701],[-5.056,36.44717],[-5.0558,36.44725],[-5.0554,36.4474],[-5.0552,36.44742],[-5.0548,36.44746],[-5.0544,36.44749],[-5.054,36.44753],[-5.0536,36.44756],[-5.05325,36.4476],[-5.053,36.44763],[-5.0526,36.44768],[-5.0522,36.44773],[-5.0518,36.44778],[-5.0516,36.44781],[-5.0512,36.44786],[-5.0508,36.44782],[-5.05051,36.448],[-5.0502,36.44819],[-5.05,36.44832],[-5.0498,36.44842],[-5.04948,36.4486],[-5.0492,36.44878],[-5.049,36.44891],[-5.0488,36.44902],[-5.04851,36.4492],[-5.0482,36.44934],[-5.048,36.44941],[-5.0476,36.44958],[-5.0474,36.44967],[-5.04711,36.4498],[-5.0468,36.44993],[-5.0466,36.45002],[-5.0462,36.45018],[-5.046,36.45026],[-5.04566,36.4504],[-5.0454,36.45051],[-5.0452,36.4506],[-5.0448,36.45077],[-5.0446,36.45085],[-5.04426,36.451],[-5.044,36.45111],[-5.0438,36.4512],[-5.0434,36.45138],[-5.0432,36.45148],[-5.04295,36.4516],[-5.0426,36.45177],[-5.0424,36.45187],[-5.04212,36.452],[-5.0418,36.45215],[-5.0416,36.45225],[-5.04131,36.4524],[-5.041,36.45256],[-5.0408,36.45265],[-5.04042,36.4528],[-5.0402,36.45289],[-5.03991,36.453],[-5.0396,36.45312],[-5.03928,36.4532],[-5.039,36.45327],[-5.0386,36.45337],[-5.0384,36.45343],[-5.038,36.45356],[-5.0378,36.45362],[-5.0374,36.45374],[-5.0372,36.4538],[-5.0368,36.45393],[-5.0366,36.454],[-5.0362,36.45414],[-5.036,36.45421],[-5.0356,36.45435],[-5.0354,36.45441],[-5.035,36.45452],[-5.03468,36.4546],[-5.0344,36.45467],[-5.034,36.45477],[-5.0338,36.45482],[-5.0334,36.45491],[-5.033,36.455],[-5.0328,36.45504],[-5.0324,36.45514],[-5.03212,36.4552],[-5.0318,36.45527],[-5.0314,36.45536],[-5.0312,36.45541],[-5.0308,36.45546],[-5.0304,36.45551],[-5.03,36.45556],[-5.02968,36.4556],[-5.0294,36.45563],[-5.029,36.45568],[-5.0286,36.45573],[-5.0282,36.45572],[-5.0278,36.45567],[-5.0274,36.45563],[-5.02716,36.4556],[-5.0268,36.45556],[-5.0264,36.45551],[-5.026,36.45547],[-5.0256,36.45543],[-5.0252,36.45544],[-5.0248,36.45545],[-5.0244,36.45546],[-5.024,36.45547],[-5.0236,36.45547],[-5.0232,36.45548],[-5.0228,36.45547],[-5.0224,36.45545],[-5.022,36.45543],[-5.0216,36.45541],[-5.02137,36.4554],[-5.021,36.45538],[-5.0206,36.45535],[-5.0202,36.45533],[-5.0198,36.4553],[-5.0194,36.45526],[-5.019,36.45522],[-5.0188,36.4552],[-5.0184,36.45516],[-5.018,36.45511],[-5.0176,36.45507],[-5.01727,36.455],[-5.017,36.4549],[-5.01676,36.4548],[-5.0164,36.45467],[-5.01619,36.4546],[-5.0158,36.4545],[-5.01543,36.4544],[-5.0152,36.45434],[-5.0148,36.45423],[-5.0146,36.45417],[-5.0142,36.45412],[-5.0138,36.45407],[-5.0134,36.45403],[-5.01315,36.454],[-5.0128,36.45396],[-5.0124,36.45392],[-5.012,36.45388],[-5.0116,36.45389],[-5.0112,36.45399],[-5.011,36.45404],[-5.0106,36.45414],[-5.01038,36.4542],[-5.01,36.45431],[-5.00968,36.4544],[-5.0094,36.45448],[-5.009,36.4546],[-5.0088,36.45466],[-5.0084,36.45477],[-5.0082,36.45483],[-5.0078,36.45496],[-5.0076,36.45502],[-5.0072,36.45514],[-5.007,36.4552],[-5.0066,36.45532],[-5.00634,36.4554],[-5.006,36.45549],[-5.0056,36.45558],[-5.0054,36.45563],[-5.005,36.45573],[-5.00473,36.4558],[-5.0044,36.45588],[-5.004,36.45598],[-5.0038,36.45603],[-5.00343,36.4562],[-5.00321,36.4564],[-5.00302,36.4566],[-5.00284,36.4568],[-5.00266,36.457],[-5.00248,36.4572],[-5.00228,36.4574],[-5.0021,36.4576],[-5.0019,36.4578],[-5.00167,36.458],[-5.00142,36.4582],[-5.0012,36.45839],[-5.001,36.45856],[-5.0008,36.45874],[-5.0006,36.45891],[-5.00035,36.459],[-5.0,36.45904],[-4.9996,36.45905],[-4.9992,36.45906],[-4.9988,36.45906],[-4.9984,36.45906],[-4.998,36.45907],[-4.99769,36.4592],[-4.9974,36.4594],[-4.9972,36.45953],[-4.997,36.45967],[-4.99679,36.4598],[-4.99643,36.46],[-4.9962,36.46013],[-4.996,36.46025],[-4.99575,36.4604],[-4.99541,36.4606],[-4.9952,36.46072],[-4.995,36.46083],[-4.99463,36.461],[-4.9944,36.46118],[-4.99423,36.4614],[-4.99407,36.4616],[-4.99388,36.4618],[-4.9937,36.462],[-4.99353,36.4622],[-4.99336,36.4624],[-4.99318,36.4626],[-4.99299,36.4628],[-4.9928,36.46303],[-4.9926,36.46326],[-4.9924,36.46348],[-4.9922,36.46369],[-4.992,36.46384],[-4.99167,36.464],[-4.9914,36.46413],[-4.9912,36.46423],[-4.99082,36.4644],[-4.9906,36.4645],[-4.99038,36.4646],[-4.99,36.46479],[-4.9898,36.46488],[-4.98956,36.465],[-4.9892,36.46514],[-4.98895,36.4652],[-4.9886,36.46528],[-4.9882,36.46539],[-4.988,36.46549],[-4.9878,36.46563],[-4.9876,36.46581],[-4.98738,36.466],[-4.98713,36.4662],[-4.98689,36.4664],[-4.98669,36.4666],[-4.98652,36.4668],[-4.98636,36.467],[-4.98604,36.4672],[-4.9858,36.46734],[-4.9856,36.46745],[-4.98533,36.4676],[-4.985,36.46778],[-4.9848,36.46789],[-4.98458,36.468],[-4.98422,36.4682],[-4.984,36.46832],[-4.9838,36.46843],[-4.9835,36.4686],[-4.9832,36.46874],[-4.983,36.46884],[-4.98268,36.469],[-4.9824,36.46915],[-4.9822,36.46925],[-4.98192,36.4694],[-4.9816,36.46956],[-4.9814,36.46966],[-4.98106,36.4698],[-4.9808,36.4699],[-4.98051,36.47],[-4.9802,36.47011],[-4.97996,36.4702],[-4.9796,36.47033],[-4.97934,36.4704],[-4.979,36.47056],[-4.9788,36.47072],[-4.9786,36.47086],[-4.97832,36.471],[-4.978,36.47108],[-4.9776,36.47117],[-4.9774,36.47129],[-4.9772,36.47148],[-4.977,36.47166],[-4.97693,36.4714],[-4.97682,36.471],[-4.97675,36.471],[-4.9764,36.47111],[-4.976,36.47113],[-4.9756,36.47109],[-4.9752,36.47109],[-4.97499,36.4712],[-4.97481,36.4716],[-4.9746,36.47173],[-4.9744,36.47184],[-4.9742,36.47201],[-4.97409,36.4724],[-4.974,36.47269],[-4.97393,36.473],[-4.9738,36.47326],[-4.9736,36.47354],[-4.9734,36.47369],[-4.97314,36.4738],[-4.97282,36.474],[-4.9726,36.47418],[-4.9722,36.47418],[-4.9718,36.47408],[-4.97144,36.474],[-4.9712,36.47393],[-4.97084,36.4738],[-4.9706,36.47372],[-4.9702,36.47367],[-4.9698,36.47366],[-4.9694,36.47367],[-4.969,36.47374],[-4.9686,36.47368],[-4.9682,36.47362],[-4.9678,36.47377],[-4.9676,36.4739],[-4.9674,36.47406],[-4.9672,36.47426],[-4.967,36.47456],[-4.967,36.47466],[-4.96708,36.475],[-4.96718,36.4754],[-4.9672,36.4756],[-4.96712,36.4758],[-4.96686,36.476],[-4.9666,36.47617],[-4.9664,36.47629],[-4.96616,36.4764],[-4.9658,36.47657],[-4.9656,36.47669],[-4.96535,36.4768],[-4.965,36.47696],[-4.9648,36.47708],[-4.9646,36.47722],[-4.96437,36.4774],[-4.96409,36.4776],[-4.96382,36.4778],[-4.9636,36.47794],[-4.9634,36.47802],[-4.963,36.47818],[-4.9628,36.47827],[-4.9624,36.47837],[-4.96217,36.4784],[-4.9618,36.47859],[-4.9616,36.47872],[-4.9614,36.4788],[-4.961,36.47893],[-4.9606,36.47894],[-4.9604,36.47904],[-4.9602,36.47921],[-4.9598,36.47931],[-4.9594,36.47939],[-4.9592,36.47953],[-4.959,36.47965],[-4.95872,36.4798],[-4.9584,36.4799],[-4.95806,36.48],[-4.9578,36.48003],[-4.9574,36.48014],[-4.9572,36.48036],[-4.957,36.48057],[-4.9568,36.48064],[-4.95648,36.4808],[-4.9562,36.48095],[-4.956,36.48103],[-4.95565,36.4812],[-4.95549,36.4814],[-4.9553,36.4816],[-4.955,36.48172],[-4.95476,36.4818],[-4.9544,36.48188],[-4.95405,36.482],[-4.9538,36.48212],[-4.9534,36.48216],[-4.9532,36.48221],[-4.9528,36.48235],[-4.9526,36.4824],[-4.9522,36.48247],[-4.95185,36.4826],[-4.9516,36.48268],[-4.9512,36.48274],[-4.9508,36.48279],[-4.9506,36.48283],[-4.9502,36.48291],[-4.94982,36.483],[-4.9496,36.48308],[-4.94929,36.4832],[-4.949,36.48333],[-4.9486,36.48337],[-4.9482,36.48339],[-4.948,36.4835],[-4.94762,36.4836],[-4.9474,36.48369],[-4.9472,36.48382],[-4.9468,36.48395],[-4.9466,36.48413],[-4.9465,36.4844],[-4.9464,36.48463],[-4.9462,36.4848],[-4.94598,36.485],[-4.94578,36.4852],[-4.94555,36.4854],[-4.9455,36.4858],[-4.9456,36.48608],[-4.9458,36.48638],[-4.94596,36.4866],[-4.9458,36.48685],[-4.9456,36.48705],[-4.9454,36.48727],[-4.9452,36.48745],[-4.94499,36.4876],[-4.94474,36.4878],[-4.9445,36.488],[-4.9442,36.48818],[-4.944,36.48827],[-4.94372,36.4884],[-4.9434,36.48858],[-4.9432,36.48867],[-4.94296,36.4888],[-4.94266,36.489],[-4.9424,36.48917],[-4.9422,36.4893],[-4.942,36.48943],[-4.94175,36.4896],[-4.9414,36.48979],[-4.9412,36.48984],[-4.94109,36.4902],[-4.941,36.49053],[-4.94093,36.4908],[-4.94076,36.491],[-4.94058,36.4912],[-4.9404,36.49142],[-4.9402,36.49163],[-4.94,36.49185],[-4.9398,36.49209],[-4.9396,36.4923],[-4.9394,36.49256],[-4.93924,36.4928],[-4.93906,36.493],[-4.9388,36.4932],[-4.93862,36.4934],[-4.9384,36.49347],[-4.93801,36.4936],[-4.9378,36.49369],[-4.93754,36.4938],[-4.93723,36.494],[-4.937,36.49416],[-4.9368,36.49429],[-4.9366,36.49442],[-4.93624,36.4946],[-4.936,36.49469],[-4.9357,36.4948],[-4.9354,36.49492],[-4.93519,36.495],[-4.9348,36.49515],[-4.9346,36.49523],[-4.9342,36.49538],[-4.934,36.49546],[-4.93362,36.4956],[-4.9334,36.4957],[-4.93315,36.4958],[-4.9328,36.49589],[-4.9324,36.49597],[-4.9322,36.49601],[-4.9318,36.49609],[-4.9314,36.49616],[-4.9312,36.4962],[-4.9308,36.49628],[-4.9304,36.49636],[-4.9302,36.49641],[-4.9298,36.4965],[-4.9294,36.49659],[-4.9292,36.49663],[-4.9288,36.49672],[-4.92843,36.4968],[-4.9282,36.49685],[-4.9278,36.49691],[-4.9274,36.49697],[-4.92714,36.497],[-4.9268,36.49704],[-4.9264,36.49709],[-4.926,36.49717],[-4.92568,36.497],[-4.92548,36.4968],[-4.9252,36.4968],[-4.925,36.49687],[-4.92473,36.497],[-4.9244,36.49717],[-4.9242,36.49727],[-4.924,36.4974],[-4.9236,36.49755],[-4.9234,36.49763],[-4.923,36.49778],[-4.9228,36.49785],[-4.9224,36.49795],[-4.9222,36.49802],[-4.9218,36.49818],[-4.9216,36.49826],[-4.92127,36.4984],[-4.921,36.49851],[-4.9208,36.4986],[-4.9204,36.49876],[-4.9202,36.49884],[-4.91982,36.499],[-4.9196,36.4991],[-4.91935,36.4992],[-4.919,36.49934],[-4.9188,36.49942],[-4.9184,36.49958],[-4.9182,36.49965],[-4.9178,36.4998],[-4.9176,36.49988],[-4.91731,36.5],[-4.91702,36.5002],[-4.9168,36.50036],[-4.9166,36.50049],[-4.91637,36.5006],[-4.916,36.50076],[-4.9158,36.50084],[-4.9154,36.50097],[-4.9152,36.50107],[-4.91492,36.5012],[-4.9146,36.50129],[-4.91427,36.5014],[-4.914,36.50148],[-4.9136,36.50159],[-4.9134,36.50165],[-4.913,36.50179],[-4.9128,36.50187],[-4.9124,36.502],[-4.9122,36.50206],[-4.9118,36.50219],[-4.9116,36.50226],[-4.9112,36.5023],[-4.9108,36.5024],[-4.9106,36.50242],[-4.9102,36.50242],[-4.90996,36.5024],[-4.90965,36.5022],[-4.9094,36.50214],[-4.90916,36.5022],[-4.90912,36.5026],[-4.9088,36.50267],[-4.9084,36.50271],[-4.908,36.50272],[-4.9076,36.50278],[-4.90734,36.5028],[-4.907,36.50284],[-4.9066,36.50286],[-4.9062,36.50289],[-4.9058,36.50288],[-4.9054,36.5029],[-4.905,36.50291],[-4.9046,36.50289],[-4.9042,36.50287],[-4.9038,36.50295],[-4.9034,36.5029],[-4.903,36.50286],[-4.9026,36.50293],[-4.9022,36.503],[-4.902,36.50301],[-4.9016,36.50304],[-4.9012,36.50307],[-4.9008,36.50311],[-4.9004,36.50308],[-4.9,36.50308],[-4.8996,36.50303],[-4.8992,36.50309],[-4.8988,36.50311],[-4.8984,36.50305],[-4.898,36.50315],[-4.8976,36.50313],[-4.8972,36.50314],[-4.8968,36.50315],[-4.8964,36.50309],[-4.896,36.50314],[-4.8956,36.50318],[-4.8954,36.50321],[-4.8952,36.50318],[-4.89489,36.5032],[-4.8946,36.50324],[-4.8942,36.50323],[-4.8938,36.50329],[-4.8934,36.50326],[-4.893,36.50329],[-4.8926,36.50327],[-4.8922,36.50323],[-4.89196,36.5032],[-4.8916,36.50312],[-4.8912,36.50309],[-4.89085,36.503],[-4.8906,36.50291],[-4.8902,36.50297],[-4.8898,36.50289],[-4.8894,36.50286],[-4.889,36.50285],[-4.8886,36.50281],[-4.8884,36.5028],[-4.888,36.50279],[-4.88776,36.5028],[-4.8874,36.50282],[-4.88707,36.5028],[-4.8868,36.50273],[-4.88641,36.5026],[-4.8862,36.50253],[-4.8858,36.50255],[-4.8854,36.50256],[-4.885,36.50249],[-4.88467,36.5024],[-4.88441,36.5022],[-4.88422,36.502],[-4.884,36.50187],[-4.8836,36.50184],[-4.88321,36.502],[-4.883,36.50219],[-4.8828,36.50233],[-4.8826,36.5026],[-4.8824,36.50276],[-4.8822,36.50281],[-4.8818,36.50293],[-4.88153,36.503],[-4.8812,36.50306],[-4.8808,36.50304],[-4.8804,36.50307],[-4.88,36.50318],[-4.8798,36.50323],[-4.8794,36.50328],[-4.879,36.50333],[-4.87871,36.5034],[-4.8784,36.5035],[-4.87818,36.5036],[-4.8778,36.5037],[-4.8774,36.50379],[-4.8772,36.5038],[-4.877,36.50379],[-4.87677,36.5038],[-4.8764,36.50386],[-4.876,36.50389],[-4.8756,36.50389],[-4.8752,36.50384],[-4.87492,36.5038],[-4.8746,36.50379],[-4.8742,36.50377],[-4.87381,36.5038],[-4.8736,36.50387],[-4.8732,36.50399],[-4.873,36.50402],[-4.8726,36.50414],[-4.8724,36.50422],[-4.872,36.5043],[-4.8716,36.50434],[-4.87128,36.5044],[-4.871,36.50441],[-4.8706,36.50445],[-4.8702,36.50447],[-4.8698,36.50442],[-4.8696,36.50433],[-4.8692,36.50433],[-4.86896,36.5044],[-4.8686,36.50446],[-4.8682,36.50441],[-4.8678,36.50445],[-4.8674,36.5045],[-4.86704,36.5046],[-4.8668,36.50465],[-4.8664,36.50461],[-4.8662,36.50458],[-4.866,36.50463],[-4.86575,36.5046],[-4.8654,36.50444],[-4.8652,36.5044],[-4.8648,36.50434],[-4.86442,36.5042],[-4.8642,36.50417],[-4.8638,36.50418],[-4.8636,36.50421],[-4.8632,36.50422],[-4.863,36.50418],[-4.8626,36.50412],[-4.8622,36.5041],[-4.8618,36.5041],[-4.8614,36.50406],[-4.86113,36.504],[-4.8608,36.50393],[-4.8604,36.5039],[-4.86,36.50386],[-4.8596,36.50381],[-4.8594,36.5038],[-4.859,36.50376],[-4.8586,36.5037],[-4.8582,36.5036],[-4.858,36.50355],[-4.8576,36.50346],[-4.85732,36.5034],[-4.857,36.50334],[-4.8566,36.50325],[-4.85638,36.5032],[-4.856,36.50312],[-4.8556,36.50303],[-4.8554,36.50297],[-4.855,36.50285],[-4.8548,36.50279],[-4.8544,36.50269],[-4.85405,36.5026],[-4.8538,36.50253],[-4.8534,36.5024],[-4.8532,36.50236],[-4.8528,36.50227],[-4.85251,36.5022],[-4.8522,36.50213],[-4.8518,36.50207],[-4.85145,36.502],[-4.8512,36.50194],[-4.8508,36.50185],[-4.85056,36.5018],[-4.8502,36.50174],[-4.8498,36.50166],[-4.84953,36.5016],[-4.8492,36.50151],[-4.8488,36.50141],[-4.8486,36.50136],[-4.8482,36.50123],[-4.848,36.50116],[-4.8476,36.50105],[-4.8474,36.501],[-4.847,36.50086],[-4.8468,36.5008],[-4.8464,36.5007],[-4.84602,36.5006],[-4.8458,36.50055],[-4.8454,36.50046],[-4.84516,36.5004],[-4.8448,36.50028],[-4.8446,36.5002],[-4.8442,36.50006],[-4.8438,36.50002],[-4.84355,36.5],[-4.8432,36.49996],[-4.8428,36.49988],[-4.8424,36.49981],[-4.8422,36.49978],[-4.8418,36.49971],[-4.8414,36.49964],[-4.84113,36.4996],[-4.8408,36.49954],[-4.8404,36.49946],[-4.8401,36.4994],[-4.8398,36.49934],[-4.8394,36.49924],[-4.8392,36.4992],[-4.8388,36.49912],[-4.8384,36.49902],[-4.8382,36.49899],[-4.8378,36.49892],[-4.8374,36.49883],[-4.8372,36.49878],[-4.8368,36.4987],[-4.8364,36.49861],[-4.8362,36.49856],[-4.8358,36.49847],[-4.83549,36.4984],[-4.8352,36.49832],[-4.8348,36.49822],[-4.8346,36.49818],[-4.8342,36.4981],[-4.8338,36.49801],[-4.8336,36.49796],[-4.8332,36.49787],[-4.8329,36.4978],[-4.8326,36.49774],[-4.8322,36.49765],[-4.832,36.4976],[-4.8316,36.49751],[-4.8312,36.49743],[-4.831,36.49738],[-4.8306,36.49728],[-4.83027,36.4972],[-4.83,36.49714],[-4.8296,36.49704],[-4.8294,36.49698],[-4.829,36.49688],[-4.82875,36.4968],[-4.8284,36.4967],[-4.82807,36.4966],[-4.8278,36.4965],[-4.82746,36.4964],[-4.8272,36.49636],[-4.8268,36.49633],[-4.8264,36.49629],[-4.826,36.49627],[-4.8256,36.49624],[-4.82525,36.4962],[-4.825,36.49614],[-4.8246,36.49605],[-4.82439,36.496],[-4.824,36.49586],[-4.8238,36.49578],[-4.8234,36.4956],[-4.8232,36.49552],[-4.82287,36.4954],[-4.8226,36.49532],[-4.8222,36.49525],[-4.822,36.49515],[-4.8216,36.4951],[-4.8212,36.49509],[-4.8208,36.49508],[-4.8204,36.49508],[-4.82,36.49509],[-4.8196,36.49509],[-4.8192,36.49506],[-4.8188,36.49502],[-4.8184,36.49507],[-4.818,36.4951],[-4.8176,36.4951],[-4.8172,36.49509],[-4.8168,36.49507],[-4.8164,36.49501],[-4.8162,36.49498],[-4.8158,36.49494],[-4.8154,36.49486],[-4.81516,36.4948],[-4.8148,36.49463],[-4.8146,36.49456],[-4.8142,36.49445],[-4.81393,36.4944],[-4.8136,36.49433],[-4.8132,36.49426],[-4.813,36.49417],[-4.8126,36.49403],[-4.8124,36.49396],[-4.812,36.49389],[-4.8116,36.49386],[-4.81139,36.4938],[-4.811,36.49363],[-4.8106,36.49368],[-4.81024,36.4936],[-4.81,36.49345],[-4.8098,36.49339],[-4.8094,36.49332],[-4.809,36.49323],[-4.8088,36.49314],[-4.8086,36.49296],[-4.8084,36.49276],[-4.8081,36.4926],[-4.8078,36.49257],[-4.80759,36.4926],[-4.80732,36.4926],[-4.807,36.49246],[-4.8068,36.49237],[-4.8064,36.49231],[-4.806,36.49227],[-4.80571,36.4922],[-4.80541,36.492],[-4.8052,36.49191],[-4.8048,36.49188],[-4.8044,36.49183],[-4.80419,36.4918],[-4.8038,36.4917],[-4.80343,36.4916],[-4.8032,36.49153],[-4.8028,36.49144],[-4.80258,36.4914],[-4.8022,36.49129],[-4.80182,36.4912],[-4.8016,36.49115],[-4.8012,36.49107],[-4.80084,36.491],[-4.8006,36.49095],[-4.8002,36.49087],[-4.7999,36.4908],[-4.7996,36.49071],[-4.7992,36.4906],[-4.799,36.49054],[-4.7986,36.49042],[-4.7984,36.49036],[-4.798,36.49025],[-4.7978,36.49019],[-4.7974,36.49009],[-4.79713,36.49],[-4.7968,36.48991],[-4.7964,36.48982],[-4.7962,36.48977],[-4.7958,36.48963],[-4.7956,36.48957],[-4.7952,36.48944],[-4.795,36.48939],[-4.7946,36.48929],[-4.79422,36.4892],[-4.794,36.48915],[-4.7936,36.48906],[-4.79336,36.489],[-4.793,36.48889],[-4.79262,36.4888],[-4.7924,36.48875],[-4.792,36.48863],[-4.7918,36.48858],[-4.7914,36.48849],[-4.7911,36.4884],[-4.7908,36.48832],[-4.7904,36.48822],[-4.7902,36.48818],[-4.7898,36.48809],[-4.7894,36.48802],[-4.7892,36.48799],[-4.7888,36.48791],[-4.7884,36.48783],[-4.7882,36.4878],[-4.7878,36.48772],[-4.7874,36.48766],[-4.787,36.48762],[-4.7868,36.48759],[-4.7864,36.48754],[-4.786,36.48744],[-4.7858,36.48735],[-4.7854,36.48731],[-4.785,36.48722],[-4.7848,36.48717],[-4.7844,36.48707],[-4.78411,36.487],[-4.7838,36.48692],[-4.78344,36.4868],[-4.7832,36.48673],[-4.7828,36.48663],[-4.7826,36.48657],[-4.7822,36.48645],[-4.782,36.48639],[-4.7816,36.48627],[-4.7814,36.48619],[-4.781,36.48607],[-4.78077,36.486],[-4.7804,36.48588],[-4.78014,36.4858],[-4.7798,36.48571],[-4.77942,36.4856],[-4.7792,36.48553],[-4.7788,36.48543],[-4.7786,36.48539],[-4.7782,36.48526],[-4.778,36.4852],[-4.7776,36.4851],[-4.7773,36.485],[-4.777,36.48489],[-4.77664,36.4848],[-4.7764,36.48473],[-4.77604,36.4846],[-4.7758,36.48451],[-4.77545,36.4844],[-4.7752,36.48429],[-4.775,36.4842],[-4.7746,36.48412],[-4.7742,36.48402],[-4.774,36.48398],[-4.7736,36.48388],[-4.77328,36.4838],[-4.773,36.48376],[-4.7726,36.48368],[-4.77232,36.4836],[-4.772,36.48351],[-4.77162,36.4834],[-4.7714,36.48335],[-4.771,36.48322],[-4.7708,36.48315],[-4.7704,36.48306],[-4.77005,36.483],[-4.7698,36.48293],[-4.7694,36.48281],[-4.7692,36.48276],[-4.7688,36.48262],[-4.7686,36.48254],[-4.7682,36.48249],[-4.7678,36.48251],[-4.7674,36.48254],[-4.767,36.48252],[-4.76668,36.4824],[-4.7664,36.48223],[-4.7662,36.4821],[-4.766,36.482],[-4.7656,36.48187],[-4.76522,36.4818],[-4.765,36.48173],[-4.7646,36.48161],[-4.7644,36.48184],[-4.76409,36.4818],[-4.7638,36.48167],[-4.7636,36.48152],[-4.76333,36.4814],[-4.763,36.48129],[-4.76279,36.4812],[-4.7624,36.48111],[-4.762,36.48113],[-4.7618,36.48126],[-4.7614,36.48122],[-4.76117,36.4812],[-4.7608,36.48111],[-4.7604,36.48107],[-4.76,36.48112],[-4.7596,36.48103],[-4.7594,36.48093],[-4.75908,36.4808],[-4.7588,36.48072],[-4.7584,36.48061],[-4.7582,36.48056],[-4.7578,36.48051],[-4.7574,36.4804],[-4.7572,36.48034],[-4.7568,36.48027],[-4.75642,36.4802],[-4.7562,36.48015],[-4.7558,36.48008],[-4.7554,36.48],[-4.7552,36.47996],[-4.7548,36.47987],[-4.7544,36.47981],[-4.7542,36.47977],[-4.7538,36.47969],[-4.7534,36.47964],[-4.75316,36.4796],[-4.7528,36.47953],[-4.7524,36.47945],[-4.7522,36.47938],[-4.7518,36.47929],[-4.7514,36.47923],[-4.7512,36.47919],[-4.7508,36.47906],[-4.75054,36.479],[-4.7502,36.47891],[-4.7498,36.47881],[-4.7496,36.47877],[-4.7492,36.47861],[-4.749,36.47856],[-4.7486,36.47847],[-4.7482,36.47853],[-4.748,36.47866],[-4.7476,36.47876],[-4.7472,36.47867],[-4.7468,36.47861],[-4.7466,36.47852],[-4.7462,36.47851],[-4.7458,36.4784],[-4.7456,36.47838],[-4.7452,36.47834],[-4.7448,36.47834],[-4.7444,36.47832],[-4.744,36.47829],[-4.7436,36.47827],[-4.74329,36.4782],[-4.743,36.47814],[-4.7426,36.47804],[-4.7422,36.47808],[-4.74191,36.478],[-4.7416,36.47789],[-4.7412,36.47783],[-4.741,36.47778],[-4.7406,36.47769],[-4.7402,36.47765],[-4.7398,36.47764],[-4.7396,36.47757],[-4.7392,36.47754],[-4.7388,36.47741],[-4.7386,36.47735],[-4.7382,36.47729],[-4.738,36.47719],[-4.7378,36.47721],[-4.7374,36.47727],[-4.73718,36.4774],[-4.7368,36.4776],[-4.7366,36.47765],[-4.7362,36.47767],[-4.736,36.47785],[-4.7356,36.47797],[-4.7352,36.47789],[-4.7348,36.47793],[-4.7344,36.47788],[-4.734,36.4779],[-4.7336,36.47783],[-4.7334,36.47773],[-4.733,36.47773],[-4.7326,36.47774],[-4.7322,36.47776],[-4.7318,36.47779],[-4.7316,36.47781],[-4.7312,36.47781],[-4.7308,36.4778],[-4.7306,36.47779],[-4.7302,36.47773],[-4.7298,36.47768],[-4.7294,36.4778],[-4.7292,36.47781],[-4.72889,36.4778],[-4.72878,36.4778],[-4.7284,36.47783],[-4.728,36.47783],[-4.7278,36.4778],[-4.7275,36.4778],[-4.7272,36.4779],[-4.72682,36.4778],[-4.72664,36.4778],[-4.72652,36.4778],[-4.7262,36.47777],[-4.7258,36.47777],[-4.72558,36.4778],[-4.7252,36.47784],[-4.7248,36.47787],[-4.7244,36.47795],[-4.72414,36.478],[-4.7238,36.47814],[-4.7236,36.47822],[-4.7232,36.4783],[-4.7228,36.47829],[-4.7224,36.47829],[-4.722,36.47839],[-4.722,36.47841],[-4.722,36.47879],[-4.7218,36.47887],[-4.7216,36.47879],[-4.72132,36.4788],[-4.7212,36.47911],[-4.721,36.47934],[-4.7208,36.47944],[-4.72046,36.4796],[-4.7206,36.47987],[-4.72082,36.48],[-4.7206,36.48008],[-4.7204,36.48021],[-4.72004,36.4804],[-4.72,36.48042]]}},{"type":"Feature","properties":{"prof":10,"principal":true},"geometry":{"type":"LineString","coordinates":[[-4.94983,36.4824],[-4.9496,36.48226],[-4.94951,36.4826],[-4.9498,36.48273],[-4.94983,36.4824],[-4.94983,36.4824]]}},{"type":"Feature","properties":{"prof":15,"principal":false},"geometry":{"type":"LineString","coordinates":[[-5.08,36.441],[-5.0796,36.4412],[-5.0794,36.44129],[-5.07914,36.4414],[-5.0788,36.44154],[-5.07859,36.4416],[-5.0782,36.4417],[-5.07781,36.4418],[-5.0776,36.44185],[-5.0772,36.44193],[-5.07689,36.442],[-5.0766,36.44205],[-5.0762,36.44213],[-5.07586,36.4422],[-5.0756,36.44227],[-5.0752,36.44237],[-5.075,36.44242],[-5.0746,36.4425],[-5.0742,36.44257],[-5.074,36.4426],[-5.0736,36.44267],[-5.0732,36.44273],[-5.0728,36.44268],[-5.0724,36.44267],[-5.072,36.44273],[-5.0716,36.4428],[-5.0714,36.44283],[-5.071,36.4429],[-5.0706,36.44297],[-5.0704,36.44301],[-5.07,36.44306],[-5.0696,36.44311],[-5.0692,36.44315],[-5.0688,36.44316],[-5.0684,36.44315],[-5.068,36.44314],[-5.0676,36.44314],[-5.0672,36.44318],[-5.067,36.44321],[-5.0666,36.44327],[-5.0662,36.44333],[-5.0658,36.44339],[-5.0656,36.44344],[-5.0652,36.44355],[-5.065,36.44361],[-5.0646,36.44372],[-5.0642,36.44377],[-5.06395,36.4438],[-5.0636,36.44384],[-5.0632,36.44389],[-5.0628,36.44394],[-5.0624,36.444],[-5.0622,36.44403],[-5.0618,36.44403],[-5.06159,36.444],[-5.0612,36.44395],[-5.0608,36.44393],[-5.0604,36.44392],[-5.06,36.44392],[-5.0596,36.44391],[-5.0592,36.4439],[-5.05892,36.4438],[-5.0586,36.44365],[-5.0584,36.44356],[-5.05804,36.4434],[-5.0578,36.44329],[-5.05759,36.4432],[-5.0572,36.44304],[-5.057,36.44295],[-5.05664,36.4428],[-5.0564,36.44277],[-5.056,36.44275],[-5.0556,36.44274],[-5.0552,36.44272],[-5.0548,36.44271],[-5.0544,36.44279],[-5.0544,36.44281],[-5.0546,36.44305],[-5.0548,36.44323],[-5.055,36.44341],[-5.05521,36.4436],[-5.05543,36.4438],[-5.05559,36.4442],[-5.05554,36.4446],[-5.05548,36.445],[-5.0554,36.44527],[-5.0552,36.44541],[-5.05483,36.4456],[-5.0546,36.44571],[-5.0544,36.4458],[-5.054,36.44599],[-5.0538,36.44607],[-5.05345,36.446],[-5.0532,36.44592],[-5.0528,36.4458],[-5.0526,36.44574],[-5.0522,36.4456],[-5.052,36.44551],[-5.05171,36.4454],[-5.0514,36.44526],[-5.0512,36.44518],[-5.0508,36.4451],[-5.0506,36.44524],[-5.0504,36.4454],[-5.05014,36.4456],[-5.04987,36.4458],[-5.04962,36.446],[-5.0494,36.44618],[-5.0492,36.44637],[-5.049,36.44656],[-5.0488,36.44675],[-5.0486,36.44694],[-5.0484,36.44714],[-5.0482,36.44734],[-5.048,36.44749],[-5.0476,36.44759],[-5.0474,36.44763],[-5.047,36.44771],[-5.0466,36.44779],[-5.0464,36.44783],[-5.046,36.44792],[-5.0456,36.448],[-5.0454,36.44804],[-5.045,36.4482],[-5.0448,36.44831],[-5.0446,36.44842],[-5.04422,36.4486],[-5.044,36.44868],[-5.04368,36.4488],[-5.0434,36.44891],[-5.04316,36.449],[-5.0428,36.44913],[-5.0426,36.44921],[-5.0422,36.44934],[-5.042,36.44941],[-5.0416,36.44955],[-5.0414,36.44963],[-5.041,36.44979],[-5.0408,36.44987],[-5.04047,36.45],[-5.0402,36.4501],[-5.03994,36.4502],[-5.0396,36.45032],[-5.03926,36.4504],[-5.039,36.45048],[-5.03863,36.4506],[-5.0384,36.45067],[-5.038,36.4508],[-5.0378,36.45085],[-5.0374,36.45097],[-5.0372,36.45103],[-5.0368,36.45113],[-5.03643,36.4512],[-5.0362,36.45124],[-5.0358,36.4513],[-5.0354,36.45136],[-5.03513,36.4514],[-5.0348,36.45145],[-5.0344,36.45151],[-5.034,36.45157],[-5.0336,36.45159],[-5.0334,36.4516],[-5.033,36.45162],[-5.0326,36.45164],[-5.0322,36.45166],[-5.0318,36.45168],[-5.0314,36.45171],[-5.031,36.45172],[-5.0306,36.45173],[-5.0302,36.45174],[-5.0298,36.45175],[-5.0294,36.45177],[-5.029,36.45179],[-5.02867,36.4518],[-5.0284,36.45181],[-5.028,36.45183],[-5.0276,36.45184],[-5.0272,36.45186],[-5.0268,36.45187],[-5.0264,36.45189],[-5.026,36.45191],[-5.0256,36.45192],[-5.0252,36.45192],[-5.0248,36.45192],[-5.0244,36.45192],[-5.024,36.45193],[-5.0236,36.45193],[-5.0232,36.45193],[-5.0228,36.45194],[-5.0224,36.45199],[-5.0222,36.45202],[-5.0218,36.45209],[-5.0214,36.45215],[-5.0211,36.4522],[-5.0208,36.45225],[-5.0204,36.4523],[-5.02,36.45227],[-5.0198,36.45219],[-5.01945,36.452],[-5.0192,36.45187],[-5.019,36.45177],[-5.01869,36.4516],[-5.0184,36.45144],[-5.0182,36.45134],[-5.01794,36.4512],[-5.0176,36.45101],[-5.0174,36.45089],[-5.017,36.45085],[-5.0166,36.45083],[-5.0162,36.4508],[-5.016,36.45078],[-5.0156,36.45074],[-5.0152,36.45069],[-5.0148,36.45065],[-5.0144,36.4507],[-5.0142,36.45081],[-5.01382,36.451],[-5.0136,36.45111],[-5.0134,36.45121],[-5.013,36.45138],[-5.0128,36.45145],[-5.0124,36.45158],[-5.0122,36.45164],[-5.0118,36.45177],[-5.0116,36.45182],[-5.0112,36.45189],[-5.0108,36.45196],[-5.01055,36.452],[-5.0102,36.45206],[-5.0098,36.45213],[-5.00941,36.4522],[-5.0092,36.45223],[-5.0088,36.45236],[-5.0086,36.45246],[-5.0083,36.4526],[-5.008,36.45273],[-5.0078,36.45282],[-5.0074,36.453],[-5.0072,36.45309],[-5.00698,36.4532],[-5.0066,36.45338],[-5.0064,36.45347],[-5.006,36.45358],[-5.0056,36.45356],[-5.0052,36.45353],[-5.0048,36.4535],[-5.0044,36.45347],[-5.004,36.45344],[-5.0036,36.45341],[-5.0032,36.4535],[-5.003,36.45363],[-5.00272,36.4538],[-5.00241,36.454],[-5.0022,36.45414],[-5.002,36.45427],[-5.0018,36.45446],[-5.00178,36.4548],[-5.00182,36.455],[-5.0018,36.45533],[-5.00165,36.4556],[-5.00152,36.4558],[-5.00133,36.456],[-5.00113,36.4562],[-5.0009,36.4564],[-5.00068,36.4566],[-5.0004,36.45677],[-5.0,36.45679],[-4.9996,36.4568],[-4.9994,36.45681],[-4.999,36.45683],[-4.9986,36.45689],[-4.9982,36.45695],[-4.9979,36.457],[-4.9976,36.45703],[-4.9972,36.45707],[-4.9968,36.4571],[-4.9964,36.45714],[-4.996,36.45718],[-4.9958,36.45722],[-4.9954,36.4573],[-4.995,36.4574],[-4.99482,36.4576],[-4.99468,36.4578],[-4.99456,36.458],[-4.99457,36.4584],[-4.99465,36.4586],[-4.9948,36.459],[-4.99491,36.4592],[-4.9948,36.45945],[-4.99453,36.4596],[-4.9942,36.45974],[-4.994,36.45983],[-4.9936,36.45999],[-4.9934,36.46008],[-4.99312,36.4602],[-4.9928,36.46034],[-4.9926,36.46049],[-4.9924,36.46074],[-4.9922,36.46098],[-4.992,36.46109],[-4.99174,36.4612],[-4.9914,36.46134],[-4.9912,36.46142],[-4.99098,36.4616],[-4.9908,36.46182],[-4.9906,36.46208],[-4.9904,36.46228],[-4.9902,36.46243],[-4.98991,36.4626],[-4.9896,36.46275],[-4.9894,36.46283],[-4.989,36.46297],[-4.9888,36.46304],[-4.9884,36.46317],[-4.9882,36.46323],[-4.9878,36.46331],[-4.9874,36.46336],[-4.98714,36.4634],[-4.9868,36.46345],[-4.9864,36.46356],[-4.9862,36.46365],[-4.98586,36.4638],[-4.9856,36.46397],[-4.9854,36.46413],[-4.9852,36.4643],[-4.985,36.46446],[-4.9848,36.46463],[-4.9846,36.4648],[-4.98438,36.465],[-4.98413,36.4652],[-4.98388,36.4654],[-4.9836,36.46559],[-4.9834,36.46569],[-4.98319,36.4658],[-4.9828,36.466],[-4.9826,36.46609],[-4.98238,36.4662],[-4.982,36.46639],[-4.9818,36.4665],[-4.9816,36.4666],[-4.98125,36.4668],[-4.981,36.46694],[-4.9808,36.46712],[-4.9806,36.46731],[-4.9804,36.46752],[-4.9802,36.46771],[-4.98,36.46789],[-4.9798,36.46805],[-4.9796,36.46821],[-4.97926,36.4684],[-4.979,36.46844],[-4.9786,36.46845],[-4.9782,36.46848],[-4.9778,36.46849],[-4.9774,36.46851],[-4.977,36.46855],[-4.9768,36.46862],[-4.9764,36.46876],[-4.9762,36.46884],[-4.97585,36.469],[-4.9756,36.46911],[-4.9754,36.4692],[-4.975,36.46939],[-4.9748,36.46951],[-4.9746,36.46962],[-4.9742,36.46973],[-4.97395,36.4698],[-4.9736,36.4699],[-4.9732,36.46991],[-4.9728,36.46989],[-4.9724,36.46999],[-4.97215,36.47],[-4.9718,36.47002],[-4.9714,36.47014],[-4.97118,36.4702],[-4.9708,36.47024],[-4.9704,36.47024],[-4.97014,36.4702],[-4.9698,36.4701],[-4.96945,36.47],[-4.9692,36.46995],[-4.96882,36.4698],[-4.9686,36.46973],[-4.9682,36.4697],[-4.9678,36.46975],[-4.9676,36.46984],[-4.96727,36.47],[-4.967,36.47007],[-4.9666,36.47015],[-4.96626,36.4702],[-4.966,36.47024],[-4.9656,36.4703],[-4.96533,36.4704],[-4.96504,36.4706],[-4.9648,36.47077],[-4.9646,36.471],[-4.96446,36.4712],[-4.96434,36.4714],[-4.9642,36.47174],[-4.96414,36.472],[-4.9642,36.47235],[-4.96425,36.4726],[-4.96425,36.473],[-4.9641,36.4732],[-4.9638,36.47336],[-4.9636,36.47352],[-4.9634,36.47374],[-4.96334,36.474],[-4.9632,36.47433],[-4.963,36.4746],[-4.9628,36.47475],[-4.9626,36.47485],[-4.96235,36.475],[-4.96219,36.4752],[-4.962,36.4755],[-4.9616,36.47558],[-4.9614,36.47566],[-4.9612,36.47585],[-4.9608,36.47597],[-4.96053,36.476],[-4.96022,36.4762],[-4.96,36.47624],[-4.95995,36.476],[-4.9598,36.47568],[-4.9594,36.47567],[-4.959,36.47578],[-4.95874,36.4758],[-4.95849,36.476],[-4.95837,36.4762],[-4.9582,36.47641],[-4.9578,36.47642],[-4.95741,36.4766],[-4.9572,36.47672],[-4.957,36.47686],[-4.9566,36.47693],[-4.95623,36.477],[-4.956,36.47717],[-4.9558,36.47736],[-4.9556,36.4776],[-4.95543,36.4778],[-4.9552,36.47794],[-4.955,36.47812],[-4.95488,36.4784],[-4.9548,36.47876],[-4.9546,36.47885],[-4.9542,36.47893],[-4.954,36.47902],[-4.95365,36.4792],[-4.9534,36.47929],[-4.953,36.47936],[-4.9526,36.47936],[-4.9524,36.47942],[-4.952,36.47951],[-4.9516,36.47949],[-4.9512,36.47954],[-4.95084,36.4794],[-4.95074,36.4792],[-4.9508,36.47893],[-4.951,36.47874],[-4.9514,36.47873],[-4.95152,36.4784],[-4.9512,36.47823],[-4.951,36.47819],[-4.9506,36.47815],[-4.9504,36.47821],[-4.9501,36.4784],[-4.94997,36.4786],[-4.94998,36.479],[-4.9499,36.4794],[-4.95,36.47971],[-4.9502,36.47981],[-4.95047,36.48],[-4.9504,36.48033],[-4.9502,36.48043],[-4.94993,36.4804],[-4.9496,36.48031],[-4.9492,36.48031],[-4.9488,36.48033],[-4.9484,36.48038],[-4.948,36.48033],[-4.9476,36.48034],[-4.94745,36.4806],[-4.9474,36.4808],[-4.9472,36.4812],[-4.94713,36.4814],[-4.94694,36.4816],[-4.9466,36.4817],[-4.9464,36.4816],[-4.94618,36.4814],[-4.9458,36.48127],[-4.94542,36.4814],[-4.94527,36.4816],[-4.94513,36.4818],[-4.945,36.48212],[-4.94492,36.4824],[-4.94482,36.4828],[-4.94467,36.483],[-4.94448,36.4832],[-4.94428,36.4834],[-4.94409,36.4836],[-4.9438,36.48378],[-4.9436,36.48385],[-4.9432,36.4839],[-4.94286,36.4838],[-4.94261,36.4836],[-4.94241,36.4834],[-4.9422,36.48329],[-4.942,36.48319],[-4.9416,36.48301],[-4.9414,36.48289],[-4.9412,36.48275],[-4.94096,36.4826],[-4.9406,36.48241],[-4.9404,36.48233],[-4.94006,36.4822],[-4.9398,36.48213],[-4.9394,36.48211],[-4.939,36.48218],[-4.9388,36.48222],[-4.9384,36.48238],[-4.9382,36.48249],[-4.9378,36.4826],[-4.93777,36.4826],[-4.9374,36.48259],[-4.937,36.48259],[-4.93675,36.4826],[-4.93648,36.4828],[-4.93629,36.483],[-4.93603,36.4832],[-4.9358,36.48328],[-4.93544,36.4834],[-4.9352,36.48354],[-4.93513,36.4838],[-4.93508,36.4842],[-4.9352,36.48458],[-4.9354,36.48478],[-4.9356,36.485],[-4.93578,36.4852],[-4.93592,36.4854],[-4.93565,36.4856],[-4.9354,36.48569],[-4.9351,36.4858],[-4.9348,36.48591],[-4.93458,36.486],[-4.9342,36.48614],[-4.934,36.48622],[-4.9336,36.48636],[-4.9334,36.48641],[-4.933,36.4865],[-4.9326,36.48659],[-4.9324,36.48664],[-4.932,36.48674],[-4.9318,36.48681],[-4.93145,36.487],[-4.9312,36.48714],[-4.931,36.48725],[-4.93073,36.4874],[-4.93046,36.4876],[-4.93023,36.4878],[-4.93002,36.488],[-4.92992,36.4882],[-4.92992,36.4886],[-4.92999,36.489],[-4.93003,36.4892],[-4.9301,36.4896],[-4.93002,36.49],[-4.92988,36.4902],[-4.93005,36.4904],[-4.9304,36.4906],[-4.9306,36.49071],[-4.9308,36.4908],[-4.9312,36.49091],[-4.93146,36.491],[-4.9314,36.49139],[-4.9314,36.49144],[-4.9314,36.49164],[-4.93113,36.4918],[-4.9308,36.49186],[-4.9304,36.49194],[-4.93011,36.492],[-4.9298,36.49207],[-4.9294,36.49216],[-4.9292,36.4922],[-4.9288,36.49236],[-4.9288,36.49247],[-4.9288,36.49273],[-4.9286,36.49295],[-4.92844,36.4932],[-4.9284,36.49341],[-4.92816,36.4936],[-4.9278,36.49371],[-4.92753,36.4938],[-4.9272,36.49393],[-4.92687,36.494],[-4.9266,36.49411],[-4.92633,36.4942],[-4.926,36.49423],[-4.9256,36.49432],[-4.92524,36.4944],[-4.92519,36.4944],[-4.92481,36.4942],[-4.92462,36.494],[-4.92454,36.4938],[-4.9244,36.49359],[-4.924,36.49347],[-4.92371,36.4934],[-4.9234,36.49332],[-4.923,36.49322],[-4.9228,36.49317],[-4.9224,36.49312],[-4.92213,36.4932],[-4.9218,36.49331],[-4.92155,36.4934],[-4.9212,36.49352],[-4.921,36.49365],[-4.9208,36.4939],[-4.9206,36.49418],[-4.9206,36.49439],[-4.92071,36.4946],[-4.92082,36.4948],[-4.92084,36.4952],[-4.9206,36.49525],[-4.9202,36.4953],[-4.9198,36.49536],[-4.91955,36.4954],[-4.9192,36.49552],[-4.91899,36.4956],[-4.91865,36.4958],[-4.9184,36.49597],[-4.9182,36.49608],[-4.918,36.4962],[-4.91763,36.4964],[-4.9174,36.4965],[-4.9172,36.49662],[-4.9169,36.4968],[-4.9166,36.49695],[-4.9164,36.49701],[-4.916,36.49713],[-4.91577,36.4972],[-4.91542,36.4974],[-4.9152,36.49753],[-4.91495,36.4976],[-4.91467,36.4978],[-4.91448,36.498],[-4.9142,36.49816],[-4.91393,36.4982],[-4.9136,36.49833],[-4.9134,36.49845],[-4.91313,36.4986],[-4.9128,36.49873],[-4.9126,36.49881],[-4.9122,36.49883],[-4.912,36.4988],[-4.91166,36.4986],[-4.9114,36.4985],[-4.91113,36.4984],[-4.9108,36.49833],[-4.9104,36.49831],[-4.91,36.49834],[-4.9096,36.49835],[-4.9094,36.49849],[-4.9092,36.49863],[-4.9088,36.49865],[-4.90852,36.4986],[-4.9082,36.49856],[-4.90791,36.4986],[-4.9076,36.49866],[-4.9072,36.49866],[-4.90703,36.499],[-4.907,36.49924],[-4.9066,36.49926],[-4.9062,36.4993],[-4.90588,36.4994],[-4.9056,36.49944],[-4.90534,36.4994],[-4.9052,36.49917],[-4.90498,36.4992],[-4.90461,36.4994],[-4.9044,36.49945],[-4.904,36.49945],[-4.9038,36.49965],[-4.9036,36.49985],[-4.9034,36.49975],[-4.9032,36.49998],[-4.903,36.50003],[-4.9026,36.50006],[-4.9024,36.49998],[-4.9022,36.50006],[-4.9018,36.50013],[-4.9014,36.50015],[-4.90112,36.5002],[-4.9008,36.5003],[-4.9004,36.5003],[-4.9,36.50031],[-4.89966,36.5002],[-4.8994,36.50014],[-4.89916,36.5],[-4.8988,36.4999],[-4.89852,36.5],[-4.8982,36.50019],[-4.898,36.50022],[-4.8976,36.50029],[-4.8974,36.50045],[-4.897,36.50055],[-4.8966,36.50046],[-4.89635,36.5004],[-4.89614,36.5004],[-4.89594,36.5006],[-4.89573,36.5008],[-4.8954,36.50087],[-4.8952,36.50075],[-4.89489,36.5008],[-4.8946,36.50081],[-4.8942,36.50092],[-4.8938,36.50088],[-4.8936,36.50079],[-4.89339,36.5008],[-4.893,36.50091],[-4.8926,36.5009],[-4.8922,36.50085],[-4.89198,36.5008],[-4.8918,36.50051],[-4.89143,36.5006],[-4.89123,36.5006],[-4.891,36.50053],[-4.8908,36.50039],[-4.8904,36.50034],[-4.8902,36.50049],[-4.89,36.50065],[-4.8896,36.5007],[-4.88933,36.5008],[-4.88905,36.501],[-4.8888,36.50115],[-4.8886,36.50123],[-4.8882,36.5013],[-4.8878,36.50134],[-4.8875,36.5012],[-4.8872,36.50114],[-4.887,36.50123],[-4.8866,36.50121],[-4.8864,36.50116],[-4.886,36.5011],[-4.8856,36.50103],[-4.8852,36.50104],[-4.885,36.50096],[-4.8846,36.50087],[-4.88438,36.5008],[-4.884,36.50068],[-4.8838,36.50059],[-4.8834,36.50056],[-4.8832,36.50065],[-4.8829,36.5008],[-4.88271,36.501],[-4.8824,36.50114],[-4.882,36.50117],[-4.8816,36.50114],[-4.88135,36.5012],[-4.881,36.50132],[-4.8806,36.50132],[-4.88031,36.5014],[-4.88,36.50144],[-4.8796,36.50148],[-4.87933,36.5016],[-4.87905,36.5018],[-4.8788,36.50193],[-4.87846,36.5018],[-4.87835,36.5018],[-4.878,36.502],[-4.8776,36.50198],[-4.8774,36.502],[-4.877,36.50218],[-4.8768,36.50225],[-4.8764,36.50236],[-4.876,36.50239],[-4.8758,36.50244],[-4.8754,36.50257],[-4.875,36.50253],[-4.8746,36.50259],[-4.8744,36.50262],[-4.874,36.50266],[-4.8736,36.50275],[-4.8732,36.50271],[-4.87294,36.5026],[-4.8726,36.50252],[-4.87234,36.5026],[-4.87202,36.5028],[-4.8718,36.50289],[-4.87143,36.503],[-4.8712,36.50302],[-4.8708,36.50305],[-4.8704,36.50304],[-4.87002,36.503],[-4.8698,36.50295],[-4.8694,36.50283],[-4.86911,36.5028],[-4.8688,36.50274],[-4.8684,36.5027],[-4.868,36.50269],[-4.8676,36.5026],[-4.8674,36.50251],[-4.867,36.50247],[-4.8666,36.50241],[-4.8664,36.50236],[-4.866,36.50233],[-4.8656,36.50228],[-4.86528,36.5022],[-4.865,36.50211],[-4.8646,36.50212],[-4.8642,36.50211],[-4.8638,36.50206],[-4.8634,36.50207],[-4.863,36.50205],[-4.8626,36.50206],[-4.86221,36.502],[-4.86212,36.502],[-4.8618,36.50202],[-4.86156,36.502],[-4.8612,36.50195],[-4.8608,36.50193],[-4.8604,36.5019],[-4.86,36.50188],[-4.8596,36.50186],[-4.8592,36.50183],[-4.8588,36.50181],[-4.8586,36.50179],[-4.8582,36.50169],[-4.8578,36.50167],[-4.8574,36.50164],[-4.85711,36.5016],[-4.8568,36.50156],[-4.8564,36.50149],[-4.856,36.50142],[-4.8558,36.50139],[-4.8554,36.50134],[-4.855,36.50129],[-4.8546,36.50122],[-4.8544,36.50119],[-4.854,36.50113],[-4.8536,36.50106],[-4.85325,36.501],[-4.853,36.50095],[-4.8526,36.50085],[-4.85238,36.5008],[-4.852,36.50071],[-4.8516,36.50062],[-4.8514,36.50057],[-4.851,36.50046],[-4.8508,36.5004],[-4.8504,36.5003],[-4.85005,36.5002],[-4.8498,36.50011],[-4.84944,36.5],[-4.8492,36.49993],[-4.8488,36.4998],[-4.8486,36.49974],[-4.8482,36.49964],[-4.84799,36.4996],[-4.8476,36.49947],[-4.84735,36.4994],[-4.847,36.49932],[-4.8466,36.49923],[-4.8464,36.49919],[-4.846,36.49911],[-4.8456,36.49902],[-4.8454,36.49898],[-4.845,36.49892],[-4.8446,36.49886],[-4.8443,36.4988],[-4.844,36.49875],[-4.8436,36.49869],[-4.8432,36.49861],[-4.843,36.49857],[-4.8426,36.49848],[-4.8422,36.49841],[-4.842,36.49836],[-4.8416,36.49826],[-4.8412,36.49822],[-4.841,36.49818],[-4.8406,36.49812],[-4.8402,36.49805],[-4.83991,36.498],[-4.8396,36.49796],[-4.8392,36.4979],[-4.8388,36.49785],[-4.8384,36.4978],[-4.8382,36.49778],[-4.8378,36.49771],[-4.8374,36.49763],[-4.8372,36.4976],[-4.8368,36.49752],[-4.8364,36.49744],[-4.83618,36.4974],[-4.8358,36.49731],[-4.8354,36.49725],[-4.83514,36.4972],[-4.8348,36.49713],[-4.8344,36.49705],[-4.83415,36.497],[-4.8338,36.49689],[-4.8336,36.49676],[-4.8332,36.49668],[-4.8328,36.49665],[-4.8326,36.4966],[-4.8322,36.49649],[-4.8318,36.4964],[-4.8316,36.49635],[-4.8312,36.49626],[-4.83096,36.4962],[-4.8306,36.49611],[-4.8302,36.496],[-4.83,36.49595],[-4.8296,36.49584],[-4.8294,36.49578],[-4.829,36.49565],[-4.8288,36.49559],[-4.8284,36.49544],[-4.8282,36.49535],[-4.82784,36.4952],[-4.8276,36.4951],[-4.82737,36.495],[-4.82701,36.4948],[-4.8268,36.49468],[-4.8266,36.49457],[-4.82626,36.4944],[-4.826,36.4943],[-4.82571,36.4942],[-4.8254,36.49409],[-4.82516,36.494],[-4.8248,36.49383],[-4.8246,36.49373],[-4.82435,36.4936],[-4.82407,36.4934],[-4.8238,36.49322],[-4.8236,36.49319],[-4.8232,36.49307],[-4.823,36.49299],[-4.8226,36.49281],[-4.8224,36.49268],[-4.8222,36.49256],[-4.822,36.49239],[-4.8217,36.4922],[-4.8214,36.49201],[-4.8212,36.49189],[-4.821,36.49176],[-4.82073,36.4916],[-4.82043,36.4914],[-4.8202,36.49123],[-4.82,36.49105],[-4.8198,36.49091],[-4.8196,36.4908],[-4.8192,36.49065],[-4.819,36.49059],[-4.8186,36.4905],[-4.8182,36.49041],[-4.818,36.49036],[-4.8176,36.49027],[-4.81729,36.4902],[-4.817,36.49006],[-4.81687,36.4898],[-4.8168,36.48957],[-4.81668,36.4892],[-4.8166,36.48899],[-4.8164,36.48877],[-4.81603,36.4886],[-4.8158,36.48853],[-4.81554,36.4884],[-4.8152,36.48834],[-4.8148,36.48831],[-4.8146,36.48841],[-4.81424,36.4886],[-4.814,36.48873],[-4.8138,36.48883],[-4.8134,36.48899],[-4.81311,36.489],[-4.8128,36.48903],[-4.8124,36.48908],[-4.812,36.48913],[-4.8116,36.48919],[-4.8114,36.48922],[-4.811,36.48928],[-4.8106,36.48928],[-4.81028,36.4892],[-4.81,36.48913],[-4.8096,36.48904],[-4.8094,36.48899],[-4.809,36.48889],[-4.8086,36.4888],[-4.8084,36.48876],[-4.808,36.48868],[-4.80771,36.4886],[-4.8074,36.48851],[-4.80701,36.4884],[-4.8068,36.48834],[-4.8064,36.48824],[-4.8062,36.48818],[-4.8058,36.48805],[-4.8056,36.48796],[-4.80524,36.4878],[-4.805,36.48775],[-4.8046,36.48775],[-4.8042,36.48774],[-4.8038,36.48771],[-4.8034,36.48765],[-4.80314,36.4876],[-4.8028,36.48752],[-4.8024,36.48744],[-4.802,36.48742],[-4.8018,36.48725],[-4.8016,36.48714],[-4.8012,36.48703],[-4.801,36.48699],[-4.8006,36.48691],[-4.8002,36.48683],[-4.8,36.48679],[-4.7996,36.48671],[-4.7992,36.48665],[-4.7988,36.48666],[-4.7984,36.48662],[-4.7982,36.48658],[-4.7978,36.48651],[-4.7974,36.48644],[-4.797,36.48642],[-4.7966,36.48645],[-4.7962,36.48647],[-4.7958,36.48645],[-4.79553,36.4864],[-4.7952,36.48631],[-4.7948,36.48628],[-4.7944,36.48634],[-4.7942,36.48646],[-4.79391,36.4866],[-4.7936,36.48669],[-4.7932,36.48677],[-4.7928,36.48678],[-4.7924,36.48677],[-4.792,36.48677],[-4.7916,36.48674],[-4.7912,36.4867],[-4.7908,36.48663],[-4.7906,36.48657],[-4.7902,36.48647],[-4.78996,36.4864],[-4.7896,36.4863],[-4.78926,36.4862],[-4.789,36.48613],[-4.7886,36.48602],[-4.7884,36.48597],[-4.788,36.48589],[-4.78763,36.4858],[-4.7874,36.48576],[-4.787,36.48567],[-4.78667,36.4856],[-4.7864,36.48555],[-4.786,36.48547],[-4.78572,36.4854],[-4.7854,36.48532],[-4.785,36.48521],[-4.7848,36.48518],[-4.7844,36.48513],[-4.784,36.48509],[-4.7836,36.48506],[-4.78321,36.485],[-4.783,36.48496],[-4.7826,36.48492],[-4.7822,36.48486],[-4.78198,36.4848],[-4.7816,36.48472],[-4.7812,36.48464],[-4.781,36.48459],[-4.7806,36.48449],[-4.7802,36.48442],[-4.78,36.48435],[-4.7796,36.48423],[-4.7794,36.48418],[-4.779,36.48407],[-4.7788,36.484],[-4.7784,36.48388],[-4.77812,36.4838],[-4.7778,36.4837],[-4.77746,36.4836],[-4.7772,36.48353],[-4.7768,36.4834],[-4.7766,36.48334],[-4.7762,36.48323],[-4.776,36.48319],[-4.7756,36.48306],[-4.77539,36.483],[-4.775,36.48293],[-4.77462,36.4828],[-4.7744,36.48272],[-4.774,36.48263],[-4.7738,36.48259],[-4.7734,36.4825],[-4.773,36.4824],[-4.7728,36.48236],[-4.7724,36.48227],[-4.77215,36.4822],[-4.7718,36.48212],[-4.7714,36.48205],[-4.77105,36.482],[-4.7708,36.48196],[-4.7704,36.48189],[-4.77,36.48182],[-4.7698,36.48177],[-4.7694,36.48169],[-4.769,36.48162],[-4.7688,36.48157],[-4.7684,36.48146],[-4.76804,36.4814],[-4.7678,36.48137],[-4.7674,36.48129],[-4.767,36.48122],[-4.7668,36.48118],[-4.7664,36.48105],[-4.7662,36.48098],[-4.7658,36.48089],[-4.76548,36.4808],[-4.7652,36.48072],[-4.7648,36.48061],[-4.7646,36.48055],[-4.7642,36.48043],[-4.764,36.48038],[-4.7636,36.48026],[-4.76339,36.4802],[-4.763,36.48008],[-4.76271,36.48],[-4.7624,36.47991],[-4.76204,36.4798],[-4.7618,36.47974],[-4.7614,36.47963],[-4.7612,36.47957],[-4.7608,36.47945],[-4.76057,36.4794],[-4.7602,36.47932],[-4.7598,36.47922],[-4.7596,36.47917],[-4.7592,36.47906],[-4.759,36.479],[-4.7586,36.47891],[-4.7582,36.47882],[-4.758,36.47876],[-4.7576,36.47867],[-4.7572,36.47861],[-4.757,36.47857],[-4.7566,36.47849],[-4.75626,36.4784],[-4.756,36.47833],[-4.7556,36.47821],[-4.7554,36.47816],[-4.755,36.47804],[-4.7548,36.47798],[-4.7544,36.47787],[-4.75414,36.4778],[-4.7538,36.47769],[-4.75351,36.4776],[-4.7532,36.47752],[-4.7528,36.47742],[-4.7526,36.47735],[-4.7522,36.47721],[-4.752,36.47717],[-4.7516,36.47705],[-4.7514,36.47699],[-4.751,36.47691],[-4.7506,36.47683],[-4.7504,36.47678],[-4.75,36.4767],[-4.7496,36.47669],[-4.7492,36.4766],[-4.749,36.47658],[-4.7486,36.47657],[-4.7482,36.47648],[-4.7478,36.47647],[-4.7476,36.4764],[-4.7472,36.47632],[-4.7468,36.47628],[-4.74641,36.4762],[-4.7462,36.47619],[-4.7458,36.47611],[-4.7454,36.47603],[-4.7451,36.476],[-4.7448,36.47597],[-4.7444,36.47596],[-4.744,36.47585],[-4.7436,36.47584],[-4.7432,36.47582],[-4.74299,36.4758],[-4.7426,36.47574],[-4.7422,36.47574],[-4.7418,36.47571],[-4.7414,36.47567],[-4.741,36.47571],[-4.7406,36.47568],[-4.7402,36.47564],[-4.7398,36.47565],[-4.7394,36.47562],[-4.739,36.47564],[-4.7388,36.4756],[-4.7386,36.47562],[-4.73828,36.4756],[-4.738,36.47559],[-4.7378,36.4756],[-4.7376,36.47558],[-4.7372,36.47558],[-4.7368,36.47548],[-4.7364,36.47548],[-4.736,36.47551],[-4.7356,36.47548],[-4.7352,36.47558],[-4.735,36.47562],[-4.7346,36.47567],[-4.7342,36.47572],[-4.7338,36.47577],[-4.73349,36.4758],[-4.7332,36.47583],[-4.7328,36.47584],[-4.7324,36.47587],[-4.732,36.47589],[-4.7316,36.47593],[-4.7312,36.47598],[-4.731,36.47602],[-4.7306,36.47608],[-4.7302,36.47616],[-4.72999,36.4762],[-4.7296,36.47625],[-4.7292,36.47627],[-4.7288,36.4763],[-4.7284,36.47631],[-4.728,36.47632],[-4.7276,36.47636],[-4.72722,36.4764],[-4.727,36.47641],[-4.7266,36.47643],[-4.7262,36.47644],[-4.7258,36.47645],[-4.7254,36.47648],[-4.725,36.47652],[-4.7246,36.47655],[-4.72439,36.4766],[-4.724,36.47667],[-4.7236,36.47671],[-4.7232,36.47674],[-4.7228,36.47671],[-4.7224,36.47671],[-4.722,36.4767],[-4.7216,36.47666],[-4.72126,36.4766],[-4.721,36.47653],[-4.7206,36.47645],[-4.7202,36.47641],[-4.72,36.47637],[-4.72,36.47637]]}},{"type":"Feature","properties":{"prof":20,"principal":true},"geometry":{"type":"LineString","coordinates":[[-4.99332,36.4092],[-4.993,36.40916],[-4.99269,36.4092],[-4.99251,36.4094],[-4.99236,36.4096],[-4.9922,36.40982],[-4.992,36.41016],[-4.992,36.41022],[-4.9924,36.4103],[-4.9928,36.41032],[-4.9932,36.41033],[-4.9936,36.41034],[-4.99386,36.4102],[-4.99399,36.4098],[-4.99404,36.4096],[-4.99394,36.4094],[-4.9936,36.40924],[-4.99332,36.4092],[-4.99332,36.4092]]}},{"type":"Feature","properties":{"prof":20,"principal":true},"geometry":{"type":"LineString","coordinates":[[-5.08,36.43749],[-5.0798,36.43762],[-5.07952,36.4378],[-5.0792,36.43797],[-5.079,36.43807],[-5.0786,36.43818],[-5.0782,36.43808],[-5.07789,36.438],[-5.0776,36.43793],[-5.0772,36.438],[-5.077,36.4381],[-5.07679,36.4382],[-5.0764,36.43839],[-5.0762,36.43848],[-5.07593,36.4386],[-5.0756,36.43871],[-5.07522,36.4388],[-5.075,36.43885],[-5.0746,36.43895],[-5.07437,36.439],[-5.074,36.43909],[-5.0736,36.43918],[-5.0734,36.43923],[-5.073,36.43932],[-5.07278,36.4394],[-5.0724,36.43955],[-5.0722,36.43964],[-5.07193,36.4398],[-5.0716,36.43993],[-5.0714,36.44001],[-5.071,36.44014],[-5.0708,36.44021],[-5.0704,36.44033],[-5.07018,36.4404],[-5.0698,36.44052],[-5.06954,36.4406],[-5.0692,36.44063],[-5.06895,36.4406],[-5.0686,36.44056],[-5.0682,36.44051],[-5.0678,36.44045],[-5.06752,36.4404],[-5.0672,36.44035],[-5.0668,36.44028],[-5.0664,36.44021],[-5.0662,36.44018],[-5.0658,36.44014],[-5.0654,36.44012],[-5.065,36.44011],[-5.0646,36.44011],[-5.06431,36.4402],[-5.064,36.44029],[-5.06362,36.4404],[-5.0634,36.44047],[-5.063,36.44059],[-5.0628,36.44065],[-5.0624,36.44078],[-5.0622,36.44085],[-5.0618,36.44098],[-5.0616,36.44105],[-5.0612,36.44118],[-5.061,36.44123],[-5.0606,36.4413],[-5.0602,36.44137],[-5.05999,36.4414],[-5.0596,36.44147],[-5.0592,36.44151],[-5.05897,36.4414],[-5.05861,36.4412],[-5.0584,36.44107],[-5.0582,36.44096],[-5.05783,36.4408],[-5.0576,36.44072],[-5.05728,36.4406],[-5.057,36.4405],[-5.05672,36.4404],[-5.0564,36.44026],[-5.0562,36.44016],[-5.0559,36.44],[-5.0556,36.43984],[-5.0554,36.43974],[-5.05513,36.4396],[-5.0548,36.43948],[-5.0544,36.43949],[-5.054,36.43952],[-5.0536,36.43955],[-5.0532,36.43957],[-5.053,36.43962],[-5.0526,36.43976],[-5.0524,36.43986],[-5.0522,36.4401],[-5.05201,36.4404],[-5.05193,36.4406],[-5.05186,36.441],[-5.05165,36.4412],[-5.0514,36.44135],[-5.0512,36.44148],[-5.051,36.44161],[-5.05072,36.4418],[-5.05042,36.442],[-5.0502,36.44213],[-5.05,36.44226],[-5.04978,36.4424],[-5.04948,36.4426],[-5.0492,36.44279],[-5.049,36.44293],[-5.0488,36.44309],[-5.0486,36.44327],[-5.0484,36.44351],[-5.0482,36.44379],[-5.04802,36.444],[-5.04783,36.4442],[-5.04764,36.4444],[-5.04744,36.4446],[-5.04724,36.4448],[-5.04704,36.445],[-5.04681,36.4452],[-5.0466,36.44526],[-5.0462,36.44529],[-5.0458,36.44532],[-5.0454,36.44534],[-5.045,36.4454],[-5.0448,36.44543],[-5.0444,36.44551],[-5.044,36.44558],[-5.0438,36.44562],[-5.0434,36.44569],[-5.043,36.44576],[-5.0428,36.44586],[-5.0426,36.44602],[-5.04232,36.4462],[-5.042,36.44631],[-5.04171,36.4464],[-5.0414,36.44649],[-5.04102,36.4466],[-5.0408,36.44666],[-5.0404,36.44678],[-5.0402,36.44684],[-5.0398,36.44696],[-5.0394,36.44696],[-5.039,36.44694],[-5.0386,36.44692],[-5.0382,36.44691],[-5.0378,36.44689],[-5.0374,36.44687],[-5.037,36.44686],[-5.0366,36.44687],[-5.0362,36.4469],[-5.0358,36.44693],[-5.0354,36.44696],[-5.035,36.44699],[-5.0348,36.44701],[-5.0344,36.44705],[-5.034,36.44711],[-5.0338,36.4472],[-5.0334,36.44737],[-5.0332,36.44743],[-5.0328,36.44754],[-5.0326,36.4476],[-5.0322,36.44772],[-5.03194,36.4478],[-5.0316,36.44791],[-5.03128,36.448],[-5.031,36.44805],[-5.0306,36.44807],[-5.0302,36.44809],[-5.0298,36.44811],[-5.0294,36.44813],[-5.029,36.44815],[-5.0286,36.44817],[-5.0282,36.44819],[-5.02793,36.4482],[-5.0276,36.44822],[-5.0272,36.44824],[-5.0268,36.44825],[-5.0264,36.44827],[-5.026,36.44826],[-5.0256,36.44827],[-5.0252,36.44832],[-5.0248,36.44835],[-5.0244,36.44837],[-5.024,36.44838],[-5.0236,36.44839],[-5.02328,36.4484],[-5.023,36.44841],[-5.0228,36.44839],[-5.0224,36.44832],[-5.022,36.44826],[-5.02161,36.4482],[-5.0214,36.44817],[-5.021,36.44814],[-5.0206,36.44813],[-5.0202,36.44811],[-5.0198,36.44805],[-5.01953,36.448],[-5.0192,36.44794],[-5.0188,36.44788],[-5.0184,36.44786],[-5.018,36.44783],[-5.0176,36.4478],[-5.0174,36.44779],[-5.017,36.44777],[-5.0166,36.44774],[-5.0162,36.44772],[-5.0158,36.44768],[-5.0154,36.4476],[-5.0152,36.44756],[-5.01494,36.4474],[-5.01473,36.4472],[-5.0144,36.44709],[-5.0142,36.44727],[-5.014,36.44745],[-5.0138,36.44761],[-5.01357,36.4478],[-5.01327,36.448],[-5.013,36.44817],[-5.0128,36.44829],[-5.0126,36.44841],[-5.01229,36.4486],[-5.012,36.44878],[-5.0118,36.44891],[-5.0114,36.44893],[-5.011,36.4489],[-5.0106,36.44888],[-5.0102,36.44888],[-5.0098,36.44895],[-5.00952,36.449],[-5.0092,36.44905],[-5.0088,36.44912],[-5.0084,36.44919],[-5.0082,36.44923],[-5.0078,36.4493],[-5.0076,36.44944],[-5.0074,36.4497],[-5.0072,36.44997],[-5.00701,36.4502],[-5.00685,36.4504],[-5.0067,36.4506],[-5.00651,36.4508],[-5.0062,36.45087],[-5.0058,36.45084],[-5.0054,36.45082],[-5.00515,36.4508],[-5.0048,36.45078],[-5.0044,36.45075],[-5.004,36.45072],[-5.0036,36.4507],[-5.00334,36.4508],[-5.003,36.45097],[-5.0028,36.45106],[-5.00251,36.4512],[-5.0022,36.45136],[-5.002,36.45146],[-5.00173,36.4516],[-5.0014,36.45177],[-5.0012,36.45188],[-5.001,36.45201],[-5.00072,36.4522],[-5.00047,36.4524],[-5.00023,36.4526],[-5.0,36.45278],[-4.9998,36.45294],[-4.9996,36.4531],[-4.9994,36.45326],[-4.9992,36.45343],[-4.99899,36.4536],[-4.9987,36.4538],[-4.9984,36.454],[-4.9982,36.45411],[-4.998,36.45421],[-4.99762,36.4544],[-4.9974,36.45446],[-4.997,36.45441],[-4.9968,36.45437],[-4.9964,36.45427],[-4.99611,36.4542],[-4.9958,36.45411],[-4.9954,36.454],[-4.9952,36.45395],[-4.9948,36.45391],[-4.9946,36.45401],[-4.99422,36.4542],[-4.994,36.45431],[-4.9938,36.45441],[-4.9934,36.4546],[-4.9932,36.4547],[-4.993,36.4548],[-4.99281,36.4552],[-4.99277,36.4554],[-4.9927,36.4558],[-4.99263,36.4562],[-4.99259,36.4564],[-4.99252,36.4568],[-4.99245,36.4572],[-4.9924,36.45747],[-4.99234,36.4578],[-4.99227,36.4582],[-4.99213,36.4584],[-4.9918,36.4585],[-4.9914,36.4586],[-4.9912,36.45865],[-4.9908,36.45875],[-4.99058,36.4588],[-4.9902,36.45889],[-4.9898,36.45898],[-4.9896,36.45903],[-4.98926,36.4592],[-4.98901,36.4594],[-4.9888,36.45957],[-4.9886,36.45973],[-4.9884,36.45988],[-4.9882,36.46004],[-4.98799,36.4602],[-4.98775,36.4604],[-4.9875,36.4606],[-4.98724,36.4608],[-4.987,36.46098],[-4.9868,36.46114],[-4.9866,36.46128],[-4.98624,36.4614],[-4.986,36.46147],[-4.9856,36.4616],[-4.9854,36.46166],[-4.98505,36.4618],[-4.9848,36.46192],[-4.9846,36.46201],[-4.98421,36.4622],[-4.984,36.4623],[-4.98378,36.4624],[-4.9834,36.46256],[-4.9832,36.46264],[-4.98283,36.4628],[-4.9826,36.4629],[-4.98238,36.463],[-4.982,36.46317],[-4.9818,36.46326],[-4.98144,36.4634],[-4.9812,36.46347],[-4.9808,36.46358],[-4.9806,36.46363],[-4.9802,36.46368],[-4.9798,36.46372],[-4.9794,36.46378],[-4.9792,36.46381],[-4.97889,36.464],[-4.97878,36.4642],[-4.9786,36.46451],[-4.97844,36.4648],[-4.97831,36.465],[-4.978,36.46513],[-4.97776,36.465],[-4.9774,36.46494],[-4.9772,36.46509],[-4.977,36.46525],[-4.9768,36.46543],[-4.9766,36.46561],[-4.9764,36.4658],[-4.97618,36.466],[-4.97595,36.4662],[-4.97573,36.4664],[-4.97546,36.4666],[-4.9752,36.46669],[-4.97482,36.4668],[-4.9746,36.46689],[-4.9744,36.46709],[-4.9742,36.46727],[-4.97381,36.4672],[-4.9736,36.46718],[-4.9734,36.46722],[-4.97309,36.4674],[-4.97287,36.4676],[-4.9726,36.46766],[-4.9722,36.46772],[-4.9718,36.46778],[-4.9716,36.46783],[-4.9712,36.46798],[-4.9708,36.46796],[-4.9704,36.46783],[-4.9702,36.46772],[-4.9699,36.4676],[-4.9696,36.46749],[-4.96931,36.4674],[-4.969,36.46726],[-4.9688,36.46716],[-4.96846,36.467],[-4.9682,36.46685],[-4.968,36.46672],[-4.9678,36.4666],[-4.96748,36.4664],[-4.9672,36.46625],[-4.967,36.46619],[-4.9668,36.46621],[-4.9664,36.46627],[-4.966,36.46633],[-4.9656,36.4664],[-4.9654,36.46643],[-4.965,36.46654],[-4.9648,36.4666],[-4.9644,36.46673],[-4.9642,36.4668],[-4.9639,36.467],[-4.96376,36.4672],[-4.9636,36.4674],[-4.96337,36.4676],[-4.96312,36.4678],[-4.96287,36.468],[-4.96264,36.4682],[-4.96242,36.4684],[-4.96227,36.4686],[-4.962,36.46876],[-4.96195,36.469],[-4.9618,36.46926],[-4.9616,36.46952],[-4.9614,36.46971],[-4.96123,36.47],[-4.9612,36.4702],[-4.96093,36.4704],[-4.9606,36.47053],[-4.9604,36.47069],[-4.96016,36.4708],[-4.9598,36.4709],[-4.9597,36.4712],[-4.9598,36.47148],[-4.96,36.47161],[-4.96027,36.4718],[-4.96039,36.4722],[-4.9602,36.47257],[-4.96,36.47274],[-4.9598,36.47286],[-4.9594,36.47291],[-4.95909,36.4728],[-4.95891,36.4726],[-4.9586,36.47242],[-4.95855,36.4722],[-4.95863,36.472],[-4.95894,36.4718],[-4.9591,36.4716],[-4.95881,36.4714],[-4.9586,36.47136],[-4.9584,36.47144],[-4.95816,36.4716],[-4.95831,36.4718],[-4.95833,36.4722],[-4.95819,36.4724],[-4.95801,36.4728],[-4.95791,36.473],[-4.9578,36.47321],[-4.9576,36.47342],[-4.9574,36.47339],[-4.957,36.47332],[-4.95671,36.4734],[-4.95644,36.4736],[-4.9562,36.47367],[-4.9558,36.47378],[-4.9554,36.47367],[-4.955,36.47379],[-4.95483,36.474],[-4.9546,36.47413],[-4.9544,36.47422],[-4.954,36.47436],[-4.9538,36.47445],[-4.9536,36.47463],[-4.9534,36.47483],[-4.9532,36.47508],[-4.953,36.47538],[-4.95284,36.4756],[-4.9526,36.47562],[-4.9524,36.47553],[-4.95216,36.4754],[-4.9518,36.47529],[-4.95142,36.4752],[-4.95123,36.475],[-4.951,36.47484],[-4.9508,36.47475],[-4.9504,36.47461],[-4.9502,36.47455],[-4.95,36.4746],[-4.9498,36.47483],[-4.9496,36.47504],[-4.9494,36.47531],[-4.94938,36.4756],[-4.94945,36.4758],[-4.94942,36.4762],[-4.94934,36.4764],[-4.9492,36.47666],[-4.949,36.47686],[-4.9486,36.47692],[-4.9484,36.47701],[-4.9482,36.47721],[-4.94797,36.4774],[-4.9476,36.47753],[-4.9472,36.4776],[-4.9468,36.47756],[-4.9464,36.47751],[-4.946,36.47751],[-4.94565,36.4776],[-4.9454,36.47777],[-4.94532,36.478],[-4.9452,36.47838],[-4.945,36.47854],[-4.9448,36.47875],[-4.9446,36.47893],[-4.9444,36.47902],[-4.94407,36.4792],[-4.9438,36.4794],[-4.94364,36.4796],[-4.9435,36.4798],[-4.9434,36.48018],[-4.9434,36.4804],[-4.94345,36.4806],[-4.9434,36.48094],[-4.94311,36.481],[-4.9428,36.48108],[-4.94244,36.4812],[-4.9422,36.48124],[-4.9419,36.4812],[-4.9416,36.48113],[-4.9412,36.48107],[-4.94098,36.481],[-4.9406,36.48081],[-4.9404,36.4807],[-4.94,36.48071],[-4.93964,36.4806],[-4.9394,36.48048],[-4.93905,36.4804],[-4.9388,36.48036],[-4.9386,36.48051],[-4.9384,36.48067],[-4.9382,36.48081],[-4.9378,36.48097],[-4.9376,36.48102],[-4.9372,36.48109],[-4.9368,36.48114],[-4.9364,36.48112],[-4.936,36.48108],[-4.9356,36.48105],[-4.9352,36.481],[-4.935,36.48097],[-4.9346,36.48087],[-4.93432,36.4808],[-4.934,36.48073],[-4.9336,36.48067],[-4.93327,36.4808],[-4.933,36.48092],[-4.9328,36.48101],[-4.9324,36.48119],[-4.9322,36.48135],[-4.932,36.48156],[-4.9318,36.48177],[-4.9316,36.48199],[-4.9314,36.48219],[-4.9312,36.4824],[-4.93101,36.4826],[-4.93083,36.4828],[-4.9306,36.48298],[-4.9302,36.48298],[-4.9298,36.48295],[-4.9294,36.48292],[-4.929,36.48289],[-4.9286,36.48287],[-4.9282,36.48294],[-4.928,36.48318],[-4.92791,36.4834],[-4.9278,36.48364],[-4.92765,36.484],[-4.92757,36.4842],[-4.92742,36.4846],[-4.92734,36.4848],[-4.9272,36.48515],[-4.92709,36.4854],[-4.9268,36.48552],[-4.92651,36.4856],[-4.9262,36.48567],[-4.9258,36.48575],[-4.92558,36.4858],[-4.9252,36.48589],[-4.9248,36.48598],[-4.9246,36.48603],[-4.9242,36.48612],[-4.92385,36.4862],[-4.9236,36.48626],[-4.9232,36.48635],[-4.92297,36.4864],[-4.9226,36.48648],[-4.92229,36.4866],[-4.922,36.48678],[-4.9218,36.48691],[-4.9216,36.48704],[-4.92136,36.4872],[-4.92103,36.4874],[-4.9208,36.48754],[-4.9206,36.48773],[-4.9204,36.488],[-4.92027,36.4882],[-4.92012,36.4884],[-4.91999,36.4886],[-4.9198,36.48889],[-4.9196,36.48914],[-4.9194,36.48921],[-4.919,36.4893],[-4.9186,36.4894],[-4.9184,36.48945],[-4.918,36.48956],[-4.9178,36.48961],[-4.9174,36.48971],[-4.91706,36.4898],[-4.9168,36.48987],[-4.9166,36.49007],[-4.9164,36.49035],[-4.91623,36.4906],[-4.91609,36.4908],[-4.91589,36.491],[-4.9156,36.49113],[-4.9154,36.49121],[-4.915,36.49138],[-4.9148,36.49146],[-4.91445,36.4916],[-4.9142,36.4917],[-4.91393,36.4918],[-4.9136,36.49192],[-4.9134,36.492],[-4.913,36.49206],[-4.9126,36.4921],[-4.9122,36.49216],[-4.91195,36.4922],[-4.9116,36.49225],[-4.9112,36.49231],[-4.9108,36.49232],[-4.9104,36.49234],[-4.91,36.49235],[-4.9096,36.49236],[-4.9092,36.49238],[-4.90884,36.4924],[-4.9086,36.49242],[-4.9082,36.49246],[-4.9078,36.49248],[-4.9074,36.49254],[-4.9072,36.49261],[-4.9068,36.49278],[-4.9066,36.49286],[-4.90627,36.493],[-4.906,36.49309],[-4.9056,36.4932],[-4.9054,36.49321],[-4.905,36.49323],[-4.9046,36.4934],[-4.9044,36.49349],[-4.90416,36.4936],[-4.9038,36.49365],[-4.9034,36.49377],[-4.9032,36.49388],[-4.903,36.49406],[-4.9026,36.49414],[-4.9022,36.49414],[-4.902,36.49421],[-4.9016,36.4943],[-4.90122,36.4944],[-4.901,36.49446],[-4.90067,36.4944],[-4.90041,36.4944],[-4.9002,36.49444],[-4.8998,36.49444],[-4.8994,36.49443],[-4.899,36.49446],[-4.8986,36.49458],[-4.8984,36.49464],[-4.89801,36.4948],[-4.8978,36.49486],[-4.8974,36.49497],[-4.89709,36.495],[-4.8968,36.4951],[-4.8966,36.49496],[-4.8962,36.49489],[-4.8958,36.49494],[-4.89555,36.495],[-4.8952,36.4951],[-4.89484,36.4952],[-4.8946,36.49528],[-4.8942,36.4954],[-4.894,36.49546],[-4.8936,36.49551],[-4.8932,36.49559],[-4.893,36.49569],[-4.89279,36.4958],[-4.89254,36.496],[-4.8922,36.49605],[-4.892,36.49596],[-4.8916,36.49599],[-4.8914,36.4962],[-4.8912,36.49625],[-4.891,36.49619],[-4.8908,36.49637],[-4.8906,36.49653],[-4.8902,36.49651],[-4.89,36.49637],[-4.8898,36.49643],[-4.8894,36.49657],[-4.8892,36.49638],[-4.88899,36.4964],[-4.88874,36.4966],[-4.8884,36.49674],[-4.888,36.49669],[-4.8876,36.49679],[-4.8872,36.49662],[-4.887,36.49682],[-4.88669,36.4968],[-4.88659,36.4968],[-4.88632,36.4968],[-4.886,36.49678],[-4.8858,36.49691],[-4.8854,36.497],[-4.8852,36.49702],[-4.8848,36.49708],[-4.88443,36.497],[-4.88435,36.497],[-4.88408,36.4972],[-4.8838,36.49735],[-4.8834,36.49731],[-4.883,36.49735],[-4.8828,36.49743],[-4.88257,36.4976],[-4.88233,36.4978],[-4.88203,36.498],[-4.8818,36.49803],[-4.8814,36.49803],[-4.8812,36.49799],[-4.881,36.49811],[-4.88077,36.4982],[-4.8806,36.49843],[-4.8804,36.4984],[-4.8802,36.49844],[-4.87995,36.4986],[-4.8796,36.49873],[-4.87926,36.4988],[-4.879,36.49885],[-4.8786,36.49893],[-4.8782,36.4989],[-4.878,36.49901],[-4.8776,36.49907],[-4.8772,36.49908],[-4.877,36.499],[-4.8768,36.499],[-4.8766,36.49928],[-4.8762,36.49939],[-4.876,36.49944],[-4.8758,36.49964],[-4.8754,36.49971],[-4.875,36.49978],[-4.8748,36.49982],[-4.8744,36.49992],[-4.874,36.49996],[-4.8736,36.5],[-4.8734,36.50009],[-4.87311,36.5002],[-4.8728,36.50032],[-4.8724,36.50039],[-4.87208,36.5004],[-4.8718,36.50045],[-4.8714,36.50057],[-4.871,36.5005],[-4.8706,36.50057],[-4.8702,36.50048],[-4.8699,36.5004],[-4.8696,36.5003],[-4.8692,36.5004],[-4.869,36.50044],[-4.8686,36.50041],[-4.8684,36.50037],[-4.868,36.50024],[-4.8676,36.50023],[-4.8672,36.50025],[-4.8668,36.50024],[-4.8664,36.50029],[-4.866,36.50038],[-4.86573,36.5004],[-4.8654,36.50041],[-4.86506,36.5004],[-4.8648,36.50035],[-4.8644,36.50031],[-4.8642,36.5004],[-4.8638,36.50044],[-4.8634,36.50043],[-4.863,36.50043],[-4.8626,36.50043],[-4.8622,36.5004],[-4.8618,36.50047],[-4.8614,36.50044],[-4.861,36.5004],[-4.8608,36.50038],[-4.8604,36.50035],[-4.86,36.50031],[-4.8596,36.50027],[-4.8592,36.50023],[-4.85881,36.5002],[-4.8586,36.5002],[-4.8582,36.50012],[-4.8578,36.50008],[-4.8574,36.5],[-4.8572,36.49998],[-4.8568,36.49994],[-4.8564,36.49985],[-4.85613,36.4998],[-4.8558,36.49975],[-4.8554,36.49967],[-4.85502,36.4996],[-4.8548,36.49957],[-4.8544,36.49949],[-4.85406,36.4994],[-4.8538,36.49934],[-4.8534,36.49928],[-4.85314,36.4992],[-4.8528,36.4991],[-4.8524,36.49901],[-4.8522,36.49896],[-4.8518,36.49887],[-4.85147,36.4988],[-4.8512,36.49873],[-4.8508,36.49861],[-4.8506,36.49853],[-4.85023,36.4984],[-4.85,36.49832],[-4.84962,36.4982],[-4.8494,36.49813],[-4.849,36.49803],[-4.8488,36.49798],[-4.8484,36.49789],[-4.848,36.49782],[-4.8478,36.49779],[-4.8474,36.49768],[-4.8472,36.49757],[-4.847,36.49738],[-4.84664,36.4972],[-4.8464,36.49712],[-4.84606,36.497],[-4.8458,36.49692],[-4.8454,36.4968],[-4.8452,36.49674],[-4.84487,36.4966],[-4.8446,36.49643],[-4.8444,36.49634],[-4.844,36.49621],[-4.8438,36.49619],[-4.8434,36.49618],[-4.8432,36.49622],[-4.8428,36.4963],[-4.8424,36.49636],[-4.842,36.49637],[-4.8416,36.49639],[-4.8414,36.49642],[-4.841,36.49646],[-4.8406,36.49647],[-4.8402,36.49648],[-4.8398,36.49648],[-4.8394,36.49645],[-4.839,36.4964],[-4.8388,36.49638],[-4.8384,36.49632],[-4.838,36.49628],[-4.8376,36.49626],[-4.8372,36.49622],[-4.837,36.4962],[-4.8366,36.49613],[-4.8362,36.49605],[-4.83591,36.496],[-4.8356,36.49596],[-4.8352,36.49589],[-4.8348,36.49582],[-4.8346,36.49579],[-4.8342,36.49569],[-4.83394,36.4956],[-4.8336,36.49546],[-4.8334,36.49539],[-4.833,36.49527],[-4.8327,36.4952],[-4.8324,36.49513],[-4.832,36.49503],[-4.8318,36.49498],[-4.8314,36.49488],[-4.83111,36.4948],[-4.8308,36.49471],[-4.8304,36.4946],[-4.8302,36.49455],[-4.8298,36.49444],[-4.8296,36.49438],[-4.8292,36.49427],[-4.82895,36.4942],[-4.8286,36.4941],[-4.82829,36.494],[-4.828,36.49391],[-4.82769,36.4938],[-4.8274,36.49368],[-4.8272,36.49359],[-4.8268,36.49346],[-4.8266,36.49339],[-4.8262,36.49325],[-4.826,36.49318],[-4.8256,36.49304],[-4.8254,36.49297],[-4.825,36.49283],[-4.8248,36.49275],[-4.82451,36.4926],[-4.8242,36.4925],[-4.8238,36.49248],[-4.8234,36.49241],[-4.8232,36.49236],[-4.8228,36.49224],[-4.8226,36.49216],[-4.82235,36.492],[-4.82207,36.4918],[-4.82184,36.4916],[-4.82166,36.4914],[-4.8215,36.4912],[-4.82132,36.491],[-4.82109,36.4908],[-4.8208,36.49068],[-4.8206,36.4906],[-4.8202,36.49044],[-4.82,36.49036],[-4.8196,36.49021],[-4.8194,36.49014],[-4.819,36.49002],[-4.8188,36.48998],[-4.8184,36.48988],[-4.81818,36.4898],[-4.81801,36.4894],[-4.81787,36.4892],[-4.8176,36.48902],[-4.8174,36.48889],[-4.8172,36.48876],[-4.81695,36.4886],[-4.81663,36.4884],[-4.8164,36.48827],[-4.8162,36.48818],[-4.8158,36.488],[-4.8156,36.48791],[-4.81536,36.4878],[-4.815,36.48764],[-4.8148,36.48755],[-4.81448,36.4874],[-4.8142,36.48722],[-4.814,36.48714],[-4.81362,36.487],[-4.8134,36.48693],[-4.813,36.48681],[-4.8128,36.48676],[-4.8124,36.48667],[-4.812,36.4866],[-4.8118,36.48656],[-4.8114,36.48649],[-4.811,36.48642],[-4.8108,36.48639],[-4.81054,36.4864],[-4.8102,36.48647],[-4.8098,36.48655],[-4.80955,36.4866],[-4.8092,36.48668],[-4.8088,36.48676],[-4.8084,36.48675],[-4.808,36.48662],[-4.8078,36.48656],[-4.8074,36.48643],[-4.8072,36.48637],[-4.8068,36.48624],[-4.8066,36.48618],[-4.8062,36.48604],[-4.806,36.48598],[-4.8056,36.48584],[-4.8054,36.48577],[-4.805,36.48569],[-4.8046,36.48574],[-4.8042,36.48579],[-4.804,36.48582],[-4.8036,36.48587],[-4.8032,36.48597],[-4.803,36.48603],[-4.8026,36.48615],[-4.8024,36.4862],[-4.802,36.48632],[-4.8016,36.48633],[-4.80123,36.4862],[-4.801,36.48611],[-4.8007,36.486],[-4.8004,36.48588],[-4.80018,36.4858],[-4.7998,36.48567],[-4.7994,36.48565],[-4.799,36.48568],[-4.7986,36.48572],[-4.7982,36.48575],[-4.7978,36.48579],[-4.7976,36.48581],[-4.7972,36.48585],[-4.7968,36.48585],[-4.79652,36.4858],[-4.7962,36.48574],[-4.7958,36.48572],[-4.7954,36.48572],[-4.795,36.48565],[-4.7948,36.48556],[-4.79447,36.4854],[-4.7942,36.48527],[-4.7938,36.48525],[-4.7934,36.48524],[-4.793,36.48526],[-4.7926,36.4853],[-4.7922,36.48535],[-4.7918,36.48539],[-4.7914,36.48537],[-4.791,36.48528],[-4.7906,36.4852],[-4.7904,36.48516],[-4.79,36.48507],[-4.78964,36.485],[-4.7894,36.48495],[-4.789,36.48487],[-4.78867,36.4848],[-4.7884,36.48473],[-4.788,36.48463],[-4.7878,36.48458],[-4.7874,36.48447],[-4.78712,36.4844],[-4.7868,36.48431],[-4.7864,36.4842],[-4.7862,36.48415],[-4.7858,36.48406],[-4.78558,36.484],[-4.7852,36.48387],[-4.78498,36.4838],[-4.7846,36.48367],[-4.78438,36.4836],[-4.784,36.48345],[-4.7838,36.48338],[-4.7834,36.48322],[-4.7832,36.48315],[-4.7828,36.48301],[-4.7826,36.48296],[-4.7822,36.48286],[-4.782,36.4828],[-4.7816,36.48267],[-4.78138,36.4826],[-4.781,36.48248],[-4.78073,36.4824],[-4.7804,36.48233],[-4.78,36.4823],[-4.7796,36.48226],[-4.7792,36.48222],[-4.779,36.4822],[-4.7786,36.48217],[-4.7782,36.48214],[-4.7778,36.48212],[-4.7774,36.48207],[-4.777,36.48204],[-4.7766,36.48205],[-4.77622,36.482],[-4.776,36.48195],[-4.7756,36.48191],[-4.7752,36.48183],[-4.775,36.48177],[-4.7746,36.48166],[-4.7742,36.48165],[-4.7738,36.4816],[-4.7736,36.48157],[-4.7732,36.48149],[-4.7728,36.48145],[-4.77247,36.4814],[-4.7722,36.48136],[-4.7718,36.48125],[-4.7714,36.48123],[-4.7712,36.4812],[-4.7708,36.48112],[-4.7704,36.48106],[-4.7701,36.481],[-4.7698,36.48094],[-4.7694,36.48088],[-4.76915,36.4808],[-4.7688,36.48073],[-4.7684,36.48066],[-4.76816,36.4806],[-4.7678,36.48051],[-4.7674,36.48041],[-4.7672,36.48037],[-4.7668,36.48028],[-4.76645,36.4802],[-4.7662,36.48015],[-4.7658,36.48005],[-4.76557,36.48],[-4.7652,36.47991],[-4.7648,36.47981],[-4.7646,36.47976],[-4.7642,36.47965],[-4.764,36.4796],[-4.7636,36.47951],[-4.7632,36.47943],[-4.763,36.47938],[-4.7626,36.47926],[-4.7624,36.4792],[-4.762,36.47909],[-4.76164,36.479],[-4.7614,36.47893],[-4.761,36.47883],[-4.7608,36.47879],[-4.7604,36.47867],[-4.76013,36.4786],[-4.7598,36.47853],[-4.7594,36.47843],[-4.7592,36.47838],[-4.7588,36.47829],[-4.75846,36.4782],[-4.7582,36.47812],[-4.7578,36.47801],[-4.7576,36.47797],[-4.7572,36.47785],[-4.757,36.4778],[-4.7566,36.47769],[-4.75627,36.4776],[-4.756,36.47751],[-4.7556,36.47742],[-4.7554,36.47737],[-4.755,36.47723],[-4.7548,36.47717],[-4.7544,36.47707],[-4.75418,36.477],[-4.7538,36.47688],[-4.75345,36.4768],[-4.7532,36.47672],[-4.7528,36.4766],[-4.7526,36.47654],[-4.7522,36.47641],[-4.752,36.47632],[-4.7516,36.47621],[-4.7514,36.47614],[-4.751,36.47604],[-4.7508,36.47599],[-4.7504,36.47587],[-4.75011,36.4758],[-4.7498,36.47568],[-4.74947,36.4756],[-4.7492,36.47552],[-4.7488,36.47542],[-4.74859,36.4754],[-4.7482,36.47528],[-4.7478,36.4752],[-4.7476,36.47519],[-4.7472,36.47513],[-4.7468,36.47505],[-4.7466,36.47498],[-4.7462,36.47491],[-4.7458,36.47484],[-4.74553,36.4748],[-4.7452,36.47472],[-4.74483,36.4746],[-4.7446,36.47454],[-4.7442,36.47445],[-4.744,36.4744],[-4.7436,36.47427],[-4.74339,36.4742],[-4.743,36.47412],[-4.7426,36.47409],[-4.7422,36.47403],[-4.742,36.47399],[-4.7416,36.47388],[-4.74129,36.4738],[-4.741,36.47374],[-4.7406,36.47366],[-4.74028,36.4736],[-4.74,36.47356],[-4.7396,36.47351],[-4.7392,36.47347],[-4.7388,36.47343],[-4.7386,36.4734],[-4.7382,36.47334],[-4.7378,36.47328],[-4.7374,36.47322],[-4.7372,36.47319],[-4.7368,36.47312],[-4.7364,36.47306],[-4.73615,36.473],[-4.7358,36.47294],[-4.7354,36.47287],[-4.735,36.47281],[-4.7348,36.47277],[-4.7344,36.4727],[-4.734,36.47266],[-4.73371,36.4726],[-4.7334,36.47255],[-4.733,36.4725],[-4.7326,36.47245],[-4.7322,36.47241],[-4.732,36.47239],[-4.7316,36.47235],[-4.7312,36.47231],[-4.7308,36.47227],[-4.7304,36.47224],[-4.73,36.47221],[-4.7298,36.4722],[-4.7296,36.47226],[-4.72933,36.4724],[-4.72901,36.4726],[-4.7288,36.47274],[-4.7286,36.47283],[-4.7282,36.47292],[-4.72787,36.473],[-4.7277,36.473],[-4.7274,36.47291],[-4.7271,36.473],[-4.7268,36.47315],[-4.7264,36.47317],[-4.726,36.47318],[-4.7256,36.47317],[-4.72523,36.4732],[-4.72516,36.4732],[-4.7248,36.47316],[-4.7244,36.47313],[-4.724,36.47313],[-4.7236,36.47311],[-4.7232,36.4731],[-4.7228,36.47313],[-4.7224,36.47316],[-4.722,36.47312],[-4.7216,36.47312],[-4.7212,36.47313],[-4.7208,36.47312],[-4.7204,36.47311],[-4.72,36.47311],[-4.72,36.47311]]}},{"type":"Feature","properties":{"prof":20,"principal":true},"geometry":{"type":"LineString","coordinates":[[-4.97261,36.467],[-4.97259,36.467],[-4.9726,36.46739],[-4.97289,36.4672],[-4.97261,36.467],[-4.97261,36.467]]}},{"type":"Feature","properties":{"prof":20,"principal":true},"geometry":{"type":"LineString","coordinates":[[-4.93983,36.4786],[-4.9396,36.47848],[-4.9392,36.47849],[-4.939,36.4786],[-4.93888,36.479],[-4.9392,36.47917],[-4.9394,36.47923],[-4.9398,36.47938],[-4.94007,36.4792],[-4.94,36.47891],[-4.93983,36.4786],[-4.93983,36.4786]]}},{"type":"Feature","properties":{"prof":30,"principal":false},"geometry":{"type":"LineString","coordinates":[[-4.99946,36.4028],[-4.9992,36.40275],[-4.99916,36.403],[-4.99935,36.403],[-4.99946,36.4028],[-4.99946,36.4028]]}},{"type":"Feature","properties":{"prof":30,"principal":false},"geometry":{"type":"LineString","coordinates":[[-5.00052,36.4054],[-5.0002,36.40533],[-4.9998,36.40527],[-4.99948,36.4054],[-4.9994,36.40563],[-4.99928,36.406],[-4.9992,36.40624],[-4.999,36.40652],[-4.9988,36.40662],[-4.99846,36.4068],[-4.9982,36.40695],[-4.998,36.40706],[-4.99775,36.4072],[-4.9974,36.40739],[-4.9972,36.40749],[-4.997,36.40761],[-4.9968,36.40792],[-4.9966,36.40805],[-4.9964,36.40788],[-4.9962,36.40769],[-4.996,36.4076],[-4.9956,36.40754],[-4.9952,36.4075],[-4.9948,36.40745],[-4.9944,36.40741],[-4.9942,36.40738],[-4.9938,36.40733],[-4.9934,36.40728],[-4.993,36.40723],[-4.99277,36.4072],[-4.9924,36.40715],[-4.992,36.4071],[-4.9916,36.40709],[-4.99125,36.4072],[-4.991,36.40728],[-4.99061,36.4074],[-4.9904,36.40746],[-4.99,36.40758],[-4.9898,36.40767],[-4.98953,36.4078],[-4.98927,36.408],[-4.989,36.4082],[-4.9888,36.40834],[-4.9886,36.40851],[-4.9884,36.4087],[-4.9882,36.4089],[-4.988,36.40909],[-4.9878,36.40927],[-4.9876,36.40944],[-4.9874,36.40962],[-4.98718,36.4098],[-4.98694,36.41],[-4.98668,36.4102],[-4.98643,36.4104],[-4.98624,36.4106],[-4.98613,36.4108],[-4.986,36.41107],[-4.98589,36.4114],[-4.98609,36.4116],[-4.9864,36.41178],[-4.9866,36.41188],[-4.98682,36.412],[-4.9872,36.41219],[-4.9874,36.41222],[-4.9878,36.41225],[-4.9882,36.41228],[-4.9886,36.41231],[-4.989,36.41234],[-4.9894,36.41237],[-4.98961,36.4124],[-4.98986,36.4126],[-4.99,36.41288],[-4.9902,36.41316],[-4.99041,36.4132],[-4.9908,36.41324],[-4.9912,36.41328],[-4.9916,36.41336],[-4.9918,36.41343],[-4.9922,36.41357],[-4.9924,36.41364],[-4.9928,36.41377],[-4.993,36.41384],[-4.9934,36.41398],[-4.9936,36.41404],[-4.994,36.41407],[-4.9944,36.41408],[-4.9948,36.41409],[-4.9952,36.41412],[-4.9956,36.41416],[-4.99582,36.4142],[-4.99606,36.4144],[-4.99621,36.4146],[-4.9964,36.41487],[-4.9966,36.41509],[-4.99697,36.4152],[-4.9972,36.41526],[-4.9976,36.41535],[-4.9978,36.4154],[-4.9982,36.4155],[-4.9986,36.41559],[-4.9988,36.41564],[-4.9992,36.41573],[-4.99953,36.4158],[-4.9998,36.41585],[-5.00004,36.416],[-5.00029,36.4162],[-5.0006,36.41638],[-5.0008,36.41649],[-5.001,36.4166],[-5.00135,36.4168],[-5.0016,36.41694],[-5.0018,36.41705],[-5.00211,36.4172],[-5.0024,36.41734],[-5.0026,36.41743],[-5.00293,36.4176],[-5.0032,36.41773],[-5.0034,36.4178],[-5.0038,36.4178],[-5.004,36.41779],[-5.0044,36.41778],[-5.0048,36.41779],[-5.005,36.41781],[-5.0054,36.41783],[-5.0058,36.41786],[-5.0062,36.41788],[-5.00647,36.4178],[-5.0068,36.41764],[-5.00699,36.4174],[-5.00714,36.4172],[-5.00727,36.417],[-5.007,36.41681],[-5.0068,36.41673],[-5.0066,36.41642],[-5.00652,36.4162],[-5.0064,36.41585],[-5.00629,36.4156],[-5.00615,36.4154],[-5.00585,36.4152],[-5.0056,36.41505],[-5.0054,36.41493],[-5.00518,36.4148],[-5.00482,36.4146],[-5.0046,36.41445],[-5.0046,36.41438],[-5.0048,36.41418],[-5.00507,36.414],[-5.0054,36.41381],[-5.0056,36.41371],[-5.0058,36.41359],[-5.00607,36.4134],[-5.00615,36.413],[-5.00619,36.4126],[-5.0062,36.4124],[-5.00624,36.412],[-5.0064,36.41166],[-5.00659,36.4114],[-5.00675,36.4112],[-5.00681,36.411],[-5.0067,36.4108],[-5.00656,36.4106],[-5.0064,36.41036],[-5.0063,36.41],[-5.00638,36.4096],[-5.00628,36.4092],[-5.0062,36.40889],[-5.00609,36.4086],[-5.00592,36.4084],[-5.00575,36.4082],[-5.00559,36.408],[-5.0054,36.40777],[-5.0052,36.40753],[-5.005,36.40733],[-5.00462,36.4072],[-5.0045,36.407],[-5.00428,36.4068],[-5.004,36.40666],[-5.0038,36.40655],[-5.00349,36.4064],[-5.0032,36.40624],[-5.003,36.40614],[-5.00275,36.406],[-5.0024,36.40581],[-5.0022,36.40573],[-5.0018,36.40565],[-5.00154,36.4056],[-5.0012,36.40553],[-5.0008,36.40545],[-5.00052,36.4054],[-5.00052,36.4054]]}},{"type":"Feature","properties":{"prof":30,"principal":false},"geometry":{"type":"LineString","coordinates":[[-4.98555,36.4222],[-4.9852,36.42213],[-4.98499,36.4222],[-4.9846,36.42235],[-4.9844,36.42243],[-4.984,36.42257],[-4.9838,36.42268],[-4.9836,36.42282],[-4.98335,36.423],[-4.98308,36.4232],[-4.9828,36.4234],[-4.9826,36.42355],[-4.98245,36.4238],[-4.9824,36.424],[-4.98233,36.4244],[-4.98228,36.4248],[-4.98224,36.4252],[-4.9826,36.42528],[-4.9828,36.4252],[-4.9832,36.42502],[-4.9834,36.42492],[-4.98365,36.4248],[-4.984,36.42473],[-4.9842,36.42484],[-4.98444,36.425],[-4.98476,36.4252],[-4.985,36.42534],[-4.9852,36.42544],[-4.98552,36.4254],[-4.9858,36.42525],[-4.986,36.42514],[-4.98625,36.425],[-4.98659,36.4248],[-4.9868,36.42468],[-4.98691,36.4244],[-4.98679,36.4242],[-4.9866,36.42388],[-4.98643,36.4236],[-4.9863,36.4234],[-4.98617,36.4232],[-4.986,36.42291],[-4.98581,36.4226],[-4.98568,36.4224],[-4.98555,36.4222],[-4.98555,36.4222]]}},{"type":"Feature","properties":{"prof":30,"principal":false},"geometry":{"type":"LineString","coordinates":[[-4.98249,36.427],[-4.9822,36.42692],[-4.98185,36.427],[-4.9816,36.42706],[-4.9812,36.42715],[-4.981,36.42731],[-4.98081,36.4276],[-4.98067,36.4278],[-4.98053,36.428],[-4.9804,36.4282],[-4.98021,36.4286],[-4.98022,36.429],[-4.9804,36.42922],[-4.9806,36.42919],[-4.981,36.4291],[-4.9814,36.42901],[-4.9816,36.42897],[-4.982,36.42889],[-4.9823,36.4288],[-4.98241,36.4286],[-4.98244,36.4282],[-4.98246,36.4278],[-4.98249,36.4274],[-4.98249,36.427],[-4.98249,36.427]]}},{"type":"Feature","properties":{"prof":30,"principal":false},"geometry":{"type":"LineString","coordinates":[[-5.08,36.42809],[-5.07969,36.428],[-5.0794,36.42792],[-5.079,36.42782],[-5.0788,36.42777],[-5.0784,36.42765],[-5.0782,36.4276],[-5.0778,36.42751],[-5.0774,36.4276],[-5.0772,36.42765],[-5.0768,36.42775],[-5.07659,36.4278],[-5.0762,36.42782],[-5.07588,36.4278],[-5.0756,36.42778],[-5.0752,36.42776],[-5.0748,36.42777],[-5.0746,36.42781],[-5.0742,36.42789],[-5.0738,36.42797],[-5.0736,36.42802],[-5.0732,36.4281],[-5.0728,36.42815],[-5.0724,36.42813],[-5.072,36.4281],[-5.0716,36.42806],[-5.0712,36.42802],[-5.07096,36.428],[-5.0706,36.42797],[-5.0702,36.42793],[-5.0698,36.42789],[-5.0694,36.42785],[-5.069,36.42782],[-5.0688,36.4278],[-5.0684,36.42779],[-5.0682,36.4278],[-5.0678,36.42784],[-5.0674,36.42787],[-5.067,36.4279],[-5.0666,36.42793],[-5.0662,36.42795],[-5.0658,36.42798],[-5.06544,36.428],[-5.0652,36.42802],[-5.0648,36.42804],[-5.0644,36.42807],[-5.064,36.42809],[-5.0636,36.42811],[-5.0632,36.42814],[-5.0628,36.4282],[-5.0626,36.42822],[-5.0622,36.42828],[-5.0618,36.42833],[-5.0614,36.42839],[-5.0612,36.42841],[-5.0608,36.42842],[-5.0604,36.42841],[-5.06,36.42841],[-5.0596,36.42841],[-5.0592,36.42841],[-5.0588,36.42841],[-5.0584,36.4284],[-5.058,36.4284],[-5.0576,36.42841],[-5.0572,36.42843],[-5.0568,36.42846],[-5.0564,36.42848],[-5.056,36.42851],[-5.0556,36.42853],[-5.0552,36.42855],[-5.05482,36.4286],[-5.05467,36.4288],[-5.0544,36.42898],[-5.0542,36.42903],[-5.05389,36.429],[-5.0536,36.42881],[-5.0534,36.42876],[-5.053,36.42875],[-5.0526,36.42877],[-5.05225,36.4288],[-5.052,36.42882],[-5.0516,36.42885],[-5.0512,36.42888],[-5.0508,36.42891],[-5.0504,36.42894],[-5.05,36.42897],[-5.0496,36.429],[-5.0494,36.42901],[-5.049,36.42904],[-5.0486,36.42908],[-5.0482,36.42911],[-5.0478,36.42908],[-5.0475,36.429],[-5.0472,36.42897],[-5.047,36.42907],[-5.04679,36.4292],[-5.04649,36.4294],[-5.0462,36.42958],[-5.046,36.4297],[-5.0458,36.42983],[-5.04553,36.43],[-5.0452,36.43016],[-5.0448,36.43018],[-5.04442,36.4302],[-5.0442,36.43023],[-5.0438,36.43036],[-5.0436,36.43045],[-5.04327,36.4306],[-5.04305,36.4308],[-5.04287,36.431],[-5.04268,36.4312],[-5.04249,36.4314],[-5.0422,36.43158],[-5.042,36.43169],[-5.04178,36.4318],[-5.0414,36.432],[-5.0412,36.4321],[-5.041,36.43222],[-5.04072,36.4324],[-5.04044,36.4326],[-5.0402,36.43278],[-5.04,36.43293],[-5.0398,36.43308],[-5.0396,36.43321],[-5.0392,36.43333],[-5.03893,36.4334],[-5.0386,36.43349],[-5.03823,36.4336],[-5.038,36.43367],[-5.0376,36.43379],[-5.0374,36.43386],[-5.037,36.43399],[-5.0368,36.43405],[-5.0364,36.43417],[-5.0362,36.43423],[-5.0358,36.43436],[-5.0356,36.43442],[-5.0352,36.43455],[-5.035,36.43462],[-5.0346,36.43475],[-5.0344,36.43481],[-5.034,36.43492],[-5.0336,36.43494],[-5.0332,36.43496],[-5.0328,36.43498],[-5.0325,36.435],[-5.0322,36.43502],[-5.0318,36.43504],[-5.0314,36.43506],[-5.031,36.43508],[-5.0306,36.4351],[-5.0302,36.43512],[-5.0298,36.43515],[-5.0294,36.43518],[-5.02908,36.4352],[-5.0288,36.43522],[-5.02853,36.4352],[-5.0282,36.43502],[-5.028,36.43492],[-5.02778,36.4348],[-5.0274,36.4346],[-5.0272,36.43449],[-5.027,36.43438],[-5.02664,36.4342],[-5.0264,36.43408],[-5.0262,36.43398],[-5.02586,36.4338],[-5.0256,36.43366],[-5.0254,36.43355],[-5.02511,36.4334],[-5.0248,36.43325],[-5.0246,36.43315],[-5.02431,36.433],[-5.024,36.43283],[-5.0238,36.43273],[-5.02357,36.4326],[-5.0232,36.43241],[-5.023,36.43229],[-5.0228,36.4321],[-5.0226,36.43191],[-5.0224,36.43172],[-5.0222,36.43153],[-5.022,36.43136],[-5.0218,36.43117],[-5.0216,36.43097],[-5.0214,36.43078],[-5.0212,36.4306],[-5.02098,36.4304],[-5.02077,36.4302],[-5.02057,36.43],[-5.02034,36.4298],[-5.02,36.42965],[-5.0198,36.4296],[-5.0194,36.42949],[-5.0191,36.4294],[-5.0188,36.42931],[-5.01841,36.4292],[-5.0182,36.42914],[-5.0178,36.42902],[-5.0176,36.42897],[-5.0172,36.42886],[-5.01699,36.4288],[-5.0166,36.42871],[-5.0162,36.42871],[-5.0158,36.42871],[-5.0154,36.42866],[-5.0152,36.42859],[-5.0148,36.4284],[-5.0146,36.42835],[-5.0142,36.4284],[-5.014,36.42844],[-5.0136,36.42848],[-5.0132,36.42842],[-5.013,36.42838],[-5.0126,36.42829],[-5.0122,36.42834],[-5.012,36.42841],[-5.0116,36.42854],[-5.0114,36.42861],[-5.011,36.42874],[-5.0108,36.4288],[-5.0104,36.4289],[-5.01,36.42899],[-5.0098,36.42904],[-5.0094,36.42913],[-5.00911,36.4292],[-5.0088,36.42927],[-5.0084,36.42937],[-5.0082,36.42942],[-5.0078,36.42954],[-5.0076,36.42973],[-5.0074,36.42997],[-5.00731,36.4302],[-5.00725,36.4306],[-5.0072,36.43093],[-5.00716,36.4312],[-5.0071,36.4316],[-5.00704,36.432],[-5.007,36.4323],[-5.00695,36.4326],[-5.00691,36.433],[-5.00691,36.4334],[-5.0068,36.43377],[-5.00678,36.434],[-5.00673,36.4344],[-5.00664,36.4348],[-5.00659,36.435],[-5.0065,36.4354],[-5.0064,36.4358],[-5.00635,36.436],[-5.00624,36.4364],[-5.00616,36.4366],[-5.006,36.43681],[-5.0056,36.4368],[-5.0054,36.43675],[-5.005,36.43665],[-5.0048,36.43659],[-5.0044,36.43647],[-5.00415,36.4364],[-5.0038,36.4363],[-5.0034,36.43625],[-5.00304,36.4364],[-5.0028,36.4365],[-5.00257,36.4366],[-5.0022,36.43675],[-5.002,36.43683],[-5.0016,36.43698],[-5.0014,36.43707],[-5.00107,36.4372],[-5.0008,36.43729],[-5.0005,36.4374],[-5.0002,36.43746],[-4.9998,36.43757],[-4.9996,36.43763],[-4.9992,36.43772],[-4.99894,36.4378],[-4.9986,36.43788],[-4.9982,36.43798],[-4.998,36.43804],[-4.9976,36.43814],[-4.99737,36.4382],[-4.997,36.4383],[-4.9966,36.4384],[-4.9964,36.43845],[-4.996,36.43855],[-4.99578,36.4386],[-4.9954,36.43873],[-4.9952,36.43883],[-4.9948,36.43893],[-4.9944,36.43891],[-4.994,36.4389],[-4.9936,36.43888],[-4.9932,36.43882],[-4.993,36.43869],[-4.99281,36.4384],[-4.99269,36.4382],[-4.9926,36.438],[-4.99247,36.4376],[-4.9924,36.43738],[-4.99229,36.437],[-4.992,36.43693],[-4.9916,36.4369],[-4.9912,36.4369],[-4.9908,36.43689],[-4.9904,36.43688],[-4.99,36.43688],[-4.9896,36.43687],[-4.98927,36.437],[-4.98901,36.4372],[-4.9888,36.43737],[-4.9886,36.43756],[-4.9885,36.4378],[-4.98842,36.4382],[-4.98838,36.4384],[-4.9883,36.4388],[-4.98823,36.4392],[-4.98818,36.4394],[-4.98794,36.4396],[-4.98767,36.4398],[-4.98741,36.44],[-4.9872,36.44016],[-4.987,36.44031],[-4.9868,36.44045],[-4.98658,36.4406],[-4.98629,36.4408],[-4.98601,36.441],[-4.9858,36.44114],[-4.9856,36.44126],[-4.98534,36.4414],[-4.985,36.44159],[-4.9848,36.4417],[-4.9846,36.44181],[-4.98424,36.442],[-4.984,36.44212],[-4.9838,36.44224],[-4.98353,36.4424],[-4.98321,36.4426],[-4.983,36.44276],[-4.9828,36.443],[-4.98267,36.4432],[-4.98254,36.4434],[-4.9824,36.44363],[-4.9822,36.44385],[-4.98198,36.444],[-4.98169,36.4442],[-4.9814,36.4444],[-4.9812,36.44453],[-4.981,36.44466],[-4.98078,36.4448],[-4.98045,36.445],[-4.98025,36.4452],[-4.98007,36.4454],[-4.97989,36.4456],[-4.9797,36.4458],[-4.9795,36.446],[-4.97929,36.4462],[-4.97909,36.4464],[-4.97887,36.4466],[-4.97865,36.4468],[-4.97845,36.447],[-4.97821,36.4472],[-4.978,36.44725],[-4.9776,36.44728],[-4.9772,36.4473],[-4.9768,36.44733],[-4.9764,36.44735],[-4.976,36.44738],[-4.97572,36.4474],[-4.9754,36.44742],[-4.975,36.44745],[-4.9746,36.44748],[-4.9742,36.44751],[-4.9738,36.44754],[-4.9734,36.44758],[-4.97308,36.4476],[-4.9728,36.44762],[-4.9724,36.44769],[-4.972,36.44776],[-4.9718,36.4478],[-4.9714,36.44788],[-4.971,36.44795],[-4.97076,36.448],[-4.9704,36.44807],[-4.97,36.44814],[-4.96971,36.4482],[-4.9694,36.44825],[-4.969,36.44832],[-4.9686,36.44839],[-4.9684,36.44842],[-4.968,36.44847],[-4.9676,36.44859],[-4.9676,36.44861],[-4.9678,36.44887],[-4.968,36.44906],[-4.9682,36.44924],[-4.9684,36.44942],[-4.9686,36.44961],[-4.9688,36.44981],[-4.969,36.45],[-4.96923,36.4502],[-4.96944,36.4504],[-4.96965,36.4506],[-4.96948,36.4508],[-4.9692,36.45092],[-4.969,36.45103],[-4.9686,36.4512],[-4.9684,36.4513],[-4.9682,36.45142],[-4.968,36.45164],[-4.9678,36.45188],[-4.9676,36.45212],[-4.9674,36.45236],[-4.9672,36.4526],[-4.967,36.45273],[-4.9668,36.45283],[-4.96641,36.453],[-4.9662,36.4531],[-4.96598,36.4532],[-4.9656,36.45337],[-4.9654,36.45347],[-4.9651,36.4536],[-4.9648,36.45373],[-4.9646,36.45382],[-4.96426,36.454],[-4.964,36.45416],[-4.9638,36.45428],[-4.9636,36.45441],[-4.96326,36.4546],[-4.963,36.45475],[-4.9628,36.45486],[-4.96255,36.455],[-4.96226,36.4552],[-4.96212,36.4554],[-4.962,36.4556],[-4.9618,36.45593],[-4.96164,36.4562],[-4.96151,36.4564],[-4.96137,36.4566],[-4.96117,36.4568],[-4.96087,36.457],[-4.9606,36.45717],[-4.9604,36.45729],[-4.9602,36.45741],[-4.95991,36.4576],[-4.95961,36.4578],[-4.9594,36.45793],[-4.9592,36.45806],[-4.95896,36.4582],[-4.9586,36.4584],[-4.9584,36.45851],[-4.9582,36.45861],[-4.95786,36.4588],[-4.9576,36.45894],[-4.9574,36.45904],[-4.9571,36.4592],[-4.9568,36.45937],[-4.9566,36.45949],[-4.9564,36.4596],[-4.95605,36.4598],[-4.9558,36.45994],[-4.9556,36.46007],[-4.9554,36.4602],[-4.95508,36.4604],[-4.9548,36.46057],[-4.9546,36.46069],[-4.9544,36.4608],[-4.95406,36.461],[-4.9538,36.46116],[-4.9536,36.4613],[-4.9534,36.46144],[-4.95317,36.4616],[-4.95287,36.4618],[-4.95263,36.462],[-4.9524,36.4622],[-4.95225,36.4624],[-4.95216,36.4626],[-4.952,36.46296],[-4.95189,36.4632],[-4.95176,36.4634],[-4.95159,36.4636],[-4.95132,36.4638],[-4.95104,36.464],[-4.9508,36.46417],[-4.9506,36.4643],[-4.9504,36.46443],[-4.95014,36.4646],[-4.94985,36.4648],[-4.9496,36.46496],[-4.9494,36.46506],[-4.94912,36.4652],[-4.94883,36.4654],[-4.9486,36.46558],[-4.9484,36.46573],[-4.9482,36.46589],[-4.948,36.46604],[-4.94777,36.4662],[-4.9475,36.4664],[-4.94725,36.4666],[-4.947,36.46679],[-4.9468,36.46693],[-4.9466,36.46702],[-4.94624,36.4672],[-4.946,36.46732],[-4.9458,36.46742],[-4.9454,36.46757],[-4.9452,36.46764],[-4.9448,36.46771],[-4.94451,36.4678],[-4.9444,36.46813],[-4.9442,36.46838],[-4.944,36.46854],[-4.9438,36.4687],[-4.9436,36.46885],[-4.94338,36.469],[-4.94315,36.4692],[-4.94291,36.4694],[-4.9426,36.46956],[-4.9424,36.46965],[-4.94209,36.4698],[-4.9418,36.46992],[-4.9414,36.46999],[-4.9412,36.47001],[-4.9408,36.47004],[-4.94045,36.4702],[-4.9402,36.47023],[-4.9398,36.47027],[-4.9394,36.4704],[-4.9392,36.47048],[-4.9388,36.47045],[-4.9384,36.47051],[-4.93815,36.4706],[-4.9378,36.47074],[-4.9376,36.47087],[-4.9374,36.47104],[-4.9372,36.4712],[-4.9369,36.4714],[-4.93661,36.4716],[-4.9364,36.47178],[-4.9362,36.4719],[-4.936,36.47201],[-4.93566,36.4722],[-4.9354,36.47234],[-4.9352,36.47244],[-4.93492,36.4726],[-4.9346,36.47278],[-4.9344,36.47288],[-4.93418,36.473],[-4.9338,36.47315],[-4.9336,36.47325],[-4.93328,36.4734],[-4.933,36.47354],[-4.9328,36.47364],[-4.93249,36.4738],[-4.9322,36.47395],[-4.932,36.47404],[-4.93166,36.4742],[-4.9314,36.47433],[-4.9312,36.47443],[-4.93086,36.4746],[-4.9306,36.47473],[-4.9304,36.47482],[-4.93,36.475],[-4.9298,36.47509],[-4.92956,36.4752],[-4.9292,36.47537],[-4.929,36.47547],[-4.92873,36.4756],[-4.9284,36.47576],[-4.9282,36.47585],[-4.9278,36.47598],[-4.9276,36.47602],[-4.9272,36.47607],[-4.9268,36.47611],[-4.9264,36.47614],[-4.926,36.47617],[-4.9256,36.47619],[-4.9254,36.4762],[-4.925,36.47623],[-4.9246,36.47625],[-4.9242,36.47627],[-4.9238,36.47629],[-4.9234,36.47631],[-4.923,36.47633],[-4.9226,36.47636],[-4.92235,36.4764],[-4.922,36.47654],[-4.9218,36.47662],[-4.9214,36.47678],[-4.9212,36.47687],[-4.92089,36.477],[-4.9206,36.47716],[-4.9204,36.47728],[-4.9202,36.4774],[-4.91987,36.4776],[-4.91987,36.478],[-4.91998,36.4784],[-4.92005,36.4786],[-4.92,36.47888],[-4.91972,36.479],[-4.9194,36.47907],[-4.919,36.47916],[-4.9188,36.4792],[-4.9184,36.47928],[-4.918,36.47936],[-4.9178,36.4794],[-4.9174,36.47948],[-4.917,36.47956],[-4.9168,36.47961],[-4.9164,36.47976],[-4.9162,36.47984],[-4.91587,36.48],[-4.9156,36.48014],[-4.9154,36.48024],[-4.91507,36.4804],[-4.9148,36.48053],[-4.9146,36.48063],[-4.91427,36.4808],[-4.914,36.48093],[-4.9138,36.48103],[-4.91343,36.4812],[-4.9132,36.4813],[-4.91296,36.4814],[-4.9126,36.48156],[-4.9124,36.48164],[-4.91203,36.4818],[-4.9118,36.4819],[-4.91155,36.482],[-4.9112,36.48214],[-4.911,36.48222],[-4.9106,36.48239],[-4.9104,36.48247],[-4.91007,36.4826],[-4.9098,36.48271],[-4.90956,36.4828],[-4.9092,36.48298],[-4.909,36.48308],[-4.90879,36.4832],[-4.90846,36.4834],[-4.9082,36.48356],[-4.908,36.48367],[-4.90775,36.4838],[-4.9074,36.4839],[-4.90702,36.484],[-4.9068,36.48406],[-4.9064,36.48417],[-4.9062,36.48422],[-4.9058,36.48433],[-4.90555,36.4844],[-4.9052,36.4845],[-4.90486,36.4846],[-4.9046,36.48467],[-4.9042,36.48476],[-4.904,36.48481],[-4.9036,36.4849],[-4.9032,36.485],[-4.903,36.48505],[-4.9026,36.48514],[-4.90236,36.4852],[-4.902,36.4853],[-4.9016,36.4854],[-4.9014,36.48546],[-4.901,36.48557],[-4.9008,36.48561],[-4.9004,36.48571],[-4.90001,36.4858],[-4.8998,36.48588],[-4.8995,36.486],[-4.8992,36.48612],[-4.899,36.4862],[-4.8986,36.48635],[-4.8984,36.48643],[-4.898,36.48657],[-4.8978,36.48665],[-4.89741,36.4868],[-4.8972,36.48687],[-4.8968,36.487],[-4.8966,36.48705],[-4.8962,36.48715],[-4.896,36.48721],[-4.8956,36.4873],[-4.8952,36.4874],[-4.895,36.48745],[-4.8946,36.48755],[-4.8944,36.48761],[-4.894,36.48778],[-4.8938,36.48786],[-4.89341,36.488],[-4.8932,36.48808],[-4.8929,36.4882],[-4.8926,36.48831],[-4.89237,36.4884],[-4.892,36.48855],[-4.8918,36.48863],[-4.8914,36.48878],[-4.8912,36.48884],[-4.8908,36.48895],[-4.8906,36.489],[-4.8902,36.48911],[-4.88984,36.4892],[-4.8896,36.48926],[-4.8892,36.48937],[-4.889,36.48943],[-4.8886,36.48953],[-4.88834,36.4896],[-4.888,36.48971],[-4.88769,36.4898],[-4.8874,36.48989],[-4.88706,36.49],[-4.8868,36.49008],[-4.88641,36.4902],[-4.8862,36.49027],[-4.88581,36.4904],[-4.8856,36.49047],[-4.88522,36.4906],[-4.885,36.49067],[-4.88461,36.4908],[-4.8844,36.49087],[-4.884,36.49098],[-4.8838,36.49102],[-4.8834,36.4911],[-4.883,36.49119],[-4.8828,36.49123],[-4.8824,36.49132],[-4.88202,36.4914],[-4.8818,36.49145],[-4.8814,36.49153],[-4.88109,36.4916],[-4.8808,36.49166],[-4.8804,36.49173],[-4.88,36.49174],[-4.8797,36.4918],[-4.8794,36.49186],[-4.879,36.49196],[-4.8788,36.49205],[-4.8784,36.49209],[-4.87819,36.4922],[-4.8778,36.49237],[-4.8774,36.49239],[-4.87705,36.4924],[-4.8768,36.49242],[-4.8764,36.49246],[-4.876,36.49256],[-4.87579,36.4926],[-4.8754,36.49272],[-4.87516,36.4928],[-4.87481,36.493],[-4.8746,36.49314],[-4.8744,36.49323],[-4.874,36.49332],[-4.8736,36.49339],[-4.8734,36.49341],[-4.873,36.49345],[-4.8726,36.49349],[-4.8722,36.49351],[-4.8718,36.49345],[-4.8714,36.49345],[-4.871,36.49348],[-4.8706,36.4936],[-4.8704,36.49369],[-4.87012,36.4938],[-4.8698,36.49382],[-4.8696,36.4938],[-4.8692,36.49378],[-4.8688,36.49372],[-4.8684,36.49363],[-4.8682,36.49359],[-4.8678,36.49348],[-4.86748,36.4934],[-4.8672,36.49332],[-4.8668,36.49321],[-4.8666,36.49319],[-4.8664,36.49325],[-4.866,36.49331],[-4.8656,36.49334],[-4.86525,36.4934],[-4.865,36.49343],[-4.8646,36.49347],[-4.8642,36.49346],[-4.8638,36.49346],[-4.8634,36.49349],[-4.863,36.49355],[-4.8628,36.49363],[-4.86249,36.4938],[-4.8622,36.49397],[-4.862,36.49407],[-4.86174,36.4942],[-4.8614,36.49435],[-4.8612,36.49442],[-4.8608,36.4945],[-4.8604,36.49449],[-4.86,36.49451],[-4.85962,36.4946],[-4.8594,36.49469],[-4.859,36.49474],[-4.8588,36.49485],[-4.8584,36.4949],[-4.858,36.49491],[-4.8576,36.4949],[-4.8572,36.49491],[-4.8568,36.49491],[-4.8564,36.49491],[-4.856,36.49489],[-4.8556,36.49488],[-4.8552,36.49486],[-4.8548,36.49483],[-4.85455,36.4948],[-4.8542,36.49476],[-4.8538,36.4947],[-4.8534,36.49463],[-4.85319,36.4946],[-4.8528,36.49454],[-4.8524,36.49447],[-4.85211,36.4944],[-4.8518,36.49432],[-4.8514,36.49422],[-4.8512,36.49416],[-4.8508,36.49404],[-4.8506,36.49397],[-4.8502,36.4938],[-4.85,36.49371],[-4.84973,36.4936],[-4.8494,36.49348],[-4.8492,36.49339],[-4.84882,36.4932],[-4.8486,36.49306],[-4.8484,36.49288],[-4.8482,36.49263],[-4.84808,36.4924],[-4.848,36.49219],[-4.84785,36.4918],[-4.84776,36.4916],[-4.8476,36.4913],[-4.84741,36.491],[-4.84723,36.4908],[-4.847,36.49061],[-4.8468,36.49056],[-4.8464,36.49051],[-4.846,36.49059],[-4.8458,36.49072],[-4.8456,36.49083],[-4.8453,36.491],[-4.845,36.49118],[-4.8448,36.49128],[-4.84448,36.4914],[-4.8442,36.49147],[-4.8438,36.4915],[-4.8434,36.4914],[-4.8432,36.49139],[-4.843,36.4916],[-4.84283,36.4918],[-4.8426,36.49193],[-4.8424,36.49201],[-4.842,36.49212],[-4.84162,36.4922],[-4.8414,36.49224],[-4.841,36.49229],[-4.8406,36.4923],[-4.8402,36.49229],[-4.8398,36.49226],[-4.8394,36.49222],[-4.83916,36.4922],[-4.8388,36.49212],[-4.83856,36.492],[-4.8382,36.49194],[-4.8378,36.49192],[-4.8374,36.49183],[-4.8372,36.49179],[-4.8368,36.49168],[-4.83652,36.4916],[-4.8362,36.49151],[-4.8358,36.4914],[-4.8356,36.49138],[-4.8352,36.49132],[-4.8348,36.49126],[-4.83456,36.4912],[-4.8342,36.49117],[-4.8338,36.49106],[-4.83346,36.491],[-4.8332,36.49094],[-4.8328,36.49087],[-4.8324,36.49084],[-4.832,36.49081],[-4.83167,36.4908],[-4.8314,36.49079],[-4.831,36.49077],[-4.8306,36.49076],[-4.8302,36.49075],[-4.8298,36.49073],[-4.8294,36.49068],[-4.829,36.49064],[-4.82873,36.4906],[-4.8284,36.49056],[-4.828,36.4905],[-4.8276,36.49046],[-4.8272,36.49044],[-4.8268,36.49043],[-4.8264,36.49041],[-4.8262,36.49039],[-4.8258,36.49037],[-4.8254,36.49032],[-4.825,36.49028],[-4.8246,36.49024],[-4.82437,36.4902],[-4.824,36.49013],[-4.8236,36.49005],[-4.82339,36.49],[-4.823,36.48991],[-4.8226,36.48981],[-4.8224,36.48976],[-4.822,36.48962],[-4.8218,36.48956],[-4.8214,36.48941],[-4.8212,36.48934],[-4.82084,36.4892],[-4.8206,36.48911],[-4.82029,36.489],[-4.82005,36.4888],[-4.81992,36.4886],[-4.8196,36.48853],[-4.8192,36.48847],[-4.81884,36.4884],[-4.8186,36.48832],[-4.81836,36.4882],[-4.81816,36.488],[-4.8178,36.48789],[-4.8174,36.4878],[-4.8172,36.48772],[-4.8169,36.4876],[-4.8166,36.48748],[-4.8164,36.4874],[-4.816,36.48722],[-4.8158,36.48714],[-4.81548,36.487],[-4.8152,36.48687],[-4.815,36.48678],[-4.8146,36.48662],[-4.8144,36.48653],[-4.81409,36.4864],[-4.8138,36.48627],[-4.8136,36.48619],[-4.8132,36.48603],[-4.813,36.48596],[-4.8126,36.48581],[-4.8124,36.48575],[-4.812,36.48564],[-4.8118,36.4856],[-4.8114,36.48546],[-4.8112,36.48539],[-4.8108,36.48527],[-4.81056,36.4852],[-4.8102,36.4852],[-4.8098,36.48507],[-4.8096,36.48497],[-4.80926,36.4848],[-4.809,36.48472],[-4.8086,36.4846],[-4.8084,36.48454],[-4.808,36.48441],[-4.8078,36.48435],[-4.8074,36.4842],[-4.8072,36.48413],[-4.80687,36.484],[-4.8066,36.48389],[-4.80637,36.4838],[-4.806,36.48367],[-4.8058,36.4836],[-4.8054,36.48352],[-4.805,36.48349],[-4.8046,36.48348],[-4.8042,36.4835],[-4.8038,36.48354],[-4.8034,36.48359],[-4.8032,36.48363],[-4.8028,36.48373],[-4.80253,36.4838],[-4.8022,36.4839],[-4.80193,36.484],[-4.8016,36.48416],[-4.8014,36.48423],[-4.80102,36.4844],[-4.8008,36.48449],[-4.80046,36.4846],[-4.8002,36.48467],[-4.7998,36.48476],[-4.79957,36.4848],[-4.7992,36.48484],[-4.7988,36.48485],[-4.7984,36.48486],[-4.798,36.48484],[-4.7976,36.48481],[-4.79731,36.4848],[-4.797,36.48477],[-4.7966,36.48473],[-4.7962,36.48464],[-4.79611,36.4844],[-4.7958,36.48427],[-4.7954,36.48428],[-4.795,36.48429],[-4.7946,36.4843],[-4.7942,36.48428],[-4.7938,36.48423],[-4.7936,36.48418],[-4.7932,36.48409],[-4.79284,36.484],[-4.7926,36.48395],[-4.7922,36.48389],[-4.79187,36.4838],[-4.7916,36.48371],[-4.79127,36.4836],[-4.791,36.4835],[-4.79073,36.4834],[-4.7904,36.48326],[-4.7902,36.48317],[-4.78982,36.483],[-4.7896,36.48291],[-4.78934,36.4828],[-4.789,36.48264],[-4.7888,36.48255],[-4.78841,36.4824],[-4.7882,36.48232],[-4.78788,36.4822],[-4.7876,36.4821],[-4.78733,36.482],[-4.787,36.48188],[-4.78676,36.4818],[-4.7864,36.48169],[-4.78609,36.4816],[-4.7858,36.48151],[-4.78556,36.4814],[-4.7852,36.48124],[-4.785,36.48116],[-4.7846,36.48102],[-4.7844,36.48095],[-4.784,36.48083],[-4.7838,36.48076],[-4.7834,36.48064],[-4.7832,36.48057],[-4.7828,36.48047],[-4.7824,36.48041],[-4.7822,36.48037],[-4.7818,36.48031],[-4.7814,36.48025],[-4.78107,36.4802],[-4.7808,36.48015],[-4.7804,36.48008],[-4.78,36.48],[-4.7798,36.47996],[-4.7794,36.4799],[-4.779,36.47985],[-4.77865,36.4798],[-4.7784,36.47977],[-4.778,36.47971],[-4.7776,36.47965],[-4.7772,36.4796],[-4.777,36.47958],[-4.7766,36.47956],[-4.7762,36.47956],[-4.7758,36.47956],[-4.7754,36.47955],[-4.775,36.4795],[-4.7746,36.47942],[-4.7744,36.47939],[-4.774,36.47931],[-4.7736,36.47923],[-4.7734,36.47919],[-4.773,36.4791],[-4.7726,36.47901],[-4.7724,36.47896],[-4.772,36.47888],[-4.7716,36.47881],[-4.7714,36.47879],[-4.771,36.47876],[-4.7706,36.47874],[-4.7702,36.4787],[-4.7698,36.47864],[-4.76957,36.4786],[-4.7692,36.47854],[-4.7688,36.47848],[-4.7684,36.47842],[-4.7682,36.47838],[-4.7678,36.47831],[-4.7674,36.47823],[-4.7672,36.47819],[-4.7668,36.47811],[-4.7664,36.47803],[-4.7662,36.47799],[-4.7658,36.4779],[-4.7654,36.47782],[-4.7652,36.47777],[-4.7648,36.47768],[-4.76447,36.4776],[-4.7642,36.47752],[-4.7638,36.4774],[-4.7636,36.47735],[-4.7632,36.47728],[-4.7628,36.4772],[-4.7626,36.47715],[-4.76221,36.477],[-4.762,36.47692],[-4.76167,36.4768],[-4.7614,36.4767],[-4.76114,36.4766],[-4.7608,36.47647],[-4.76059,36.4764],[-4.7602,36.47627],[-4.75999,36.4762],[-4.7596,36.47607],[-4.75939,36.476],[-4.759,36.47588],[-4.75873,36.4758],[-4.7584,36.47569],[-4.75811,36.4756],[-4.7578,36.4755],[-4.75746,36.4754],[-4.7572,36.47532],[-4.7568,36.47521],[-4.7566,36.47517],[-4.7562,36.4751],[-4.7558,36.47503],[-4.7556,36.475],[-4.7552,36.47492],[-4.7548,36.47485],[-4.75453,36.4748],[-4.7542,36.47472],[-4.7538,36.47464],[-4.7536,36.4746],[-4.7532,36.4745],[-4.7528,36.47441],[-4.7526,36.47436],[-4.7522,36.47426],[-4.75195,36.4742],[-4.7516,36.47411],[-4.7512,36.47402],[-4.751,36.47397],[-4.7506,36.47385],[-4.7504,36.47379],[-4.75,36.47366],[-4.7498,36.47357],[-4.7494,36.47343],[-4.7492,36.47337],[-4.7488,36.47322],[-4.7486,36.47313],[-4.74829,36.473],[-4.748,36.47286],[-4.7478,36.47276],[-4.74749,36.4726],[-4.7472,36.47246],[-4.747,36.47237],[-4.74663,36.4722],[-4.7464,36.4721],[-4.7461,36.472],[-4.7458,36.4719],[-4.74552,36.4718],[-4.7452,36.47168],[-4.745,36.4716],[-4.7446,36.47146],[-4.7444,36.4714],[-4.744,36.47129],[-4.7436,36.47124],[-4.74325,36.4712],[-4.743,36.47116],[-4.7426,36.47109],[-4.7422,36.47102],[-4.742,36.47099],[-4.7416,36.47091],[-4.7412,36.47081],[-4.741,36.47076],[-4.7406,36.47067],[-4.74031,36.4706],[-4.74,36.47053],[-4.7396,36.47044],[-4.7394,36.4704],[-4.739,36.4703],[-4.7386,36.4702],[-4.7384,36.47017],[-4.738,36.47013],[-4.7376,36.47011],[-4.7372,36.47009],[-4.7368,36.47009],[-4.7364,36.47008],[-4.736,36.47007],[-4.7356,36.47],[-4.7354,36.46996],[-4.735,36.46989],[-4.7346,36.46985],[-4.7342,36.46984],[-4.73387,36.4698],[-4.7336,36.46975],[-4.7332,36.4697],[-4.7328,36.46966],[-4.73243,36.4696],[-4.7322,36.46955],[-4.7318,36.46946],[-4.73154,36.4694],[-4.7312,36.46929],[-4.73098,36.4692],[-4.7306,36.46901],[-4.7304,36.46896],[-4.73,36.46893],[-4.7296,36.46891],[-4.7292,36.46888],[-4.7288,36.46888],[-4.7284,36.46898],[-4.728,36.46898],[-4.7276,36.46893],[-4.7272,36.46886],[-4.72687,36.4688],[-4.7266,36.46875],[-4.7262,36.46868],[-4.72582,36.4686],[-4.7256,36.46855],[-4.7252,36.46846],[-4.72488,36.4684],[-4.7246,36.46831],[-4.72421,36.4682],[-4.724,36.46816],[-4.7236,36.46809],[-4.72321,36.468],[-4.723,36.46795],[-4.7226,36.46788],[-4.7222,36.4678],[-4.722,36.46776],[-4.7216,36.46779],[-4.7214,36.4678],[-4.72109,36.4678],[-4.7208,36.46778],[-4.7204,36.46769],[-4.7201,36.4676],[-4.72,36.46757]]}},{"type":"Feature","properties":{"prof":30,"principal":false},"geometry":{"type":"LineString","coordinates":[[-4.99225,36.4328],[-4.99218,36.4328],[-4.9918,36.43295],[-4.9916,36.43305],[-4.99136,36.4332],[-4.99119,36.4334],[-4.991,36.43366],[-4.9908,36.43394],[-4.9906,36.4342],[-4.99052,36.4344],[-4.99048,36.4348],[-4.99047,36.4352],[-4.9908,36.43533],[-4.9912,36.43531],[-4.9916,36.43529],[-4.992,36.43527],[-4.9924,36.43525],[-4.9928,36.43523],[-4.9932,36.43521],[-4.99343,36.4352],[-4.9938,36.43517],[-4.99394,36.4348],[-4.99392,36.4344],[-4.9939,36.434],[-4.99388,36.4336],[-4.99385,36.4332],[-4.9936,36.43303],[-4.9934,36.43299],[-4.993,36.43292],[-4.9926,36.43285],[-4.99225,36.4328],[-4.99225,36.4328]]}},{"type":"Feature","properties":{"prof":30,"principal":false},"geometry":{"type":"LineString","coordinates":[[-4.96863,36.4466],[-4.9684,36.44656],[-4.968,36.44652],[-4.9676,36.44651],[-4.9672,36.44651],[-4.96698,36.4466],[-4.96679,36.4468],[-4.9668,36.4471],[-4.9669,36.4474],[-4.967,36.44771],[-4.9672,36.44799],[-4.9676,36.44791],[-4.96799,36.4478],[-4.9682,36.44774],[-4.9686,36.44763],[-4.9688,36.44757],[-4.9692,36.44747],[-4.96945,36.4474],[-4.9698,36.4473],[-4.97014,36.4472],[-4.97022,36.447],[-4.97,36.44694],[-4.9696,36.44683],[-4.9694,36.44678],[-4.969,36.44668],[-4.96863,36.4466],[-4.96863,36.4466]]}},{"type":"Feature","properties":{"prof":40,"principal":false},"geometry":{"type":"LineString","coordinates":[[-5.08,36.42525],[-5.0796,36.42532],[-5.0792,36.42538],[-5.0788,36.42534],[-5.0784,36.4254],[-5.0782,36.42544],[-5.0778,36.42552],[-5.07742,36.4256],[-5.0772,36.42563],[-5.0768,36.42568],[-5.0764,36.42574],[-5.076,36.4258],[-5.0758,36.42583],[-5.0754,36.4259],[-5.075,36.42599],[-5.0746,36.426],[-5.0744,36.426],[-5.074,36.42601],[-5.0736,36.42601],[-5.0732,36.42602],[-5.0728,36.42602],[-5.0724,36.42601],[-5.072,36.42601],[-5.07175,36.426],[-5.0714,36.42599],[-5.071,36.42598],[-5.0706,36.42598],[-5.0702,36.42597],[-5.0698,36.42598],[-5.06954,36.426],[-5.0692,36.42603],[-5.0688,36.42606],[-5.0684,36.42609],[-5.068,36.42612],[-5.0676,36.42615],[-5.0672,36.42617],[-5.0668,36.42619],[-5.06646,36.4262],[-5.0662,36.42621],[-5.0658,36.42623],[-5.0654,36.42624],[-5.065,36.42626],[-5.0646,36.42628],[-5.0642,36.42629],[-5.0638,36.4263],[-5.0634,36.42632],[-5.063,36.42633],[-5.0626,36.42634],[-5.06224,36.4264],[-5.062,36.42651],[-5.0616,36.42654],[-5.0612,36.42653],[-5.0608,36.42651],[-5.0604,36.4265],[-5.06,36.42649],[-5.0596,36.42648],[-5.0592,36.42647],[-5.0588,36.42647],[-5.0584,36.42646],[-5.058,36.42646],[-5.0576,36.42645],[-5.0572,36.42644],[-5.0568,36.42644],[-5.0564,36.42642],[-5.0562,36.42639],[-5.0558,36.42636],[-5.0554,36.42639],[-5.0552,36.42641],[-5.0548,36.42645],[-5.0544,36.42649],[-5.054,36.42653],[-5.0536,36.42658],[-5.05337,36.4266],[-5.053,36.42664],[-5.0526,36.42668],[-5.0522,36.42672],[-5.0518,36.42676],[-5.0514,36.4268],[-5.0512,36.42681],[-5.0508,36.42685],[-5.0504,36.42686],[-5.05009,36.4268],[-5.0498,36.42671],[-5.04943,36.4266],[-5.0492,36.42656],[-5.0488,36.42649],[-5.0484,36.42643],[-5.0482,36.4264],[-5.0478,36.42635],[-5.0474,36.42629],[-5.047,36.42624],[-5.04668,36.4262],[-5.0464,36.42616],[-5.046,36.42611],[-5.0456,36.42606],[-5.04521,36.426],[-5.045,36.42596],[-5.0446,36.42588],[-5.04422,36.4258],[-5.044,36.42576],[-5.0436,36.42567],[-5.04323,36.4256],[-5.043,36.42555],[-5.0426,36.42547],[-5.04223,36.4254],[-5.042,36.42536],[-5.0416,36.42528],[-5.0412,36.4252],[-5.041,36.42516],[-5.0406,36.42509],[-5.0402,36.42501],[-5.04,36.42497],[-5.0396,36.42489],[-5.0392,36.42484],[-5.03891,36.4248],[-5.0386,36.42476],[-5.0382,36.4247],[-5.0378,36.42465],[-5.03745,36.4246],[-5.0372,36.42452],[-5.037,36.42433],[-5.03686,36.424],[-5.03677,36.4238],[-5.03658,36.4236],[-5.0362,36.42342],[-5.036,36.42332],[-5.03576,36.4232],[-5.03541,36.423],[-5.0352,36.42288],[-5.035,36.42276],[-5.03471,36.4226],[-5.0344,36.42243],[-5.0342,36.42232],[-5.0338,36.42221],[-5.0336,36.42216],[-5.0332,36.42203],[-5.033,36.4218],[-5.0328,36.42164],[-5.0326,36.42154],[-5.03234,36.4214],[-5.032,36.42125],[-5.0318,36.42116],[-5.03143,36.421],[-5.0312,36.42091],[-5.03092,36.4208],[-5.0306,36.42067],[-5.0304,36.42059],[-5.03,36.4204],[-5.0298,36.42028],[-5.0296,36.42017],[-5.0292,36.42002],[-5.029,36.41995],[-5.0286,36.41983],[-5.0284,36.41972],[-5.0282,36.41959],[-5.0279,36.4194],[-5.0276,36.41921],[-5.0274,36.41908],[-5.0272,36.41896],[-5.02693,36.4188],[-5.02662,36.4186],[-5.0264,36.41848],[-5.0262,36.41839],[-5.0258,36.41822],[-5.0256,36.41811],[-5.0254,36.418],[-5.02506,36.4178],[-5.0248,36.41764],[-5.0246,36.41752],[-5.02439,36.4174],[-5.02403,36.4172],[-5.0238,36.41706],[-5.0236,36.41693],[-5.0234,36.41679],[-5.02302,36.4166],[-5.0228,36.41647],[-5.0226,36.41634],[-5.02238,36.4162],[-5.02209,36.416],[-5.02181,36.4158],[-5.0216,36.41566],[-5.0214,36.41553],[-5.0212,36.4154],[-5.0209,36.4152],[-5.02064,36.415],[-5.02041,36.4148],[-5.0202,36.4147],[-5.01998,36.4146],[-5.0196,36.41442],[-5.0194,36.41431],[-5.01919,36.4142],[-5.01883,36.414],[-5.0186,36.41387],[-5.0184,36.41377],[-5.01807,36.4136],[-5.0178,36.41345],[-5.0176,36.41334],[-5.01734,36.4132],[-5.017,36.41301],[-5.0168,36.4129],[-5.0166,36.4128],[-5.01622,36.4126],[-5.016,36.41244],[-5.0158,36.41225],[-5.0156,36.41206],[-5.0154,36.41188],[-5.0152,36.4117],[-5.015,36.41151],[-5.0148,36.41131],[-5.0146,36.41111],[-5.0144,36.41096],[-5.01404,36.4108],[-5.0138,36.41075],[-5.0134,36.41069],[-5.013,36.41062],[-5.0128,36.41059],[-5.0124,36.41053],[-5.012,36.41047],[-5.0117,36.4104],[-5.01153,36.4102],[-5.0114,36.40996],[-5.01123,36.4096],[-5.01114,36.4094],[-5.01109,36.409],[-5.01107,36.4086],[-5.011,36.40834],[-5.0108,36.4081],[-5.0106,36.40795],[-5.01037,36.4078],[-5.01006,36.4076],[-5.0098,36.40745],[-5.0096,36.40732],[-5.0094,36.4072],[-5.0091,36.407],[-5.00889,36.4068],[-5.00878,36.4066],[-5.0086,36.4063],[-5.0084,36.40612],[-5.0082,36.40599],[-5.00791,36.4058],[-5.0076,36.40561],[-5.0074,36.40542],[-5.00722,36.4052],[-5.00706,36.405],[-5.0069,36.4048],[-5.00669,36.4046],[-5.00647,36.4044],[-5.00621,36.4042],[-5.006,36.40404],[-5.0058,36.4039],[-5.0056,36.40379],[-5.00528,36.4036],[-5.005,36.40344],[-5.0048,36.40333],[-5.00458,36.4032],[-5.0042,36.40305],[-5.004,36.40298],[-5.0036,36.40286],[-5.0034,36.40278],[-5.0032,36.40254],[-5.003,36.40225],[-5.0028,36.40203],[-5.0026,36.40182],[-5.0024,36.40161],[-5.0022,36.4014],[-5.002,36.40121],[-5.0018,36.40112],[-5.00148,36.401],[-5.0012,36.40092],[-5.00094,36.4008],[-5.00075,36.4006],[-5.00055,36.4004],[-5.0002,36.40033],[-4.9998,36.40032],[-4.9994,36.40032],[-4.999,36.40031],[-4.9986,36.40031],[-4.9982,36.4003],[-4.9978,36.40034],[-4.9976,36.40048],[-4.99745,36.4008],[-4.99736,36.401],[-4.9972,36.40133],[-4.997,36.40159],[-4.9968,36.4017],[-4.9966,36.40182],[-4.99629,36.402],[-4.99608,36.4022],[-4.99588,36.4024],[-4.99568,36.4026],[-4.99548,36.4028],[-4.99525,36.403],[-4.995,36.40315],[-4.9948,36.40323],[-4.9945,36.4034],[-4.9942,36.40351],[-4.99397,36.4036],[-4.9936,36.40374],[-4.9934,36.40381],[-4.993,36.40395],[-4.9928,36.40402],[-4.9924,36.40413],[-4.99213,36.4042],[-4.9918,36.40428],[-4.9914,36.40438],[-4.9912,36.40443],[-4.9908,36.40454],[-4.99055,36.4046],[-4.9902,36.40469],[-4.9898,36.4048],[-4.9896,36.40485],[-4.9892,36.40496],[-4.989,36.40501],[-4.9886,36.40511],[-4.98828,36.4052],[-4.988,36.40527],[-4.9876,36.40538],[-4.9874,36.40543],[-4.98708,36.4056],[-4.98693,36.4058],[-4.98678,36.406],[-4.98656,36.4062],[-4.98631,36.4064],[-4.98604,36.4066],[-4.9858,36.40679],[-4.9856,36.40695],[-4.9854,36.40711],[-4.9852,36.40727],[-4.98499,36.4074],[-4.9846,36.40747],[-4.9842,36.40756],[-4.984,36.40761],[-4.9836,36.40768],[-4.9832,36.40776],[-4.983,36.40781],[-4.9826,36.40788],[-4.9822,36.40797],[-4.982,36.40801],[-4.9816,36.40809],[-4.9812,36.40816],[-4.9808,36.40819],[-4.9806,36.4082],[-4.9802,36.40822],[-4.9798,36.40835],[-4.9796,36.40854],[-4.9794,36.40873],[-4.9792,36.40893],[-4.979,36.40912],[-4.9788,36.40932],[-4.97874,36.4096],[-4.97883,36.4098],[-4.979,36.41017],[-4.9791,36.4104],[-4.9792,36.41063],[-4.97937,36.411],[-4.97946,36.4112],[-4.9796,36.41147],[-4.9798,36.41163],[-4.98004,36.4118],[-4.98032,36.412],[-4.98038,36.4124],[-4.9802,36.41264],[-4.98,36.41281],[-4.97977,36.413],[-4.97954,36.4132],[-4.97932,36.4134],[-4.97908,36.4136],[-4.97884,36.4138],[-4.97861,36.414],[-4.9784,36.41419],[-4.97824,36.4144],[-4.97831,36.4148],[-4.9784,36.41515],[-4.97848,36.4154],[-4.9786,36.41578],[-4.97867,36.416],[-4.97879,36.4164],[-4.9786,36.41673],[-4.9784,36.4168],[-4.978,36.41689],[-4.9776,36.417],[-4.9774,36.41706],[-4.977,36.41719],[-4.9768,36.41726],[-4.9764,36.41739],[-4.9762,36.41746],[-4.9758,36.41759],[-4.9756,36.41766],[-4.97521,36.4178],[-4.975,36.4179],[-4.97483,36.4182],[-4.97476,36.4184],[-4.97478,36.4188],[-4.97499,36.419],[-4.9752,36.4192],[-4.9754,36.4194],[-4.9756,36.41952],[-4.976,36.41949],[-4.9764,36.41946],[-4.9768,36.41943],[-4.97714,36.4196],[-4.977,36.41982],[-4.9768,36.42009],[-4.9766,36.42039],[-4.97647,36.4206],[-4.97639,36.4208],[-4.9762,36.42103],[-4.97588,36.4212],[-4.9756,36.42135],[-4.9754,36.42145],[-4.97512,36.4216],[-4.9748,36.42176],[-4.9746,36.42186],[-4.97432,36.422],[-4.974,36.42217],[-4.9738,36.42228],[-4.97359,36.4224],[-4.9734,36.4226],[-4.9732,36.42293],[-4.97313,36.4232],[-4.97305,36.4236],[-4.973,36.42384],[-4.97293,36.4242],[-4.97285,36.4246],[-4.9728,36.42485],[-4.97273,36.4252],[-4.9726,36.42556],[-4.9724,36.4258],[-4.9722,36.426],[-4.972,36.42619],[-4.9718,36.42639],[-4.9716,36.4266],[-4.97141,36.4268],[-4.9712,36.427],[-4.971,36.4272],[-4.9708,36.4274],[-4.97061,36.4276],[-4.97041,36.4278],[-4.97021,36.428],[-4.97002,36.4282],[-4.96984,36.4284],[-4.96965,36.4286],[-4.96945,36.4288],[-4.96924,36.429],[-4.96905,36.4292],[-4.96886,36.4294],[-4.96866,36.4296],[-4.96847,36.4298],[-4.96832,36.43],[-4.96816,36.4302],[-4.96796,36.4304],[-4.96774,36.4306],[-4.96753,36.4308],[-4.96733,36.431],[-4.96715,36.4312],[-4.967,36.4314],[-4.9668,36.43169],[-4.96661,36.432],[-4.9665,36.4322],[-4.9664,36.4324],[-4.96622,36.4328],[-4.96613,36.433],[-4.966,36.43327],[-4.96583,36.4336],[-4.96565,36.4338],[-4.96543,36.434],[-4.96526,36.4342],[-4.96513,36.4344],[-4.965,36.4346],[-4.9648,36.43491],[-4.9646,36.43513],[-4.9644,36.43529],[-4.9642,36.43544],[-4.964,36.4356],[-4.96374,36.4358],[-4.96346,36.436],[-4.96324,36.4362],[-4.96315,36.4364],[-4.963,36.43666],[-4.9628,36.43682],[-4.96255,36.437],[-4.96229,36.4372],[-4.96203,36.4374],[-4.9618,36.43757],[-4.9616,36.43772],[-4.9614,36.43794],[-4.96123,36.4382],[-4.96109,36.4384],[-4.96095,36.4386],[-4.9608,36.43882],[-4.9606,36.43914],[-4.96043,36.4394],[-4.96028,36.4396],[-4.9601,36.4398],[-4.95995,36.44],[-4.9598,36.44028],[-4.95963,36.4406],[-4.95953,36.4408],[-4.9594,36.44105],[-4.9592,36.44131],[-4.959,36.44154],[-4.95882,36.4418],[-4.95872,36.442],[-4.9586,36.44222],[-4.9584,36.44253],[-4.9582,36.4427],[-4.958,36.44285],[-4.95778,36.443],[-4.9575,36.4432],[-4.95723,36.4434],[-4.957,36.44359],[-4.95684,36.4438],[-4.95663,36.444],[-4.9564,36.44419],[-4.9562,36.44436],[-4.956,36.44453],[-4.9558,36.4447],[-4.9556,36.44493],[-4.9554,36.4452],[-4.95528,36.4454],[-4.95515,36.4456],[-4.955,36.44583],[-4.9548,36.44615],[-4.95464,36.4464],[-4.9545,36.4466],[-4.95433,36.4468],[-4.95418,36.447],[-4.954,36.44722],[-4.9538,36.44747],[-4.9536,36.44774],[-4.95345,36.448],[-4.95333,36.4482],[-4.9532,36.44844],[-4.95308,36.4488],[-4.953,36.44907],[-4.95291,36.4494],[-4.95285,36.4498],[-4.9528,36.45009],[-4.95274,36.4504],[-4.95264,36.4508],[-4.95259,36.451],[-4.95253,36.4514],[-4.95254,36.4518],[-4.95255,36.4522],[-4.9524,36.45249],[-4.9522,36.4526],[-4.9518,36.45274],[-4.9516,36.45282],[-4.9512,36.45296],[-4.951,36.45303],[-4.9506,36.45318],[-4.9504,36.45326],[-4.95002,36.4534],[-4.9498,36.4535],[-4.9496,36.45361],[-4.9492,36.45379],[-4.949,36.45389],[-4.94879,36.454],[-4.9484,36.4542],[-4.9482,36.4543],[-4.948,36.4544],[-4.9476,36.45459],[-4.9474,36.4547],[-4.9472,36.45482],[-4.94695,36.455],[-4.94667,36.4552],[-4.9464,36.45538],[-4.9462,36.45557],[-4.94607,36.4558],[-4.94596,36.456],[-4.9456,36.4562],[-4.9454,36.45628],[-4.94511,36.4564],[-4.9448,36.45653],[-4.9446,36.45668],[-4.9444,36.45687],[-4.9442,36.45705],[-4.944,36.45723],[-4.94378,36.4574],[-4.94355,36.4576],[-4.94332,36.4578],[-4.94309,36.458],[-4.94284,36.4582],[-4.9426,36.4584],[-4.9424,36.45857],[-4.9422,36.45875],[-4.942,36.45891],[-4.9418,36.4591],[-4.94163,36.4594],[-4.94157,36.4596],[-4.9414,36.45985],[-4.94118,36.46],[-4.94086,36.4602],[-4.9406,36.46037],[-4.9404,36.46049],[-4.9402,36.46062],[-4.9399,36.4608],[-4.9396,36.46098],[-4.9394,36.46112],[-4.9392,36.46124],[-4.93896,36.4614],[-4.93866,36.4616],[-4.9384,36.46176],[-4.9382,36.46189],[-4.938,36.46202],[-4.93773,36.4622],[-4.93743,36.4624],[-4.9372,36.46255],[-4.937,36.46267],[-4.93678,36.4628],[-4.93643,36.463],[-4.9362,36.46313],[-4.936,36.46325],[-4.93572,36.4634],[-4.9354,36.46357],[-4.9352,36.4637],[-4.935,36.46384],[-4.9348,36.46404],[-4.9346,36.46435],[-4.9344,36.46448],[-4.93402,36.4646],[-4.9338,36.46465],[-4.93343,36.4648],[-4.9332,36.46498],[-4.933,36.46515],[-4.9328,36.46531],[-4.9326,36.46547],[-4.9324,36.46564],[-4.9322,36.46582],[-4.932,36.46602],[-4.9318,36.46625],[-4.9316,36.46659],[-4.93148,36.4668],[-4.93136,36.467],[-4.93103,36.4672],[-4.9308,36.46732],[-4.9306,36.46743],[-4.93027,36.4676],[-4.93,36.46775],[-4.9298,36.46789],[-4.9296,36.46804],[-4.92937,36.4682],[-4.929,36.46835],[-4.92887,36.4686],[-4.9286,36.4688],[-4.9282,36.46876],[-4.9278,36.46872],[-4.9274,36.46872],[-4.927,36.46871],[-4.9266,36.46874],[-4.92639,36.4688],[-4.92601,36.469],[-4.9258,36.46915],[-4.9256,36.46937],[-4.9254,36.46959],[-4.9252,36.46978],[-4.925,36.46992],[-4.9248,36.47006],[-4.9246,36.4702],[-4.92425,36.4704],[-4.924,36.4705],[-4.92376,36.4706],[-4.9234,36.47073],[-4.9232,36.47082],[-4.92288,36.471],[-4.92262,36.4712],[-4.9224,36.47138],[-4.9222,36.47157],[-4.922,36.47172],[-4.9218,36.47186],[-4.92154,36.472],[-4.92136,36.4722],[-4.9212,36.47243],[-4.92095,36.4726],[-4.9206,36.4728],[-4.9204,36.4729],[-4.9202,36.47303],[-4.91985,36.4732],[-4.9196,36.47332],[-4.9194,36.47343],[-4.91914,36.4736],[-4.91884,36.4738],[-4.9186,36.47398],[-4.91841,36.4742],[-4.91823,36.4744],[-4.918,36.47459],[-4.9178,36.4747],[-4.9176,36.47485],[-4.9172,36.475],[-4.917,36.4751],[-4.91678,36.4752],[-4.9164,36.47534],[-4.9162,36.47543],[-4.9158,36.47556],[-4.9156,36.47566],[-4.9152,36.47578],[-4.915,36.47586],[-4.91466,36.476],[-4.9144,36.47607],[-4.91407,36.4762],[-4.9138,36.47626],[-4.9134,36.47639],[-4.9132,36.47648],[-4.91283,36.4766],[-4.9126,36.47665],[-4.9122,36.47678],[-4.912,36.47686],[-4.9116,36.47694],[-4.9114,36.47702],[-4.911,36.47712],[-4.9107,36.4772],[-4.9104,36.47734],[-4.9102,36.47744],[-4.90999,36.4776],[-4.9096,36.47778],[-4.9094,36.47788],[-4.90916,36.478],[-4.9088,36.47817],[-4.9086,36.47827],[-4.90824,36.4784],[-4.908,36.47851],[-4.90773,36.4786],[-4.9074,36.47877],[-4.9072,36.47888],[-4.907,36.47905],[-4.9068,36.47922],[-4.90658,36.4794],[-4.90633,36.4796],[-4.90611,36.4798],[-4.9058,36.47996],[-4.9056,36.48002],[-4.9052,36.48012],[-4.90491,36.4802],[-4.9046,36.48028],[-4.9042,36.48037],[-4.904,36.48043],[-4.9036,36.48053],[-4.90334,36.4806],[-4.903,36.48069],[-4.9026,36.4808],[-4.9024,36.48085],[-4.902,36.48096],[-4.9018,36.48101],[-4.9014,36.48112],[-4.90111,36.4812],[-4.9008,36.4813],[-4.90049,36.4814],[-4.9002,36.4815],[-4.8998,36.48159],[-4.8996,36.48163],[-4.8992,36.4817],[-4.8988,36.48179],[-4.8986,36.48186],[-4.8982,36.48195],[-4.89791,36.482],[-4.8976,36.4821],[-4.8972,36.48219],[-4.897,36.48225],[-4.8966,36.48233],[-4.89635,36.4824],[-4.896,36.48246],[-4.8956,36.48259],[-4.8954,36.48265],[-4.89501,36.4828],[-4.8948,36.48283],[-4.8944,36.48294],[-4.89415,36.483],[-4.8938,36.48313],[-4.8936,36.48321],[-4.8932,36.48337],[-4.893,36.48345],[-4.8926,36.48357],[-4.8924,36.48361],[-4.892,36.48372],[-4.89175,36.4838],[-4.8914,36.48397],[-4.8912,36.48408],[-4.89094,36.4842],[-4.8906,36.48434],[-4.8904,36.48441],[-4.89,36.48446],[-4.8896,36.48458],[-4.8894,36.48466],[-4.889,36.48474],[-4.8886,36.48479],[-4.8884,36.48483],[-4.888,36.48482],[-4.88768,36.4848],[-4.88749,36.4848],[-4.8872,36.48482],[-4.8868,36.48484],[-4.8864,36.48487],[-4.886,36.48484],[-4.8856,36.4849],[-4.88521,36.485],[-4.885,36.48503],[-4.8846,36.48512],[-4.88422,36.4852],[-4.884,36.48526],[-4.8836,36.48539],[-4.8834,36.48548],[-4.88311,36.4856],[-4.8828,36.48572],[-4.8824,36.48579],[-4.8822,36.48581],[-4.8818,36.48588],[-4.8814,36.48591],[-4.881,36.48594],[-4.8806,36.48599],[-4.8804,36.48601],[-4.88,36.48605],[-4.8796,36.48612],[-4.8792,36.48618],[-4.879,36.48623],[-4.8786,36.48634],[-4.87836,36.4864],[-4.878,36.48651],[-4.87765,36.4866],[-4.8774,36.48666],[-4.877,36.48672],[-4.8766,36.48675],[-4.87628,36.4868],[-4.876,36.48684],[-4.8756,36.48687],[-4.8752,36.48688],[-4.8748,36.4869],[-4.8744,36.48698],[-4.8742,36.48707],[-4.87397,36.4872],[-4.87368,36.4874],[-4.87343,36.4876],[-4.8732,36.48774],[-4.873,36.48785],[-4.87262,36.488],[-4.8724,36.48805],[-4.872,36.48815],[-4.8718,36.4882],[-4.8714,36.48832],[-4.87112,36.4884],[-4.8708,36.48849],[-4.8704,36.48857],[-4.87,36.48856],[-4.8696,36.48851],[-4.8692,36.4885],[-4.8688,36.48853],[-4.8684,36.48855],[-4.868,36.48856],[-4.8676,36.48858],[-4.86733,36.4886],[-4.867,36.48861],[-4.8666,36.48861],[-4.8662,36.48864],[-4.8658,36.48866],[-4.8654,36.4887],[-4.865,36.48876],[-4.8646,36.48877],[-4.8642,36.48878],[-4.8638,36.48876],[-4.8634,36.48871],[-4.863,36.48871],[-4.8626,36.48875],[-4.8622,36.48878],[-4.862,36.48881],[-4.8616,36.48889],[-4.8612,36.48891],[-4.8608,36.48895],[-4.8606,36.489],[-4.8602,36.48905],[-4.8598,36.48911],[-4.8594,36.48917],[-4.859,36.48915],[-4.8586,36.48908],[-4.85832,36.489],[-4.858,36.48886],[-4.8578,36.48878],[-4.8574,36.48866],[-4.8572,36.4886],[-4.8568,36.48848],[-4.8566,36.4884],[-4.8562,36.48824],[-4.856,36.48816],[-4.85577,36.488],[-4.85556,36.4878],[-4.85534,36.4876],[-4.85504,36.4874],[-4.8548,36.48726],[-4.8546,36.48713],[-4.85439,36.487],[-4.85408,36.4868],[-4.8538,36.48662],[-4.8536,36.48645],[-4.8534,36.48636],[-4.853,36.48627],[-4.85277,36.4862],[-4.85242,36.486],[-4.85229,36.4858],[-4.85219,36.4856],[-4.852,36.48532],[-4.8516,36.4853],[-4.85131,36.4854],[-4.85108,36.4856],[-4.85082,36.4858],[-4.8506,36.48583],[-4.8502,36.48588],[-4.8498,36.48597],[-4.8496,36.48602],[-4.8492,36.48616],[-4.849,36.48623],[-4.8486,36.48636],[-4.8484,36.48643],[-4.848,36.48658],[-4.8478,36.48665],[-4.8474,36.48677],[-4.8472,36.48683],[-4.8468,36.48694],[-4.84657,36.487],[-4.8462,36.48707],[-4.8458,36.48717],[-4.8456,36.48724],[-4.8452,36.48738],[-4.845,36.48746],[-4.8446,36.48758],[-4.8444,36.48762],[-4.844,36.48764],[-4.8436,36.48763],[-4.8432,36.48778],[-4.843,36.48788],[-4.8426,36.48799],[-4.8424,36.48803],[-4.842,36.48809],[-4.8416,36.48812],[-4.8412,36.48811],[-4.8408,36.4881],[-4.8404,36.4881],[-4.84,36.48813],[-4.8396,36.48816],[-4.8392,36.48818],[-4.8388,36.48819],[-4.8384,36.48819],[-4.838,36.48815],[-4.8376,36.48803],[-4.8374,36.48793],[-4.8372,36.48778],[-4.83682,36.4876],[-4.8366,36.48756],[-4.8362,36.48751],[-4.8358,36.48746],[-4.8354,36.48743],[-4.835,36.48744],[-4.8346,36.48748],[-4.8342,36.48755],[-4.83393,36.4876],[-4.8336,36.48764],[-4.8332,36.48766],[-4.8328,36.48764],[-4.8324,36.48766],[-4.832,36.48766],[-4.8316,36.48768],[-4.8312,36.48769],[-4.8308,36.48769],[-4.8304,36.4877],[-4.83,36.48773],[-4.8296,36.48776],[-4.8292,36.48777],[-4.8288,36.48777],[-4.8284,36.48777],[-4.828,36.48777],[-4.8276,36.48775],[-4.8272,36.48772],[-4.8268,36.48772],[-4.8264,36.48773],[-4.826,36.48773],[-4.8256,36.48774],[-4.8252,36.48772],[-4.8248,36.48769],[-4.8244,36.48764],[-4.824,36.4876],[-4.8238,36.48758],[-4.8234,36.48753],[-4.823,36.48748],[-4.8226,36.48741],[-4.8224,36.48737],[-4.822,36.48729],[-4.8216,36.48721],[-4.8214,36.48715],[-4.821,36.48703],[-4.8208,36.48696],[-4.8204,36.48682],[-4.8202,36.48676],[-4.8198,36.48663],[-4.8196,36.48657],[-4.8192,36.48646],[-4.81899,36.4864],[-4.8186,36.48628],[-4.81833,36.4862],[-4.818,36.48609],[-4.81771,36.486],[-4.8174,36.48591],[-4.817,36.48581],[-4.8168,36.48578],[-4.8164,36.48571],[-4.816,36.48563],[-4.8158,36.48559],[-4.8154,36.4855],[-4.815,36.4854],[-4.8148,36.48534],[-4.8144,36.48523],[-4.8142,36.48518],[-4.8138,36.48506],[-4.81358,36.485],[-4.8132,36.48489],[-4.81286,36.4848],[-4.8126,36.48472],[-4.8122,36.48462],[-4.812,36.48456],[-4.8116,36.48444],[-4.8114,36.48438],[-4.811,36.48426],[-4.8108,36.4842],[-4.8104,36.48407],[-4.81019,36.484],[-4.8098,36.48388],[-4.80945,36.4838],[-4.8092,36.48374],[-4.8088,36.48365],[-4.8085,36.4836],[-4.8082,36.48353],[-4.8078,36.48342],[-4.8076,36.48335],[-4.8072,36.4832],[-4.807,36.48311],[-4.80676,36.483],[-4.8064,36.48285],[-4.8062,36.48277],[-4.8058,36.48261],[-4.8056,36.48256],[-4.8052,36.48247],[-4.8048,36.48243],[-4.8044,36.48242],[-4.804,36.48244],[-4.8036,36.48249],[-4.8032,36.48255],[-4.80299,36.4826],[-4.8026,36.4827],[-4.80229,36.4828],[-4.802,36.48289],[-4.80169,36.483],[-4.8014,36.4831],[-4.80113,36.4832],[-4.8008,36.4833],[-4.8004,36.4834],[-4.8002,36.48342],[-4.7998,36.48344],[-4.7994,36.48344],[-4.799,36.4834],[-4.7988,36.48339],[-4.7984,36.48333],[-4.798,36.48327],[-4.7976,36.4832],[-4.7974,36.48317],[-4.797,36.48309],[-4.7966,36.48301],[-4.7964,36.48297],[-4.79604,36.4828],[-4.7958,36.4827],[-4.79542,36.4826],[-4.7952,36.48254],[-4.7948,36.48244],[-4.7946,36.48239],[-4.7942,36.48229],[-4.7938,36.48224],[-4.79351,36.4822],[-4.7932,36.48216],[-4.7928,36.48205],[-4.7926,36.48198],[-4.7922,36.48185],[-4.792,36.48178],[-4.7916,36.48163],[-4.7914,36.48156],[-4.791,36.48142],[-4.7908,36.48135],[-4.7904,36.48121],[-4.7902,36.48113],[-4.78988,36.481],[-4.7896,36.48087],[-4.7894,36.48078],[-4.789,36.4806],[-4.7888,36.48051],[-4.78852,36.4804],[-4.7882,36.48028],[-4.78798,36.4802],[-4.7876,36.48001],[-4.7874,36.47991],[-4.78714,36.4798],[-4.7868,36.4797],[-4.78643,36.4796],[-4.7862,36.47954],[-4.7858,36.47944],[-4.7856,36.47939],[-4.7852,36.47929],[-4.78486,36.4792],[-4.7846,36.47913],[-4.7842,36.47902],[-4.784,36.47896],[-4.7836,36.47885],[-4.7834,36.4788],[-4.783,36.47868],[-4.7826,36.47861],[-4.7824,36.47857],[-4.782,36.47849],[-4.7816,36.47841],[-4.7814,36.47836],[-4.781,36.47827],[-4.78066,36.4782],[-4.7804,36.47814],[-4.78,36.47805],[-4.77975,36.478],[-4.7794,36.47792],[-4.779,36.47784],[-4.7788,36.47779],[-4.7784,36.47772],[-4.778,36.47766],[-4.77765,36.4776],[-4.7774,36.47755],[-4.777,36.47746],[-4.7767,36.4774],[-4.7764,36.47733],[-4.776,36.47724],[-4.7758,36.4772],[-4.7754,36.47711],[-4.775,36.47703],[-4.7748,36.47699],[-4.7744,36.47691],[-4.774,36.47684],[-4.77379,36.4768],[-4.7734,36.47673],[-4.773,36.47665],[-4.77273,36.4766],[-4.7724,36.47652],[-4.772,36.47643],[-4.7718,36.47639],[-4.7714,36.47636],[-4.771,36.47634],[-4.7706,36.47631],[-4.7702,36.47626],[-4.7699,36.4762],[-4.7696,36.47611],[-4.76922,36.476],[-4.769,36.47594],[-4.7686,36.47583],[-4.7684,36.47578],[-4.768,36.47566],[-4.76779,36.4756],[-4.7674,36.47548],[-4.76712,36.4754],[-4.7668,36.4753],[-4.76644,36.4752],[-4.7662,36.47514],[-4.7658,36.47503],[-4.7656,36.47496],[-4.7652,36.47484],[-4.765,36.47478],[-4.7646,36.47467],[-4.76434,36.4746],[-4.764,36.47451],[-4.76361,36.4744],[-4.7634,36.47434],[-4.763,36.47423],[-4.7628,36.47417],[-4.7624,36.47405],[-4.7622,36.47399],[-4.7618,36.47386],[-4.7616,36.4738],[-4.7612,36.47367],[-4.76098,36.4736],[-4.7606,36.4735],[-4.76025,36.4734],[-4.76,36.47334],[-4.7596,36.47323],[-4.7594,36.47318],[-4.759,36.47306],[-4.75877,36.473],[-4.7584,36.47289],[-4.7581,36.4728],[-4.7578,36.47271],[-4.75744,36.4726],[-4.7572,36.47253],[-4.7568,36.47242],[-4.7566,36.47236],[-4.7562,36.47225],[-4.756,36.47219],[-4.7556,36.47208],[-4.7553,36.472],[-4.755,36.47194],[-4.7546,36.47183],[-4.7544,36.47175],[-4.75404,36.4716],[-4.7538,36.47151],[-4.75352,36.4714],[-4.7532,36.47128],[-4.753,36.4712],[-4.7526,36.47105],[-4.7524,36.47097],[-4.752,36.47082],[-4.7518,36.47074],[-4.7514,36.4706],[-4.7512,36.47053],[-4.75083,36.4704],[-4.7506,36.4703],[-4.75036,36.4702],[-4.75,36.47009],[-4.74968,36.47],[-4.7494,36.46993],[-4.749,36.46984],[-4.7488,36.46979],[-4.7484,36.46971],[-4.748,36.46961],[-4.7478,36.46955],[-4.7474,36.46945],[-4.7472,36.46939],[-4.7468,36.46928],[-4.74651,36.4692],[-4.7462,36.46911],[-4.7458,36.469],[-4.7456,36.46895],[-4.7452,36.46883],[-4.745,36.46877],[-4.7446,36.46866],[-4.7444,36.4686],[-4.744,36.46847],[-4.74376,36.4684],[-4.7434,36.46829],[-4.7431,36.4682],[-4.7428,36.46811],[-4.74242,36.468],[-4.7422,36.46794],[-4.7418,36.46783],[-4.7416,36.46777],[-4.7412,36.46765],[-4.741,36.46759],[-4.7406,36.46745],[-4.7404,36.46738],[-4.74,36.46722],[-4.7398,36.46715],[-4.7394,36.46701],[-4.7392,36.46694],[-4.73881,36.4668],[-4.7386,36.46672],[-4.73822,36.4666],[-4.738,36.46656],[-4.7376,36.46652],[-4.7372,36.46647],[-4.7368,36.46642],[-4.7366,36.4664],[-4.7362,36.46635],[-4.7358,36.46629],[-4.7354,36.46624],[-4.73514,36.4662],[-4.7348,36.46616],[-4.7344,36.4661],[-4.734,36.46605],[-4.73361,36.466],[-4.7334,36.46597],[-4.733,36.46591],[-4.7326,36.46585],[-4.73226,36.4658],[-4.732,36.46576],[-4.7316,36.4657],[-4.7312,36.46563],[-4.731,36.4656],[-4.7306,36.46554],[-4.7302,36.46547],[-4.7298,36.46541],[-4.7296,36.46538],[-4.7292,36.46533],[-4.7288,36.46527],[-4.7284,36.46522],[-4.7282,36.46519],[-4.7278,36.46513],[-4.7274,36.46508],[-4.727,36.46506],[-4.7266,36.46507],[-4.7262,36.46508],[-4.7258,36.46508],[-4.7254,36.46509],[-4.725,36.4651],[-4.7246,36.4651],[-4.7242,36.4651],[-4.7238,36.46509],[-4.7234,36.46508],[-4.723,36.46507],[-4.7226,36.46506],[-4.7222,36.46505],[-4.7218,36.46503],[-4.7216,36.465],[-4.7212,36.46491],[-4.7208,36.46481],[-4.7206,36.46477],[-4.7202,36.46469],[-4.72,36.46466]]}},{"type":"Feature","properties":{"prof":50,"principal":true},"geometry":{"type":"LineString","coordinates":[[-5.08,36.42166],[-5.0796,36.4217],[-5.0792,36.42175],[-5.0788,36.42179],[-5.0786,36.42182],[-5.0782,36.42188],[-5.0778,36.42194],[-5.0774,36.422],[-5.0772,36.42203],[-5.0768,36.4221],[-5.0764,36.42219],[-5.0762,36.42223],[-5.0758,36.42232],[-5.07542,36.4224],[-5.0752,36.42244],[-5.0748,36.42253],[-5.07443,36.4226],[-5.0742,36.42265],[-5.0738,36.42273],[-5.0734,36.42279],[-5.0732,36.42282],[-5.0728,36.42288],[-5.0724,36.42295],[-5.0721,36.423],[-5.0718,36.42305],[-5.0714,36.42312],[-5.071,36.42318],[-5.0708,36.42322],[-5.0704,36.42328],[-5.07,36.42334],[-5.06965,36.4234],[-5.0694,36.42344],[-5.069,36.4235],[-5.0686,36.42355],[-5.0683,36.4236],[-5.068,36.42365],[-5.0676,36.42371],[-5.0672,36.42374],[-5.0668,36.42377],[-5.06645,36.4238],[-5.0662,36.42382],[-5.0658,36.42384],[-5.0654,36.42386],[-5.065,36.42388],[-5.0646,36.42391],[-5.0642,36.42393],[-5.0638,36.42395],[-5.0634,36.42397],[-5.063,36.42399],[-5.06274,36.424],[-5.0624,36.42401],[-5.062,36.42403],[-5.0616,36.42401],[-5.0614,36.42399],[-5.061,36.42397],[-5.0606,36.42395],[-5.0602,36.42392],[-5.0598,36.4239],[-5.0594,36.42387],[-5.059,36.42385],[-5.0586,36.42383],[-5.0582,36.4238],[-5.058,36.42379],[-5.0576,36.42376],[-5.0572,36.42373],[-5.0568,36.4237],[-5.0564,36.42368],[-5.056,36.42369],[-5.0556,36.42371],[-5.0552,36.42372],[-5.0548,36.42374],[-5.0544,36.42375],[-5.054,36.42377],[-5.0536,36.42378],[-5.0532,36.42379],[-5.05299,36.4238],[-5.0526,36.42381],[-5.0522,36.42383],[-5.0518,36.42384],[-5.0514,36.42385],[-5.051,36.42386],[-5.0506,36.42385],[-5.0502,36.42383],[-5.0498,36.42382],[-5.0494,36.4238],[-5.0492,36.42379],[-5.0488,36.42378],[-5.0484,36.42376],[-5.048,36.42375],[-5.0476,36.42373],[-5.0472,36.42372],[-5.0468,36.4237],[-5.0464,36.42369],[-5.046,36.42367],[-5.0456,36.42366],[-5.0452,36.42362],[-5.04499,36.4236],[-5.0446,36.42355],[-5.0442,36.4235],[-5.0438,36.42346],[-5.0434,36.42342],[-5.0432,36.42339],[-5.0428,36.42334],[-5.0424,36.42329],[-5.042,36.42324],[-5.04172,36.4232],[-5.0414,36.42315],[-5.041,36.4231],[-5.0406,36.42305],[-5.04025,36.423],[-5.04,36.42297],[-5.0396,36.42287],[-5.0394,36.42277],[-5.03908,36.4226],[-5.0388,36.42244],[-5.0386,36.42232],[-5.0384,36.4222],[-5.03808,36.422],[-5.0378,36.42183],[-5.0376,36.42172],[-5.03739,36.4216],[-5.037,36.4214],[-5.0368,36.42135],[-5.0364,36.42125],[-5.03618,36.4212],[-5.0358,36.42111],[-5.0354,36.42102],[-5.0352,36.42097],[-5.0348,36.42089],[-5.0344,36.4208],[-5.0342,36.42076],[-5.0338,36.4206],[-5.0336,36.42052],[-5.03332,36.4204],[-5.033,36.42025],[-5.0328,36.42013],[-5.0326,36.42],[-5.03229,36.4198],[-5.032,36.4196],[-5.0318,36.41949],[-5.03158,36.4194],[-5.0312,36.41927],[-5.03099,36.4192],[-5.0306,36.41907],[-5.03037,36.419],[-5.03,36.41888],[-5.02976,36.4188],[-5.0294,36.41868],[-5.02918,36.4186],[-5.0288,36.41847],[-5.0286,36.4184],[-5.02825,36.4182],[-5.028,36.41806],[-5.0278,36.41796],[-5.02742,36.4178],[-5.0272,36.41771],[-5.02695,36.4176],[-5.0266,36.41745],[-5.0264,36.41737],[-5.026,36.41721],[-5.0258,36.41712],[-5.02558,36.417],[-5.02532,36.4168],[-5.02507,36.4166],[-5.02481,36.4164],[-5.0246,36.41625],[-5.0244,36.41615],[-5.02408,36.416],[-5.0238,36.41587],[-5.0236,36.41578],[-5.0232,36.4156],[-5.023,36.41552],[-5.0228,36.4154],[-5.0225,36.4152],[-5.02227,36.415],[-5.02205,36.4148],[-5.02182,36.4146],[-5.0216,36.41441],[-5.02143,36.4142],[-5.02122,36.414],[-5.021,36.4139],[-5.02079,36.4138],[-5.0204,36.41363],[-5.0202,36.41354],[-5.0199,36.4134],[-5.0196,36.41326],[-5.0194,36.41317],[-5.01905,36.413],[-5.0188,36.41289],[-5.0186,36.4128],[-5.0182,36.41262],[-5.018,36.41253],[-5.01775,36.4124],[-5.0174,36.41221],[-5.0172,36.4121],[-5.017,36.41199],[-5.01662,36.4118],[-5.0164,36.41166],[-5.0162,36.41148],[-5.016,36.41129],[-5.0158,36.41106],[-5.01563,36.4108],[-5.01547,36.4106],[-5.0152,36.41042],[-5.015,36.4103],[-5.0148,36.41018],[-5.01448,36.41],[-5.0142,36.40983],[-5.014,36.4097],[-5.0138,36.40958],[-5.0135,36.4094],[-5.0132,36.40925],[-5.01293,36.4092],[-5.0126,36.40909],[-5.01247,36.4088],[-5.0124,36.40859],[-5.0122,36.40836],[-5.012,36.40817],[-5.0118,36.40796],[-5.0116,36.40776],[-5.0114,36.40755],[-5.0112,36.40736],[-5.011,36.40719],[-5.01071,36.407],[-5.01047,36.4068],[-5.01035,36.4066],[-5.0102,36.40636],[-5.01,36.40606],[-5.0098,36.4058],[-5.00964,36.4056],[-5.0095,36.4054],[-5.00938,36.4052],[-5.00915,36.405],[-5.00889,36.4048],[-5.00862,36.4046],[-5.0084,36.40442],[-5.0082,36.40426],[-5.008,36.4041],[-5.0078,36.40394],[-5.0076,36.4038],[-5.00735,36.4036],[-5.0071,36.4034],[-5.00685,36.4032],[-5.0066,36.40302],[-5.0064,36.40287],[-5.0062,36.40273],[-5.006,36.4026],[-5.00564,36.4024],[-5.0054,36.40229],[-5.0052,36.4022],[-5.0048,36.40203],[-5.0046,36.40189],[-5.00444,36.4016],[-5.00435,36.4014],[-5.0042,36.40112],[-5.004,36.40091],[-5.0038,36.40076],[-5.00358,36.4006],[-5.0032,36.40044],[-5.003,36.40038],[-5.0026,36.40028],[-5.00234,36.4002],[-5.00209,36.4],[-5.00192,36.3998],[-5.00174,36.3996],[-5.00155,36.3994],[-5.00127,36.3992],[-5.001,36.39903],[-5.0008,36.39892],[-5.0004,36.3989],[-5.0,36.3989],[-4.9996,36.3989],[-4.9992,36.3989],[-4.9988,36.3989],[-4.9984,36.3989],[-4.998,36.3989],[-4.9976,36.39891],[-4.9972,36.3989],[-4.9968,36.39887],[-4.99642,36.3988],[-4.9962,36.39873],[-4.9958,36.39861],[-4.9956,36.39855],[-4.9952,36.39843],[-4.9948,36.3984],[-4.9946,36.3984],[-4.9942,36.39838],[-4.9938,36.39837],[-4.9934,36.39836],[-4.993,36.39835],[-4.9926,36.39835],[-4.9922,36.39834],[-4.9918,36.39835],[-4.9914,36.39835],[-4.991,36.39837],[-4.9906,36.39838],[-4.99026,36.3984],[-4.99,36.39841],[-4.9896,36.39843],[-4.9892,36.39849],[-4.9888,36.39859],[-4.9886,36.39868],[-4.98832,36.3988],[-4.98807,36.399],[-4.988,36.39926],[-4.98795,36.3996],[-4.9879,36.4],[-4.98781,36.4004],[-4.9876,36.40052],[-4.9874,36.40061],[-4.987,36.4008],[-4.9868,36.40097],[-4.98664,36.4012],[-4.98653,36.4014],[-4.9864,36.40166],[-4.9862,36.40194],[-4.986,36.40203],[-4.9856,36.40212],[-4.98526,36.4022],[-4.985,36.40227],[-4.9846,36.40236],[-4.9844,36.40241],[-4.984,36.40244],[-4.9838,36.40233],[-4.9836,36.4022],[-4.98326,36.402],[-4.983,36.40183],[-4.9828,36.4017],[-4.9826,36.40157],[-4.98228,36.4014],[-4.982,36.40136],[-4.9816,36.40131],[-4.9812,36.40128],[-4.9808,36.40126],[-4.9804,36.40123],[-4.98,36.40121],[-4.9798,36.40119],[-4.9794,36.40117],[-4.979,36.40114],[-4.9786,36.40112],[-4.97833,36.4012],[-4.97812,36.4014],[-4.97796,36.4016],[-4.9778,36.4018],[-4.97765,36.4022],[-4.97769,36.4026],[-4.97774,36.403],[-4.97765,36.4034],[-4.97759,36.4036],[-4.97772,36.4038],[-4.97789,36.404],[-4.97804,36.4042],[-4.9782,36.4044],[-4.9786,36.4046],[-4.9788,36.40461],[-4.9792,36.40467],[-4.97957,36.4048],[-4.97923,36.405],[-4.979,36.40506],[-4.97861,36.4052],[-4.97849,36.4054],[-4.97839,36.4056],[-4.97823,36.406],[-4.97817,36.4062],[-4.978,36.4066],[-4.9778,36.40679],[-4.9776,36.40699],[-4.9774,36.40719],[-4.9772,36.40738],[-4.977,36.40756],[-4.9768,36.40775],[-4.9766,36.40795],[-4.9764,36.40814],[-4.9762,36.40833],[-4.976,36.40852],[-4.9758,36.40871],[-4.9756,36.40891],[-4.9754,36.40909],[-4.9752,36.40923],[-4.97492,36.4094],[-4.9746,36.4096],[-4.9744,36.40975],[-4.9742,36.40991],[-4.974,36.41007],[-4.9738,36.41029],[-4.9736,36.41058],[-4.97349,36.4108],[-4.97336,36.411],[-4.9732,36.41121],[-4.973,36.4115],[-4.9728,36.41179],[-4.97267,36.412],[-4.97255,36.4122],[-4.9724,36.41248],[-4.97222,36.4128],[-4.9721,36.413],[-4.97199,36.4132],[-4.9718,36.41355],[-4.97165,36.4138],[-4.97154,36.414],[-4.9714,36.41426],[-4.9712,36.4145],[-4.971,36.41463],[-4.97074,36.4148],[-4.97056,36.415],[-4.9704,36.41522],[-4.9702,36.41548],[-4.97,36.41575],[-4.96983,36.416],[-4.96969,36.4162],[-4.96955,36.4164],[-4.9694,36.41661],[-4.9692,36.41691],[-4.969,36.41719],[-4.96882,36.4174],[-4.96866,36.4176],[-4.96849,36.4178],[-4.96832,36.418],[-4.96813,36.4182],[-4.96793,36.4184],[-4.96775,36.4186],[-4.96756,36.4188],[-4.96736,36.419],[-4.96717,36.4192],[-4.967,36.41941],[-4.96684,36.4198],[-4.96678,36.42],[-4.96666,36.4204],[-4.9666,36.4206],[-4.96647,36.421],[-4.9664,36.42122],[-4.9662,36.42157],[-4.96602,36.4218],[-4.96586,36.422],[-4.9657,36.4222],[-4.96555,36.4224],[-4.96539,36.4226],[-4.9652,36.42291],[-4.96501,36.4232],[-4.96486,36.4234],[-4.96471,36.4236],[-4.96457,36.4238],[-4.9644,36.42405],[-4.9642,36.42434],[-4.96401,36.4246],[-4.96389,36.4248],[-4.96378,36.425],[-4.9636,36.42533],[-4.96341,36.4256],[-4.96325,36.4258],[-4.96309,36.426],[-4.96292,36.4262],[-4.96276,36.4264],[-4.9626,36.42661],[-4.9624,36.42694],[-4.96231,36.4272],[-4.9622,36.42754],[-4.96212,36.4278],[-4.962,36.42816],[-4.96191,36.4284],[-4.9618,36.42861],[-4.9616,36.42896],[-4.96146,36.4292],[-4.96134,36.4294],[-4.9612,36.42964],[-4.961,36.42995],[-4.96086,36.4302],[-4.96074,36.4304],[-4.96059,36.4306],[-4.9604,36.43086],[-4.9602,36.43114],[-4.96002,36.4314],[-4.95986,36.4316],[-4.95972,36.4318],[-4.9596,36.432],[-4.9594,36.43234],[-4.95922,36.4326],[-4.95909,36.4328],[-4.95895,36.433],[-4.9588,36.43324],[-4.95861,36.4336],[-4.95851,36.4338],[-4.95834,36.434],[-4.95813,36.4342],[-4.95793,36.4344],[-4.9578,36.43461],[-4.9576,36.43499],[-4.95748,36.4352],[-4.95737,36.4354],[-4.9572,36.43561],[-4.957,36.43585],[-4.9568,36.43616],[-4.95665,36.4364],[-4.95653,36.4366],[-4.9564,36.43681],[-4.9562,36.43713],[-4.95603,36.4374],[-4.95584,36.4376],[-4.95561,36.4378],[-4.9554,36.43799],[-4.9552,36.43818],[-4.955,36.43837],[-4.9548,36.43855],[-4.9546,36.43873],[-4.9544,36.43891],[-4.9542,36.43909],[-4.954,36.43927],[-4.9538,36.43944],[-4.9536,36.43961],[-4.95338,36.4398],[-4.9532,36.44002],[-4.953,36.44028],[-4.9528,36.44054],[-4.9526,36.4408],[-4.95243,36.441],[-4.95227,36.4412],[-4.9521,36.4414],[-4.95196,36.4416],[-4.9518,36.44182],[-4.9516,36.4421],[-4.9514,36.44236],[-4.9512,36.44259],[-4.951,36.44279],[-4.9508,36.44298],[-4.9506,36.44317],[-4.9504,36.44335],[-4.9502,36.4435],[-4.95,36.44365],[-4.9498,36.4438],[-4.94959,36.444],[-4.9494,36.44425],[-4.9492,36.44449],[-4.949,36.44471],[-4.9488,36.44493],[-4.9486,36.44516],[-4.9484,36.4454],[-4.94825,36.4456],[-4.94811,36.4458],[-4.94797,36.446],[-4.9478,36.44623],[-4.9476,36.4465],[-4.9474,36.4467],[-4.9472,36.44685],[-4.947,36.44701],[-4.94676,36.4472],[-4.9465,36.4474],[-4.94632,36.4476],[-4.94617,36.4478],[-4.94599,36.448],[-4.94579,36.4482],[-4.94558,36.4484],[-4.94538,36.4486],[-4.94518,36.4488],[-4.94499,36.449],[-4.94478,36.4492],[-4.9445,36.4494],[-4.94427,36.4496],[-4.94404,36.4498],[-4.94381,36.45],[-4.9436,36.45017],[-4.9434,36.45033],[-4.9432,36.45051],[-4.943,36.45071],[-4.9428,36.45091],[-4.9426,36.45109],[-4.9424,36.45124],[-4.94216,36.4514],[-4.94186,36.4516],[-4.9416,36.45177],[-4.9414,36.45195],[-4.9412,36.45215],[-4.941,36.45236],[-4.9408,36.45257],[-4.9406,36.4527],[-4.9404,36.45281],[-4.94007,36.453],[-4.93989,36.4532],[-4.93973,36.4534],[-4.93955,36.4536],[-4.93937,36.4538],[-4.9392,36.454],[-4.93896,36.4542],[-4.93868,36.4544],[-4.9384,36.45459],[-4.9382,36.45474],[-4.938,36.45488],[-4.9378,36.45503],[-4.93755,36.4552],[-4.93726,36.4554],[-4.937,36.45557],[-4.9368,36.4557],[-4.9366,36.45584],[-4.93637,36.456],[-4.93611,36.4562],[-4.93584,36.4564],[-4.9356,36.45658],[-4.9354,36.45674],[-4.9352,36.4569],[-4.935,36.45705],[-4.93479,36.4572],[-4.93446,36.4574],[-4.9342,36.45756],[-4.934,36.45768],[-4.9338,36.45781],[-4.9334,36.45797],[-4.9332,36.45803],[-4.9328,36.45813],[-4.93255,36.4582],[-4.9322,36.4583],[-4.93182,36.4584],[-4.9316,36.45846],[-4.9312,36.45858],[-4.931,36.45864],[-4.9306,36.45876],[-4.9304,36.45883],[-4.93006,36.459],[-4.9298,36.45916],[-4.9296,36.45929],[-4.9294,36.45942],[-4.92912,36.4596],[-4.92894,36.4598],[-4.9288,36.46007],[-4.92873,36.4604],[-4.92862,36.4608],[-4.9284,36.46089],[-4.928,36.46094],[-4.92777,36.461],[-4.9274,36.46113],[-4.92714,36.4612],[-4.9268,36.46125],[-4.9264,36.46129],[-4.92606,36.4614],[-4.9258,36.46151],[-4.92555,36.4616],[-4.9252,36.46174],[-4.925,36.46182],[-4.9246,36.46199],[-4.92441,36.4622],[-4.92422,36.4624],[-4.92402,36.4626],[-4.92393,36.4628],[-4.9238,36.46311],[-4.9236,36.4633],[-4.92341,36.4636],[-4.92322,36.4638],[-4.923,36.46392],[-4.9228,36.46411],[-4.9226,36.46438],[-4.92246,36.4646],[-4.92232,36.4648],[-4.9221,36.465],[-4.9218,36.46513],[-4.92154,36.4652],[-4.9212,36.46526],[-4.9208,36.46536],[-4.9206,36.46544],[-4.92028,36.4656],[-4.92,36.46573],[-4.9198,36.46584],[-4.91954,36.466],[-4.91924,36.4662],[-4.919,36.46638],[-4.9188,36.46649],[-4.9186,36.4666],[-4.9182,36.46674],[-4.918,36.46682],[-4.9176,36.46698],[-4.9174,36.46706],[-4.91713,36.4672],[-4.91682,36.4674],[-4.9166,36.46758],[-4.9164,36.46777],[-4.9162,36.46786],[-4.91595,36.468],[-4.9158,36.46823],[-4.9156,36.46845],[-4.9154,36.46861],[-4.9151,36.4688],[-4.91486,36.469],[-4.9146,36.46914],[-4.9144,36.46923],[-4.914,36.46928],[-4.9136,36.46933],[-4.91327,36.4694],[-4.913,36.46944],[-4.9126,36.46945],[-4.9122,36.46943],[-4.9119,36.4694],[-4.9116,36.46938],[-4.9114,36.4694],[-4.91102,36.4696],[-4.91085,36.4698],[-4.91077,36.47],[-4.9106,36.47021],[-4.91034,36.4704],[-4.9101,36.4704],[-4.9098,36.47034],[-4.9096,36.47054],[-4.9096,36.47068],[-4.90961,36.471],[-4.9094,36.47115],[-4.9092,36.4713],[-4.909,36.47143],[-4.9087,36.4716],[-4.9084,36.47174],[-4.9082,36.47183],[-4.90798,36.472],[-4.90761,36.4722],[-4.9074,36.47228],[-4.90709,36.4724],[-4.9068,36.47255],[-4.9066,36.47266],[-4.90626,36.4728],[-4.906,36.47296],[-4.9058,36.47306],[-4.90546,36.4732],[-4.9052,36.47333],[-4.905,36.47346],[-4.9048,36.4736],[-4.90456,36.4738],[-4.9042,36.47388],[-4.9038,36.47398],[-4.9036,36.47404],[-4.9032,36.47415],[-4.903,36.4742],[-4.9026,36.47427],[-4.9022,36.47434],[-4.9019,36.4744],[-4.9016,36.47448],[-4.90139,36.4746],[-4.901,36.47477],[-4.9008,36.4748],[-4.9004,36.47496],[-4.9002,36.47507],[-4.8998,36.47518],[-4.8996,36.47526],[-4.8994,36.4754],[-4.89906,36.4756],[-4.8988,36.4756],[-4.8986,36.47557],[-4.89832,36.4756],[-4.898,36.47563],[-4.8976,36.4757],[-4.89721,36.4758],[-4.897,36.47585],[-4.8966,36.47593],[-4.8962,36.47598],[-4.89598,36.476],[-4.8956,36.47616],[-4.8954,36.47622],[-4.895,36.47637],[-4.8948,36.47643],[-4.8944,36.47654],[-4.8942,36.47661],[-4.8938,36.47678],[-4.8936,36.47686],[-4.89327,36.477],[-4.893,36.47711],[-4.8928,36.4772],[-4.8924,36.47738],[-4.8922,36.47745],[-4.8918,36.47759],[-4.8916,36.47764],[-4.8912,36.47773],[-4.89089,36.4778],[-4.8906,36.47789],[-4.8902,36.47798],[-4.89,36.47805],[-4.8896,36.47818],[-4.8894,36.47827],[-4.88917,36.4784],[-4.8888,36.47853],[-4.8886,36.47863],[-4.8882,36.47879],[-4.888,36.47886],[-4.8876,36.47898],[-4.8874,36.47903],[-4.887,36.47913],[-4.8866,36.47917],[-4.8864,36.47921],[-4.886,36.47926],[-4.8856,36.47929],[-4.8852,36.47932],[-4.8848,36.47937],[-4.8846,36.4794],[-4.8842,36.47949],[-4.8838,36.47959],[-4.8836,36.47965],[-4.8832,36.47974],[-4.883,36.47981],[-4.8826,36.47991],[-4.8822,36.48],[-4.882,36.48006],[-4.8816,36.48013],[-4.8812,36.48019],[-4.881,36.4802],[-4.8806,36.48025],[-4.8802,36.48031],[-4.8798,36.48037],[-4.87959,36.4804],[-4.8792,36.48048],[-4.8788,36.48058],[-4.8786,36.48061],[-4.8782,36.4807],[-4.8778,36.48078],[-4.8776,36.48082],[-4.8772,36.48084],[-4.8768,36.48092],[-4.8764,36.48097],[-4.87612,36.481],[-4.8758,36.48101],[-4.8754,36.48103],[-4.875,36.4811],[-4.8746,36.48117],[-4.8743,36.4812],[-4.87411,36.4812],[-4.8738,36.4812],[-4.8736,36.48121],[-4.8732,36.48128],[-4.8728,36.48134],[-4.8724,36.48139],[-4.8722,36.48141],[-4.8718,36.48148],[-4.8714,36.48154],[-4.87111,36.4816],[-4.8708,36.48165],[-4.8704,36.48175],[-4.87018,36.4818],[-4.8698,36.48189],[-4.8694,36.48195],[-4.86907,36.482],[-4.8688,36.48204],[-4.8684,36.48209],[-4.868,36.48215],[-4.8676,36.48219],[-4.8674,36.48221],[-4.867,36.48225],[-4.8666,36.48229],[-4.8662,36.48233],[-4.8658,36.48234],[-4.8654,36.48235],[-4.865,36.48236],[-4.8646,36.48239],[-4.8644,36.48241],[-4.864,36.48243],[-4.8636,36.48242],[-4.8632,36.48244],[-4.8628,36.48245],[-4.8624,36.48243],[-4.8622,36.48239],[-4.86183,36.4822],[-4.8618,36.48199],[-4.8616,36.48178],[-4.8612,36.48169],[-4.8608,36.48169],[-4.8604,36.48172],[-4.86,36.48175],[-4.8596,36.48179],[-4.8592,36.48179],[-4.8588,36.48176],[-4.8584,36.48169],[-4.858,36.48165],[-4.8576,36.48165],[-4.8572,36.48167],[-4.8568,36.48169],[-4.8564,36.48175],[-4.85612,36.4818],[-4.8558,36.48186],[-4.8554,36.48193],[-4.855,36.48195],[-4.85469,36.482],[-4.8544,36.48209],[-4.854,36.48219],[-4.8538,36.48223],[-4.8534,36.48228],[-4.853,36.48231],[-4.8526,36.48234],[-4.8522,36.48237],[-4.8518,36.4824],[-4.8516,36.48241],[-4.8512,36.48244],[-4.8508,36.48246],[-4.8504,36.48252],[-4.85,36.48259],[-4.8498,36.48263],[-4.8494,36.48271],[-4.84905,36.4828],[-4.8488,36.48286],[-4.8484,36.48296],[-4.8482,36.48302],[-4.8478,36.48316],[-4.8476,36.48322],[-4.8472,36.48336],[-4.847,36.48343],[-4.8466,36.48354],[-4.84634,36.4836],[-4.846,36.48366],[-4.8456,36.4837],[-4.8452,36.48373],[-4.8448,36.48378],[-4.8446,36.48382],[-4.8442,36.48387],[-4.8438,36.48393],[-4.8434,36.48398],[-4.843,36.484],[-4.8428,36.48401],[-4.8424,36.48405],[-4.842,36.48405],[-4.8416,36.48407],[-4.8412,36.48409],[-4.8408,36.48412],[-4.8404,36.48417],[-4.8402,36.48421],[-4.8398,36.4843],[-4.8394,36.48438],[-4.8392,36.48443],[-4.8388,36.48453],[-4.83854,36.4846],[-4.8382,36.48467],[-4.8378,36.48475],[-4.8374,36.48479],[-4.837,36.48479],[-4.8366,36.4848],[-4.8362,36.48479],[-4.8358,36.4848],[-4.83549,36.4848],[-4.8352,36.48481],[-4.8348,36.48485],[-4.8344,36.48488],[-4.834,36.4849],[-4.8336,36.48488],[-4.8332,36.48488],[-4.8328,36.48487],[-4.8324,36.48487],[-4.832,36.48487],[-4.8316,36.48486],[-4.8312,36.48484],[-4.8308,36.48481],[-4.83056,36.4848],[-4.8302,36.48477],[-4.8298,36.48474],[-4.8294,36.48473],[-4.829,36.48473],[-4.8286,36.48474],[-4.8282,36.48476],[-4.8278,36.4848],[-4.8276,36.48482],[-4.8272,36.48486],[-4.8268,36.48489],[-4.8264,36.48489],[-4.826,36.48488],[-4.8256,36.48486],[-4.8252,36.48484],[-4.8248,36.48482],[-4.82454,36.4848],[-4.8242,36.48477],[-4.8238,36.48472],[-4.8234,36.48467],[-4.823,36.48462],[-4.8228,36.48459],[-4.8224,36.48454],[-4.822,36.4845],[-4.8216,36.48448],[-4.8212,36.48445],[-4.8208,36.48441],[-4.8206,36.48437],[-4.8202,36.48432],[-4.8198,36.48426],[-4.81946,36.4842],[-4.8192,36.48415],[-4.8188,36.48409],[-4.8184,36.48404],[-4.81819,36.484],[-4.8178,36.48394],[-4.8174,36.48388],[-4.817,36.48383],[-4.8168,36.48379],[-4.8164,36.48371],[-4.816,36.48362],[-4.8158,36.48357],[-4.8154,36.48345],[-4.81519,36.4834],[-4.8148,36.48329],[-4.81445,36.4832],[-4.8142,36.48314],[-4.8138,36.48305],[-4.81359,36.483],[-4.8132,36.4829],[-4.8128,36.4828],[-4.8126,36.48274],[-4.8122,36.48264],[-4.812,36.48259],[-4.8116,36.48252],[-4.8112,36.48244],[-4.811,36.48239],[-4.8106,36.4823],[-4.8102,36.48222],[-4.81,36.48218],[-4.8096,36.48211],[-4.8092,36.48205],[-4.8088,36.48203],[-4.8084,36.482],[-4.8082,36.48198],[-4.8078,36.48193],[-4.8074,36.48186],[-4.80713,36.4818],[-4.8068,36.48172],[-4.8064,36.48161],[-4.8062,36.48156],[-4.8058,36.48146],[-4.80547,36.4814],[-4.8052,36.48135],[-4.8048,36.48131],[-4.8044,36.48129],[-4.804,36.48129],[-4.8036,36.48131],[-4.8032,36.48134],[-4.8028,36.48138],[-4.80249,36.4814],[-4.8022,36.48142],[-4.8018,36.48144],[-4.8014,36.48143],[-4.801,36.4814],[-4.8008,36.48137],[-4.8004,36.48129],[-4.80005,36.4812],[-4.7998,36.48113],[-4.7994,36.48103],[-4.7992,36.48098],[-4.7988,36.48085],[-4.7986,36.48078],[-4.7982,36.48065],[-4.798,36.4806],[-4.7976,36.48048],[-4.79732,36.4804],[-4.797,36.48032],[-4.7966,36.48022],[-4.7964,36.48018],[-4.79612,36.48],[-4.796,36.47978],[-4.7956,36.47961],[-4.7954,36.47954],[-4.795,36.47942],[-4.7948,36.47936],[-4.7944,36.47924],[-4.7942,36.47917],[-4.79386,36.479],[-4.7936,36.47889],[-4.79328,36.4788],[-4.793,36.47875],[-4.7926,36.47869],[-4.7922,36.47862],[-4.792,36.47859],[-4.7916,36.47851],[-4.7912,36.47842],[-4.791,36.47838],[-4.7906,36.47829],[-4.7902,36.47821],[-4.79,36.47818],[-4.7896,36.47812],[-4.7892,36.47807],[-4.7888,36.47801],[-4.7886,36.47798],[-4.7882,36.47782],[-4.788,36.47774],[-4.78766,36.4776],[-4.7874,36.47751],[-4.78707,36.4774],[-4.7868,36.47731],[-4.78649,36.4772],[-4.7862,36.47702],[-4.786,36.47688],[-4.7858,36.47674],[-4.78556,36.4766],[-4.7852,36.47653],[-4.7848,36.47647],[-4.7844,36.47643],[-4.78417,36.4764],[-4.7838,36.47636],[-4.7834,36.47631],[-4.783,36.47626],[-4.78264,36.4762],[-4.7824,36.47616],[-4.782,36.47609],[-4.7816,36.47602],[-4.7814,36.47599],[-4.781,36.47594],[-4.7806,36.47592],[-4.7802,36.47589],[-4.7798,36.47586],[-4.7794,36.47584],[-4.779,36.47581],[-4.7788,36.4758],[-4.7784,36.47577],[-4.778,36.47574],[-4.7776,36.47571],[-4.7772,36.47566],[-4.77691,36.4756],[-4.7766,36.47553],[-4.7762,36.47543],[-4.776,36.47538],[-4.7756,36.47528],[-4.77531,36.4752],[-4.775,36.47512],[-4.7746,36.47503],[-4.7744,36.47498],[-4.774,36.47488],[-4.77367,36.4748],[-4.7734,36.47472],[-4.773,36.47462],[-4.7728,36.47457],[-4.7724,36.47447],[-4.77214,36.4744],[-4.7718,36.4743],[-4.77143,36.4742],[-4.7712,36.47411],[-4.77088,36.474],[-4.7706,36.47386],[-4.7704,36.47376],[-4.77008,36.4736],[-4.7698,36.47346],[-4.7696,36.47336],[-4.76926,36.4732],[-4.769,36.47309],[-4.76873,36.473],[-4.7684,36.47294],[-4.768,36.47288],[-4.7676,36.47283],[-4.7674,36.4728],[-4.767,36.47274],[-4.7666,36.47268],[-4.76631,36.4726],[-4.766,36.4725],[-4.76566,36.4724],[-4.7654,36.47232],[-4.765,36.4722],[-4.7648,36.47214],[-4.7644,36.47201],[-4.7642,36.47194],[-4.76382,36.4718],[-4.7636,36.47172],[-4.76328,36.4716],[-4.763,36.47151],[-4.76268,36.4714],[-4.7624,36.4713],[-4.76211,36.4712],[-4.7618,36.47108],[-4.76159,36.471],[-4.7612,36.47085],[-4.761,36.47078],[-4.7606,36.47066],[-4.7604,36.47059],[-4.76,36.47046],[-4.7598,36.47039],[-4.7594,36.47026],[-4.7592,36.47019],[-4.7588,36.47005],[-4.7586,36.46998],[-4.7582,36.46985],[-4.758,36.46978],[-4.7576,36.46966],[-4.7574,36.46959],[-4.757,36.46943],[-4.7568,36.46934],[-4.75651,36.4692],[-4.7562,36.46906],[-4.756,36.46897],[-4.75562,36.4688],[-4.7554,36.46871],[-4.75512,36.4686],[-4.7548,36.46848],[-4.75457,36.4684],[-4.7542,36.46827],[-4.754,36.4682],[-4.7536,36.46806],[-4.7534,36.46799],[-4.753,36.46786],[-4.7528,36.4678],[-4.7524,36.46766],[-4.7522,36.46759],[-4.7518,36.46745],[-4.7516,36.46738],[-4.7512,36.46722],[-4.751,36.46714],[-4.75067,36.467],[-4.7504,36.46689],[-4.7502,36.4668],[-4.7498,36.46662],[-4.7496,36.46654],[-4.7492,36.4664],[-4.749,36.46634],[-4.7486,36.46622],[-4.7484,36.46616],[-4.748,36.46604],[-4.7478,36.46597],[-4.74742,36.4658],[-4.7472,36.4657],[-4.74698,36.4656],[-4.7466,36.46545],[-4.7464,36.46538],[-4.746,36.46527],[-4.74577,36.4652],[-4.7454,36.46509],[-4.74513,36.465],[-4.7448,36.46485],[-4.7446,36.46476],[-4.74425,36.4646],[-4.744,36.4645],[-4.74364,36.4644],[-4.7434,36.46434],[-4.743,36.46423],[-4.7428,36.46418],[-4.7424,36.46407],[-4.74216,36.464],[-4.7418,36.4639],[-4.7414,36.4638],[-4.7412,36.46375],[-4.7408,36.46365],[-4.74058,36.4636],[-4.7402,36.46351],[-4.7398,36.46342],[-4.7396,36.46337],[-4.7392,36.46327],[-4.73889,36.4632],[-4.7386,36.46313],[-4.7382,36.46304],[-4.73791,36.463],[-4.7376,36.46296],[-4.7372,36.46291],[-4.7368,36.46286],[-4.7364,36.46282],[-4.7362,36.46279],[-4.7358,36.46275],[-4.7354,36.46271],[-4.735,36.46267],[-4.7346,36.46263],[-4.73426,36.4626],[-4.734,36.46257],[-4.7336,36.46253],[-4.7332,36.46249],[-4.7328,36.46245],[-4.7324,36.46241],[-4.7322,36.46239],[-4.7318,36.46235],[-4.7314,36.4623],[-4.731,36.46226],[-4.7306,36.46221],[-4.7304,36.46218],[-4.73,36.46212],[-4.7296,36.46206],[-4.72922,36.462],[-4.729,36.46197],[-4.7286,36.46191],[-4.7282,36.46185],[-4.72785,36.4618],[-4.7276,36.46177],[-4.7272,36.46172],[-4.7268,36.46172],[-4.7264,36.46172],[-4.726,36.46173],[-4.7256,36.46173],[-4.7252,36.46173],[-4.7248,36.46173],[-4.7244,36.46174],[-4.724,36.46174],[-4.7236,36.46174],[-4.7232,36.46174],[-4.7228,36.46174],[-4.7224,36.46175],[-4.722,36.46175],[-4.7216,36.46175],[-4.7212,36.46176],[-4.7208,36.46176],[-4.7204,36.46176],[-4.72,36.46176],[-4.72,36.46176]]}},{"type":"Feature","properties":{"prof":75,"principal":false},"geometry":{"type":"LineString","coordinates":[[-5.08,36.40944],[-5.07962,36.4096],[-5.0794,36.40969],[-5.07914,36.4098],[-5.0788,36.40994],[-5.0786,36.41001],[-5.0782,36.41012],[-5.07791,36.4102],[-5.0776,36.41029],[-5.07722,36.4104],[-5.077,36.41046],[-5.0766,36.41057],[-5.0764,36.41063],[-5.076,36.41074],[-5.07579,36.4108],[-5.0754,36.4109],[-5.07503,36.411],[-5.0748,36.41106],[-5.0744,36.41117],[-5.0742,36.41122],[-5.0738,36.41134],[-5.07356,36.4114],[-5.0732,36.41144],[-5.0728,36.41145],[-5.0724,36.41146],[-5.072,36.41146],[-5.0716,36.41147],[-5.0712,36.41148],[-5.0708,36.41149],[-5.0704,36.4115],[-5.07,36.41151],[-5.0696,36.41152],[-5.0692,36.41154],[-5.0688,36.41155],[-5.0684,36.41156],[-5.068,36.41157],[-5.0676,36.41158],[-5.0672,36.4115],[-5.0668,36.41142],[-5.0666,36.4114],[-5.0662,36.41137],[-5.0658,36.41134],[-5.0654,36.41132],[-5.065,36.4113],[-5.0646,36.41127],[-5.0642,36.41125],[-5.0638,36.41123],[-5.0634,36.41121],[-5.0632,36.41119],[-5.0628,36.41117],[-5.0624,36.41115],[-5.062,36.41112],[-5.0616,36.41105],[-5.06136,36.411],[-5.061,36.41093],[-5.0606,36.41085],[-5.06034,36.4108],[-5.06,36.41074],[-5.0596,36.41068],[-5.0592,36.41063],[-5.059,36.4106],[-5.0586,36.41054],[-5.0582,36.41048],[-5.0578,36.41042],[-5.0576,36.4104],[-5.0572,36.41034],[-5.0568,36.41028],[-5.0564,36.41024],[-5.056,36.41026],[-5.0556,36.41029],[-5.0552,36.41032],[-5.0548,36.41035],[-5.0544,36.41037],[-5.054,36.4104],[-5.0538,36.41041],[-5.0534,36.41045],[-5.053,36.41049],[-5.0526,36.41057],[-5.0524,36.41065],[-5.05211,36.4108],[-5.0518,36.41095],[-5.0516,36.41105],[-5.05128,36.4112],[-5.051,36.41135],[-5.0508,36.41143],[-5.0504,36.41155],[-5.0502,36.41161],[-5.0498,36.41172],[-5.04951,36.4118],[-5.0492,36.41189],[-5.04882,36.412],[-5.0486,36.41207],[-5.04822,36.4122],[-5.048,36.41228],[-5.04763,36.4124],[-5.0474,36.41247],[-5.04703,36.4126],[-5.0468,36.41267],[-5.0464,36.41279],[-5.0462,36.41285],[-5.0458,36.41296],[-5.0456,36.41303],[-5.0452,36.41315],[-5.04498,36.4132],[-5.0446,36.41327],[-5.0442,36.41335],[-5.04396,36.4134],[-5.0436,36.41347],[-5.0432,36.41354],[-5.04291,36.4136],[-5.0426,36.41366],[-5.0422,36.41373],[-5.04181,36.4138],[-5.0416,36.41384],[-5.0412,36.41391],[-5.0408,36.41399],[-5.0406,36.41403],[-5.0402,36.41411],[-5.0398,36.41418],[-5.03951,36.4142],[-5.0392,36.41421],[-5.0388,36.41421],[-5.0384,36.41422],[-5.038,36.41422],[-5.0376,36.41423],[-5.0372,36.41424],[-5.0368,36.41424],[-5.0364,36.41425],[-5.036,36.41425],[-5.0356,36.41426],[-5.0352,36.41426],[-5.0348,36.41427],[-5.0344,36.41427],[-5.034,36.41426],[-5.0336,36.41423],[-5.03335,36.4142],[-5.033,36.41416],[-5.0326,36.41411],[-5.0322,36.41406],[-5.0318,36.41401],[-5.0316,36.41398],[-5.0312,36.41394],[-5.0308,36.41389],[-5.0304,36.41384],[-5.0301,36.4138],[-5.0298,36.41376],[-5.0294,36.41372],[-5.029,36.41367],[-5.0286,36.41362],[-5.0284,36.41355],[-5.02807,36.4134],[-5.0278,36.41328],[-5.0276,36.41309],[-5.02749,36.4128],[-5.0274,36.41259],[-5.027,36.41244],[-5.02679,36.4124],[-5.0264,36.41233],[-5.026,36.41225],[-5.0257,36.4122],[-5.0254,36.41215],[-5.025,36.41207],[-5.0246,36.412],[-5.0244,36.41197],[-5.024,36.4119],[-5.02369,36.4118],[-5.0234,36.41167],[-5.0232,36.41157],[-5.0229,36.4114],[-5.0226,36.41121],[-5.0224,36.4111],[-5.02217,36.411],[-5.0218,36.41084],[-5.0216,36.41073],[-5.02135,36.4106],[-5.02111,36.4104],[-5.02089,36.4102],[-5.02066,36.41],[-5.02041,36.4098],[-5.0202,36.40972],[-5.01991,36.4096],[-5.0196,36.40951],[-5.01921,36.4094],[-5.019,36.40934],[-5.0186,36.40923],[-5.0184,36.40918],[-5.018,36.40907],[-5.01774,36.409],[-5.0174,36.40886],[-5.0172,36.40872],[-5.017,36.40857],[-5.01676,36.4084],[-5.01647,36.4082],[-5.01621,36.408],[-5.016,36.40781],[-5.0158,36.4076],[-5.01562,36.4074],[-5.01547,36.4072],[-5.01542,36.4068],[-5.01532,36.4066],[-5.01519,36.4064],[-5.015,36.40606],[-5.01485,36.4058],[-5.01473,36.4056],[-5.01461,36.4052],[-5.01456,36.405],[-5.0144,36.40471],[-5.01415,36.4046],[-5.0138,36.40452],[-5.0134,36.40442],[-5.0132,36.40437],[-5.0128,36.40428],[-5.01249,36.4042],[-5.0122,36.40413],[-5.01189,36.404],[-5.01171,36.4038],[-5.0115,36.4036],[-5.01133,36.4034],[-5.0112,36.4032],[-5.011,36.40289],[-5.01082,36.4026],[-5.01069,36.4024],[-5.01057,36.4022],[-5.0104,36.40199],[-5.01002,36.4018],[-5.0098,36.40168],[-5.0096,36.40157],[-5.0094,36.40138],[-5.00924,36.401],[-5.00915,36.4008],[-5.00881,36.4006],[-5.0086,36.4005],[-5.00837,36.4004],[-5.008,36.40024],[-5.0078,36.40016],[-5.00745,36.4],[-5.0072,36.39988],[-5.007,36.39979],[-5.0066,36.39961],[-5.0064,36.39952],[-5.0062,36.39938],[-5.006,36.39919],[-5.0058,36.39895],[-5.0056,36.39872],[-5.0054,36.3985],[-5.0052,36.3983],[-5.005,36.39817],[-5.00469,36.398],[-5.0044,36.39784],[-5.0042,36.39774],[-5.00392,36.3976],[-5.0036,36.39746],[-5.0034,36.39737],[-5.00304,36.3972],[-5.0028,36.39709],[-5.0026,36.397],[-5.0022,36.39682],[-5.002,36.39673],[-5.00169,36.3966],[-5.0014,36.39645],[-5.0012,36.39634],[-5.00093,36.3962],[-5.0006,36.39612],[-5.0002,36.39607],[-4.9998,36.39602],[-4.9996,36.39599],[-4.9992,36.39593],[-4.9988,36.39587],[-4.9984,36.39582],[-4.9982,36.39579],[-4.9978,36.39573],[-4.9974,36.39567],[-4.997,36.39561],[-4.9968,36.39558],[-4.9964,36.39552],[-4.996,36.39546],[-4.99562,36.3954],[-4.9954,36.39537],[-4.995,36.39533],[-4.9946,36.39533],[-4.9942,36.39533],[-4.9938,36.39534],[-4.9934,36.39534],[-4.993,36.39535],[-4.9926,36.39535],[-4.9922,36.39536],[-4.9918,36.39536],[-4.9914,36.39536],[-4.991,36.39535],[-4.9906,36.39534],[-4.9902,36.39531],[-4.9898,36.39528],[-4.9894,36.39531],[-4.98905,36.3954],[-4.9888,36.39545],[-4.9884,36.39554],[-4.98811,36.3956],[-4.9878,36.39566],[-4.9874,36.39573],[-4.98702,36.3958],[-4.9868,36.39584],[-4.9864,36.39591],[-4.986,36.39598],[-4.9858,36.39601],[-4.9854,36.39609],[-4.985,36.39616],[-4.9848,36.3962],[-4.9844,36.39628],[-4.984,36.39635],[-4.9836,36.39636],[-4.9832,36.39636],[-4.9828,36.39636],[-4.9824,36.39636],[-4.982,36.39635],[-4.9816,36.39635],[-4.9812,36.39634],[-4.9808,36.39633],[-4.9804,36.39633],[-4.98,36.39632],[-4.9796,36.39631],[-4.9792,36.39631],[-4.9788,36.3963],[-4.9784,36.39631],[-4.9782,36.39642],[-4.97797,36.3966],[-4.97772,36.3968],[-4.97748,36.397],[-4.97725,36.3972],[-4.97702,36.3974],[-4.9768,36.39759],[-4.97661,36.3978],[-4.97648,36.398],[-4.97635,36.3982],[-4.9762,36.39841],[-4.976,36.39867],[-4.9758,36.39895],[-4.97562,36.3992],[-4.97547,36.3994],[-4.97532,36.3996],[-4.9752,36.3998],[-4.9752,36.40002],[-4.97533,36.4004],[-4.9754,36.40062],[-4.97552,36.401],[-4.9754,36.40128],[-4.9752,36.40153],[-4.975,36.40178],[-4.97487,36.402],[-4.9749,36.4024],[-4.9748,36.40264],[-4.9746,36.40292],[-4.9744,36.40318],[-4.97425,36.4034],[-4.9741,36.4036],[-4.97396,36.4038],[-4.9738,36.40401],[-4.97363,36.4044],[-4.9736,36.4047],[-4.9734,36.40496],[-4.97321,36.4052],[-4.97306,36.4054],[-4.97293,36.4056],[-4.9728,36.4058],[-4.9726,36.4062],[-4.97242,36.4064],[-4.97226,36.4066],[-4.97211,36.4068],[-4.97197,36.407],[-4.9718,36.40724],[-4.9716,36.40751],[-4.9714,36.40779],[-4.97125,36.408],[-4.97111,36.4082],[-4.97096,36.4084],[-4.9708,36.40862],[-4.9706,36.4089],[-4.9704,36.40918],[-4.97023,36.4094],[-4.97,36.40956],[-4.9698,36.40963],[-4.9694,36.40975],[-4.9692,36.40981],[-4.9688,36.40993],[-4.96855,36.41],[-4.9682,36.41014],[-4.968,36.41022],[-4.9676,36.4104],[-4.9674,36.41049],[-4.967,36.41057],[-4.9666,36.4105],[-4.9662,36.41042],[-4.966,36.41038],[-4.9656,36.41031],[-4.9652,36.41024],[-4.96498,36.4102],[-4.9646,36.41013],[-4.9642,36.41007],[-4.96383,36.41],[-4.9636,36.40992],[-4.96328,36.4098],[-4.96307,36.4096],[-4.96287,36.4094],[-4.96265,36.4092],[-4.96244,36.409],[-4.96223,36.4088],[-4.962,36.40869],[-4.9618,36.40852],[-4.9614,36.40855],[-4.9612,36.40867],[-4.961,36.40882],[-4.96077,36.409],[-4.96049,36.4092],[-4.96021,36.4094],[-4.96,36.40956],[-4.9598,36.40971],[-4.9596,36.40987],[-4.9594,36.41003],[-4.95917,36.4102],[-4.95891,36.4104],[-4.95866,36.4106],[-4.95841,36.4108],[-4.9582,36.41095],[-4.958,36.41109],[-4.9578,36.41124],[-4.95759,36.4114],[-4.95735,36.4116],[-4.95711,36.4118],[-4.95685,36.412],[-4.95661,36.4122],[-4.9564,36.41238],[-4.9562,36.41254],[-4.956,36.41267],[-4.95576,36.4128],[-4.9554,36.41296],[-4.9552,36.41305],[-4.95489,36.4132],[-4.9546,36.41334],[-4.9544,36.41344],[-4.95405,36.4136],[-4.9538,36.41373],[-4.9536,36.4139],[-4.9534,36.41413],[-4.9532,36.41436],[-4.953,36.41458],[-4.9528,36.4148],[-4.95262,36.415],[-4.95245,36.4152],[-4.95226,36.4154],[-4.95206,36.4156],[-4.95188,36.4158],[-4.95169,36.416],[-4.95151,36.4162],[-4.95132,36.4164],[-4.9511,36.4166],[-4.9508,36.41676],[-4.9506,36.41685],[-4.95024,36.417],[-4.95,36.41709],[-4.94969,36.4172],[-4.9494,36.4173],[-4.94911,36.4174],[-4.9488,36.41751],[-4.94857,36.4176],[-4.9482,36.4178],[-4.94804,36.418],[-4.94788,36.4182],[-4.94772,36.4184],[-4.94758,36.4186],[-4.9474,36.41887],[-4.9472,36.41914],[-4.94701,36.4194],[-4.94687,36.4196],[-4.94672,36.4198],[-4.94658,36.42],[-4.9464,36.42031],[-4.9462,36.42052],[-4.946,36.42066],[-4.94579,36.4208],[-4.94548,36.421],[-4.9452,36.4212],[-4.945,36.42134],[-4.9448,36.42147],[-4.9446,36.4216],[-4.94429,36.4218],[-4.944,36.422],[-4.9438,36.42211],[-4.9436,36.42222],[-4.94327,36.4224],[-4.943,36.42253],[-4.9428,36.42263],[-4.94246,36.4228],[-4.9422,36.42294],[-4.942,36.42306],[-4.9418,36.4232],[-4.94153,36.4234],[-4.94126,36.4236],[-4.941,36.4238],[-4.9408,36.42396],[-4.9406,36.42412],[-4.9404,36.42429],[-4.9402,36.42448],[-4.94,36.42476],[-4.93985,36.425],[-4.93973,36.4252],[-4.9396,36.4254],[-4.9394,36.42573],[-4.93921,36.426],[-4.939,36.42608],[-4.93865,36.4262],[-4.9384,36.42627],[-4.938,36.42639],[-4.9378,36.42645],[-4.9374,36.42657],[-4.9372,36.42663],[-4.93683,36.4268],[-4.93667,36.427],[-4.93652,36.4272],[-4.93638,36.4274],[-4.9362,36.42768],[-4.936,36.428],[-4.93587,36.4282],[-4.93572,36.4284],[-4.93556,36.4286],[-4.93539,36.4288],[-4.9352,36.42902],[-4.935,36.42927],[-4.9348,36.4296],[-4.93466,36.4298],[-4.93441,36.43],[-4.9342,36.43018],[-4.934,36.43035],[-4.9338,36.43051],[-4.9336,36.43062],[-4.9332,36.43072],[-4.93285,36.4308],[-4.9326,36.43087],[-4.9322,36.431],[-4.932,36.43109],[-4.93175,36.4312],[-4.9314,36.43133],[-4.9312,36.4314],[-4.9308,36.4315],[-4.93041,36.4316],[-4.9302,36.43165],[-4.9298,36.43176],[-4.9296,36.43181],[-4.9292,36.43199],[-4.929,36.43211],[-4.9288,36.43224],[-4.92853,36.4324],[-4.9282,36.4326],[-4.928,36.43271],[-4.92794,36.433],[-4.92781,36.4334],[-4.9276,36.43357],[-4.9274,36.43366],[-4.927,36.43379],[-4.9268,36.43382],[-4.9264,36.4339],[-4.926,36.43397],[-4.92579,36.434],[-4.9254,36.43407],[-4.925,36.43418],[-4.9248,36.43423],[-4.9244,36.4343],[-4.924,36.43438],[-4.9238,36.43443],[-4.92347,36.4346],[-4.9232,36.43474],[-4.923,36.43488],[-4.9228,36.43501],[-4.92247,36.4352],[-4.92224,36.4354],[-4.922,36.43544],[-4.9216,36.43555],[-4.9214,36.43561],[-4.921,36.43562],[-4.9206,36.43564],[-4.92029,36.4358],[-4.92004,36.436],[-4.9198,36.43617],[-4.9196,36.4363],[-4.9194,36.43641],[-4.91909,36.4366],[-4.9188,36.43676],[-4.9186,36.43692],[-4.9184,36.43706],[-4.9182,36.43721],[-4.918,36.43745],[-4.91792,36.4378],[-4.9177,36.438],[-4.9174,36.43811],[-4.91714,36.4382],[-4.9168,36.43824],[-4.9164,36.43829],[-4.916,36.43837],[-4.91563,36.4384],[-4.9154,36.43842],[-4.915,36.43844],[-4.9146,36.43843],[-4.9142,36.43845],[-4.9138,36.43848],[-4.9134,36.43854],[-4.91317,36.4386],[-4.9128,36.43878],[-4.9126,36.43889],[-4.9124,36.43909],[-4.9122,36.43936],[-4.912,36.4396],[-4.91185,36.4398],[-4.91167,36.44],[-4.9114,36.44014],[-4.9112,36.44022],[-4.9108,36.44024],[-4.9104,36.44026],[-4.91004,36.4404],[-4.9098,36.44052],[-4.9096,36.44061],[-4.9092,36.44066],[-4.9088,36.44075],[-4.9086,36.44081],[-4.9082,36.44092],[-4.9078,36.44098],[-4.90755,36.441],[-4.9072,36.44104],[-4.9068,36.44105],[-4.9064,36.44117],[-4.9062,36.44125],[-4.9058,36.44136],[-4.9056,36.4414],[-4.9052,36.4415],[-4.90483,36.4416],[-4.9046,36.44166],[-4.90423,36.4418],[-4.904,36.44189],[-4.90372,36.442],[-4.9034,36.44212],[-4.9032,36.44221],[-4.90281,36.4424],[-4.9026,36.4425],[-4.90237,36.4426],[-4.902,36.44273],[-4.9018,36.44283],[-4.90146,36.443],[-4.9012,36.44313],[-4.901,36.44325],[-4.90078,36.4434],[-4.90053,36.4436],[-4.9002,36.44379],[-4.9,36.44391],[-4.8998,36.44405],[-4.89959,36.4442],[-4.89935,36.4444],[-4.89917,36.4446],[-4.899,36.44482],[-4.8988,36.44506],[-4.8986,36.44533],[-4.8984,36.4455],[-4.8982,36.44561],[-4.8978,36.44578],[-4.8976,36.44588],[-4.89733,36.446],[-4.897,36.44614],[-4.8968,36.44622],[-4.8964,36.44639],[-4.8962,36.44646],[-4.89591,36.4466],[-4.8956,36.44672],[-4.8954,36.44682],[-4.89501,36.447],[-4.8948,36.4471],[-4.8946,36.4472],[-4.89422,36.4474],[-4.894,36.4475],[-4.89377,36.4476],[-4.8934,36.44777],[-4.8932,36.44786],[-4.89284,36.448],[-4.8926,36.4481],[-4.89232,36.4482],[-4.892,36.44832],[-4.89177,36.4484],[-4.8914,36.44853],[-4.89117,36.4486],[-4.8908,36.44874],[-4.8906,36.44881],[-4.8902,36.44898],[-4.89,36.44906],[-4.8896,36.4492],[-4.8894,36.44926],[-4.889,36.44937],[-4.8888,36.44941],[-4.8884,36.44953],[-4.88814,36.4496],[-4.8878,36.4497],[-4.88744,36.4498],[-4.8872,36.44986],[-4.8868,36.44998],[-4.8866,36.45004],[-4.8862,36.45012],[-4.88594,36.4502],[-4.8856,36.45029],[-4.8852,36.45037],[-4.885,36.45041],[-4.8846,36.45048],[-4.8842,36.45054],[-4.88386,36.4506],[-4.8836,36.45063],[-4.8832,36.45066],[-4.8828,36.45067],[-4.8824,36.45067],[-4.882,36.45071],[-4.8816,36.45072],[-4.8812,36.45071],[-4.8808,36.45072],[-4.8804,36.45075],[-4.88,36.45079],[-4.8798,36.45082],[-4.8794,36.45088],[-4.879,36.45097],[-4.8788,36.45101],[-4.8784,36.4511],[-4.87801,36.4512],[-4.8778,36.45124],[-4.8774,36.4513],[-4.877,36.45135],[-4.87666,36.4514],[-4.8764,36.45145],[-4.876,36.45153],[-4.8756,36.45159],[-4.8754,36.45163],[-4.875,36.45169],[-4.8746,36.45173],[-4.8742,36.45176],[-4.8738,36.45179],[-4.87343,36.4518],[-4.8732,36.45181],[-4.8728,36.4518],[-4.87251,36.4518],[-4.87233,36.4518],[-4.87214,36.4518],[-4.8718,36.45178],[-4.8714,36.45176],[-4.871,36.45172],[-4.8706,36.45167],[-4.8702,36.45162],[-4.87,36.45158],[-4.8696,36.45151],[-4.8692,36.45147],[-4.8688,36.4514],[-4.8686,36.45139],[-4.8682,36.45138],[-4.86795,36.4514],[-4.8676,36.45145],[-4.8672,36.45151],[-4.86684,36.4516],[-4.8666,36.45168],[-4.86629,36.4518],[-4.866,36.4519],[-4.8657,36.452],[-4.8654,36.45209],[-4.86517,36.4522],[-4.8648,36.45236],[-4.8646,36.45245],[-4.86426,36.4526],[-4.864,36.45272],[-4.8638,36.45281],[-4.86342,36.453],[-4.8632,36.45309],[-4.86297,36.4532],[-4.8626,36.45336],[-4.8624,36.45342],[-4.862,36.45355],[-4.8618,36.45362],[-4.8614,36.45374],[-4.8612,36.45382],[-4.8608,36.45398],[-4.8606,36.45409],[-4.86034,36.4542],[-4.86,36.45436],[-4.8598,36.45448],[-4.8596,36.45465],[-4.8594,36.45493],[-4.85931,36.4552],[-4.85918,36.4554],[-4.85892,36.4556],[-4.8586,36.45576],[-4.8584,36.45588],[-4.85815,36.456],[-4.8578,36.45614],[-4.8576,36.45623],[-4.8572,36.45629],[-4.8568,36.45633],[-4.85649,36.4564],[-4.8562,36.45648],[-4.85594,36.4566],[-4.8556,36.45672],[-4.8554,36.45681],[-4.855,36.45695],[-4.8548,36.45703],[-4.8544,36.45712],[-4.85412,36.4572],[-4.8538,36.45729],[-4.8534,36.45739],[-4.8532,36.45744],[-4.8528,36.45756],[-4.8526,36.45766],[-4.85226,36.4578],[-4.852,36.45796],[-4.8518,36.45804],[-4.8514,36.45815],[-4.8512,36.45824],[-4.8508,36.45836],[-4.8506,36.45844],[-4.85035,36.4586],[-4.85,36.45878],[-4.8498,36.4589],[-4.84948,36.459],[-4.8492,36.45905],[-4.8488,36.45917],[-4.8486,36.45922],[-4.8482,36.45934],[-4.8479,36.4594],[-4.8476,36.45943],[-4.8472,36.45946],[-4.8468,36.45947],[-4.8464,36.45947],[-4.846,36.45949],[-4.8456,36.45946],[-4.8452,36.45945],[-4.8448,36.45943],[-4.8444,36.45944],[-4.844,36.45944],[-4.84377,36.4594],[-4.8434,36.45934],[-4.843,36.45931],[-4.8426,36.45923],[-4.8424,36.45908],[-4.84223,36.4588],[-4.84214,36.4586],[-4.84184,36.4584],[-4.8422,36.4583],[-4.84257,36.4582],[-4.8424,36.45794],[-4.84201,36.4578],[-4.84217,36.4574],[-4.8424,36.45733],[-4.84269,36.4572],[-4.84284,36.4572],[-4.8432,36.45725],[-4.8436,36.45725],[-4.8438,36.45719],[-4.8442,36.457],[-4.84426,36.4568],[-4.8444,36.45653],[-4.8446,36.45639],[-4.845,36.45634],[-4.8454,36.45626],[-4.8456,36.45614],[-4.84585,36.456],[-4.846,36.45579],[-4.84621,36.4556],[-4.84632,36.4552],[-4.8464,36.4549],[-4.8468,36.45489],[-4.8472,36.45495],[-4.8474,36.45502],[-4.8478,36.45517],[-4.848,36.45524],[-4.8484,36.4552],[-4.8488,36.45535],[-4.8492,36.45538],[-4.8496,36.4554],[-4.8496,36.45542],[-4.8496,36.45579],[-4.8498,36.45584],[-4.8502,36.45587],[-4.8506,36.45586],[-4.85074,36.4556],[-4.8508,36.45521],[-4.85081,36.455],[-4.8508,36.4546],[-4.85072,36.4544],[-4.85057,36.4542],[-4.85057,36.4538],[-4.85046,36.4534],[-4.8503,36.4532],[-4.85019,36.453],[-4.85005,36.4526],[-4.84995,36.4524],[-4.84979,36.4522],[-4.84951,36.452],[-4.8492,36.45186],[-4.849,36.45175],[-4.84866,36.4516],[-4.8484,36.45155],[-4.848,36.4515],[-4.8476,36.45149],[-4.8472,36.45147],[-4.8468,36.45143],[-4.8464,36.45145],[-4.84608,36.4516],[-4.84581,36.4518],[-4.8457,36.452],[-4.84572,36.4524],[-4.8456,36.45272],[-4.84545,36.453],[-4.84529,36.4532],[-4.84511,36.4534],[-4.8448,36.45352],[-4.8444,36.45355],[-4.844,36.45352],[-4.8436,36.45344],[-4.8434,36.4534],[-4.843,36.45329],[-4.84274,36.4532],[-4.8424,36.45314],[-4.842,36.45306],[-4.8416,36.45305],[-4.8412,36.45308],[-4.8408,36.45318],[-4.8406,36.45327],[-4.84039,36.4534],[-4.8402,36.45371],[-4.84,36.45393],[-4.83986,36.4542],[-4.83977,36.4544],[-4.83983,36.4546],[-4.8399,36.455],[-4.83985,36.4554],[-4.83968,36.4556],[-4.8398,36.45592],[-4.83982,36.4562],[-4.84006,36.4564],[-4.84016,36.4568],[-4.83997,36.457],[-4.83974,36.4572],[-4.8399,36.4574],[-4.8398,36.4576],[-4.83985,36.4578],[-4.8396,36.45797],[-4.8394,36.45814],[-4.83918,36.4582],[-4.83937,36.4584],[-4.8392,36.45861],[-4.8388,36.45879],[-4.83868,36.459],[-4.83847,36.4592],[-4.8382,36.45937],[-4.838,36.45946],[-4.83777,36.4596],[-4.8374,36.45974],[-4.8372,36.45982],[-4.83684,36.46],[-4.83666,36.4602],[-4.8364,36.46034],[-4.8362,36.46047],[-4.83599,36.4606],[-4.83564,36.4608],[-4.8354,36.4609],[-4.83516,36.461],[-4.83491,36.4612],[-4.83465,36.4614],[-4.8344,36.4615],[-4.83413,36.4616],[-4.8338,36.46171],[-4.8336,36.46181],[-4.83325,36.462],[-4.833,36.46215],[-4.8328,36.46223],[-4.8325,36.4624],[-4.8322,36.46249],[-4.8319,36.4626],[-4.8316,36.46271],[-4.83129,36.4628],[-4.831,36.46294],[-4.8308,36.46301],[-4.8304,36.46314],[-4.8302,36.46322],[-4.8298,36.46333],[-4.8295,36.4634],[-4.8292,36.46348],[-4.8288,36.46358],[-4.8286,36.46364],[-4.8282,36.46374],[-4.82792,36.4638],[-4.8276,36.46385],[-4.8272,36.46393],[-4.82699,36.464],[-4.8266,36.46415],[-4.82623,36.4642],[-4.826,36.46425],[-4.8256,36.46433],[-4.82539,36.4644],[-4.825,36.46445],[-4.8246,36.46453],[-4.8242,36.46459],[-4.824,36.46461],[-4.8236,36.4647],[-4.8232,36.46477],[-4.823,36.46482],[-4.8226,36.46493],[-4.82234,36.465],[-4.822,36.46501],[-4.8216,36.46509],[-4.8212,36.46514],[-4.8208,36.46519],[-4.8206,36.46522],[-4.8202,36.46525],[-4.8198,36.46524],[-4.8194,36.46526],[-4.819,36.46529],[-4.8186,36.46535],[-4.8182,36.4654],[-4.818,36.46542],[-4.8176,36.46546],[-4.8172,36.46547],[-4.8168,36.4655],[-4.8164,36.46555],[-4.816,36.46555],[-4.8156,36.46557],[-4.81529,36.4656],[-4.815,36.46569],[-4.8146,36.46575],[-4.8142,36.46569],[-4.8138,36.46571],[-4.8134,36.4657],[-4.813,36.4657],[-4.8126,36.46569],[-4.8122,36.46568],[-4.8118,36.46571],[-4.8114,36.46571],[-4.811,36.46574],[-4.8106,36.46575],[-4.8102,36.46573],[-4.8098,36.46572],[-4.8094,36.46571],[-4.809,36.46574],[-4.8086,36.46576],[-4.8082,36.46574],[-4.8078,36.46573],[-4.8074,36.46573],[-4.807,36.4657],[-4.8066,36.46568],[-4.8062,36.46567],[-4.8058,36.46565],[-4.8054,36.46565],[-4.805,36.46561],[-4.80473,36.4656],[-4.8044,36.46556],[-4.804,36.46554],[-4.8036,36.46551],[-4.8032,36.46546],[-4.8028,36.46545],[-4.80254,36.4654],[-4.8022,36.46538],[-4.8018,36.4654],[-4.8014,36.46538],[-4.801,36.46535],[-4.8006,36.46534],[-4.8002,36.4653],[-4.7998,36.46532],[-4.7994,36.46529],[-4.799,36.46526],[-4.7986,36.46524],[-4.7982,36.4652],[-4.798,36.46517],[-4.7976,36.46512],[-4.7972,36.46505],[-4.79695,36.465],[-4.7966,36.46495],[-4.7962,36.46491],[-4.7958,36.46481],[-4.79555,36.4648],[-4.7952,36.46478],[-4.7948,36.46475],[-4.7944,36.46472],[-4.794,36.46467],[-4.79363,36.4646],[-4.7934,36.46455],[-4.793,36.46446],[-4.7927,36.4644],[-4.7924,36.46434],[-4.792,36.46425],[-4.79178,36.4642],[-4.7914,36.46411],[-4.791,36.46403],[-4.79078,36.464],[-4.7904,36.46396],[-4.79,36.46391],[-4.7896,36.46387],[-4.7892,36.46382],[-4.78898,36.4638],[-4.7886,36.46376],[-4.7882,36.46367],[-4.78794,36.4636],[-4.7876,36.46352],[-4.7872,36.46342],[-4.787,36.46337],[-4.7866,36.46329],[-4.7862,36.46322],[-4.786,36.46318],[-4.7856,36.46311],[-4.7852,36.46304],[-4.78499,36.463],[-4.7846,36.46293],[-4.7842,36.46286],[-4.78388,36.4628],[-4.7836,36.46274],[-4.7832,36.46266],[-4.78287,36.4626],[-4.7826,36.46255],[-4.7822,36.46248],[-4.7818,36.46241],[-4.7816,36.46238],[-4.7812,36.4623],[-4.7808,36.46222],[-4.7806,36.46219],[-4.7802,36.4621],[-4.7798,36.46203],[-4.7796,36.462],[-4.7792,36.46191],[-4.7788,36.46184],[-4.77859,36.4618],[-4.7782,36.46173],[-4.7778,36.46166],[-4.77747,36.4616],[-4.7772,36.46154],[-4.7768,36.46144],[-4.7766,36.46139],[-4.7762,36.46128],[-4.7759,36.4612],[-4.7756,36.46111],[-4.7752,36.461],[-4.775,36.46095],[-4.7746,36.46084],[-4.7744,36.46079],[-4.774,36.46068],[-4.77369,36.4606],[-4.7734,36.46052],[-4.773,36.46042],[-4.7728,36.46037],[-4.7724,36.46028],[-4.77207,36.4602],[-4.7718,36.46015],[-4.7714,36.46008],[-4.771,36.46001],[-4.7708,36.45997],[-4.7704,36.45991],[-4.77,36.45984],[-4.76976,36.4598],[-4.7694,36.45974],[-4.769,36.45967],[-4.76863,36.4596],[-4.7684,36.45956],[-4.768,36.45949],[-4.7676,36.45941],[-4.7674,36.45938],[-4.767,36.45931],[-4.7666,36.45923],[-4.7664,36.45919],[-4.766,36.45908],[-4.76577,36.459],[-4.7654,36.45887],[-4.7652,36.4588],[-4.7648,36.45865],[-4.7646,36.45858],[-4.7642,36.45843],[-4.764,36.45836],[-4.7636,36.45822],[-4.7634,36.45815],[-4.763,36.458],[-4.7628,36.45793],[-4.76247,36.4578],[-4.7622,36.45769],[-4.76196,36.4576],[-4.7616,36.45746],[-4.7614,36.45738],[-4.761,36.45723],[-4.7608,36.45715],[-4.7604,36.45705],[-4.76018,36.457],[-4.7598,36.45691],[-4.7594,36.45681],[-4.7592,36.45676],[-4.7588,36.45666],[-4.75854,36.4566],[-4.7582,36.45652],[-4.7578,36.45643],[-4.7576,36.45638],[-4.7572,36.45628],[-4.75689,36.4562],[-4.7566,36.45612],[-4.7562,36.45601],[-4.756,36.45596],[-4.7556,36.45585],[-4.7554,36.45579],[-4.755,36.4557],[-4.7546,36.45562],[-4.7544,36.45558],[-4.754,36.4555],[-4.7536,36.45542],[-4.7534,36.45538],[-4.753,36.4553],[-4.7526,36.45521],[-4.7524,36.45517],[-4.752,36.45509],[-4.7516,36.455],[-4.7514,36.45496],[-4.751,36.45488],[-4.75063,36.4548],[-4.7504,36.45475],[-4.75,36.45467],[-4.74971,36.4546],[-4.7494,36.45454],[-4.749,36.45448],[-4.7486,36.45443],[-4.74838,36.4544],[-4.748,36.45435],[-4.7476,36.45429],[-4.7472,36.45423],[-4.74696,36.4542],[-4.7466,36.45415],[-4.7462,36.45409],[-4.7458,36.45403],[-4.74556,36.454],[-4.7452,36.45395],[-4.7448,36.45389],[-4.7444,36.45384],[-4.74413,36.4538],[-4.7438,36.45376],[-4.7434,36.4537],[-4.743,36.45365],[-4.74262,36.4536],[-4.7424,36.45358],[-4.742,36.45354],[-4.7416,36.45351],[-4.7412,36.45348],[-4.7408,36.45344],[-4.7404,36.45341],[-4.7402,36.45339],[-4.7398,36.45336],[-4.7394,36.45332],[-4.739,36.45329],[-4.7386,36.45325],[-4.7382,36.45321],[-4.738,36.45319],[-4.7376,36.45315],[-4.7372,36.45311],[-4.7368,36.45308],[-4.7364,36.45304],[-4.736,36.45301],[-4.7358,36.45299],[-4.7354,36.45296],[-4.735,36.45293],[-4.7346,36.4529],[-4.7342,36.45287],[-4.7338,36.45284],[-4.7334,36.45281],[-4.7332,36.45279],[-4.7328,36.45276],[-4.7324,36.45269],[-4.732,36.45263],[-4.73177,36.4526],[-4.7314,36.45254],[-4.731,36.45248],[-4.7306,36.45241],[-4.7304,36.45238],[-4.73,36.45232],[-4.7296,36.45225],[-4.72925,36.4522],[-4.729,36.45216],[-4.7286,36.4521],[-4.7282,36.45205],[-4.72789,36.452],[-4.7276,36.45196],[-4.7272,36.45192],[-4.7268,36.45192],[-4.7264,36.45192],[-4.726,36.45192],[-4.7256,36.45192],[-4.7252,36.45192],[-4.7248,36.45191],[-4.7244,36.45191],[-4.724,36.45191],[-4.7236,36.45191],[-4.7232,36.45191],[-4.7228,36.4519],[-4.7224,36.4519],[-4.722,36.45189],[-4.7216,36.4519],[-4.7212,36.45191],[-4.7208,36.45192],[-4.7204,36.45193],[-4.72,36.45194],[-4.72,36.45194]]}},{"type":"Feature","properties":{"prof":100,"principal":true},"geometry":{"type":"LineString","coordinates":[[-5.08,36.39576],[-5.0798,36.39582],[-5.0794,36.39593],[-5.07915,36.396],[-5.0788,36.39611],[-5.0785,36.3962],[-5.0782,36.39631],[-5.07793,36.3964],[-5.0776,36.39654],[-5.0774,36.39663],[-5.077,36.39679],[-5.0768,36.39689],[-5.07656,36.397],[-5.0762,36.39718],[-5.076,36.39728],[-5.07575,36.3974],[-5.0754,36.39756],[-5.0752,36.39763],[-5.0748,36.39775],[-5.0746,36.3978],[-5.0742,36.39791],[-5.07387,36.398],[-5.0736,36.39807],[-5.0732,36.39818],[-5.073,36.39823],[-5.0726,36.3983],[-5.0722,36.39838],[-5.072,36.39841],[-5.0716,36.39848],[-5.0712,36.39855],[-5.07092,36.3986],[-5.0706,36.39866],[-5.0702,36.39874],[-5.06988,36.3988],[-5.0696,36.39886],[-5.0692,36.39896],[-5.069,36.39901],[-5.0686,36.3991],[-5.0682,36.39919],[-5.068,36.39924],[-5.0676,36.39933],[-5.06732,36.3994],[-5.067,36.39949],[-5.0666,36.3996],[-5.0664,36.39965],[-5.066,36.39977],[-5.0658,36.39983],[-5.0654,36.39992],[-5.06505,36.4],[-5.0648,36.40005],[-5.0644,36.40014],[-5.06409,36.4002],[-5.0638,36.40026],[-5.0634,36.40034],[-5.06308,36.4004],[-5.0628,36.40046],[-5.0624,36.40055],[-5.06214,36.4006],[-5.0618,36.40065],[-5.0614,36.40069],[-5.061,36.40073],[-5.0606,36.40078],[-5.06038,36.4008],[-5.06,36.40085],[-5.0596,36.40089],[-5.0592,36.40094],[-5.0588,36.40099],[-5.0586,36.40102],[-5.0582,36.40106],[-5.0578,36.4011],[-5.0574,36.40113],[-5.057,36.40116],[-5.0566,36.40118],[-5.05631,36.4012],[-5.056,36.40126],[-5.0556,36.40133],[-5.05527,36.4014],[-5.055,36.40146],[-5.0546,36.40154],[-5.05432,36.4016],[-5.054,36.40167],[-5.0536,36.40175],[-5.05337,36.4018],[-5.053,36.40188],[-5.0526,36.40195],[-5.05234,36.402],[-5.052,36.40206],[-5.0516,36.40212],[-5.0512,36.40218],[-5.051,36.40222],[-5.0506,36.40225],[-5.0502,36.40227],[-5.0498,36.40228],[-5.0494,36.4023],[-5.049,36.40232],[-5.0486,36.40233],[-5.0482,36.40235],[-5.0478,36.40237],[-5.0474,36.4024],[-5.0472,36.40242],[-5.0468,36.40245],[-5.0464,36.40248],[-5.046,36.40251],[-5.0456,36.40254],[-5.0452,36.40256],[-5.0448,36.40253],[-5.0444,36.4025],[-5.044,36.40248],[-5.0436,36.40245],[-5.0432,36.40242],[-5.04289,36.4024],[-5.0426,36.40238],[-5.0422,36.40235],[-5.0418,36.40233],[-5.0414,36.4023],[-5.041,36.40227],[-5.0406,36.40225],[-5.0402,36.40222],[-5.03995,36.4022],[-5.0396,36.40217],[-5.0392,36.40213],[-5.0388,36.4021],[-5.0384,36.40206],[-5.038,36.40202],[-5.03779,36.402],[-5.0374,36.40196],[-5.037,36.40192],[-5.0366,36.40188],[-5.0362,36.40184],[-5.03583,36.4018],[-5.0356,36.40178],[-5.0352,36.40173],[-5.0348,36.40169],[-5.0344,36.40165],[-5.034,36.40162],[-5.03373,36.4016],[-5.0334,36.40158],[-5.033,36.40155],[-5.0326,36.40153],[-5.0322,36.4015],[-5.0318,36.40148],[-5.0314,36.40145],[-5.031,36.40143],[-5.0306,36.4014],[-5.0304,36.40139],[-5.03,36.40137],[-5.0296,36.40134],[-5.0292,36.4013],[-5.0288,36.40126],[-5.02852,36.4012],[-5.0282,36.40108],[-5.028,36.401],[-5.0276,36.40083],[-5.0274,36.40074],[-5.02706,36.4006],[-5.0268,36.40049],[-5.02658,36.4004],[-5.0262,36.40026],[-5.026,36.4002],[-5.0256,36.40006],[-5.0254,36.39999],[-5.025,36.39984],[-5.0248,36.39976],[-5.02441,36.3996],[-5.0242,36.39952],[-5.02389,36.3994],[-5.0236,36.39929],[-5.02339,36.3992],[-5.023,36.39904],[-5.0228,36.39893],[-5.02256,36.3988],[-5.0222,36.39861],[-5.022,36.39851],[-5.02178,36.3984],[-5.0214,36.3982],[-5.0212,36.39811],[-5.02096,36.398],[-5.0206,36.39785],[-5.0204,36.39776],[-5.02,36.3976],[-5.0198,36.39752],[-5.01952,36.3974],[-5.0192,36.39726],[-5.019,36.39717],[-5.0186,36.397],[-5.0184,36.39691],[-5.01814,36.3968],[-5.0178,36.39665],[-5.0176,36.39657],[-5.01726,36.3964],[-5.017,36.39626],[-5.0168,36.39616],[-5.01648,36.396],[-5.0162,36.39587],[-5.016,36.39577],[-5.01565,36.3956],[-5.0154,36.39547],[-5.0152,36.39538],[-5.01482,36.3952],[-5.0146,36.39511],[-5.01436,36.395],[-5.014,36.39485],[-5.0138,36.39476],[-5.01344,36.3946],[-5.0132,36.39449],[-5.013,36.3944],[-5.0126,36.39421],[-5.0124,36.39412],[-5.01213,36.394],[-5.0118,36.39386],[-5.01157,36.3938],[-5.0112,36.39371],[-5.01081,36.3936],[-5.0106,36.39348],[-5.0104,36.39337],[-5.01,36.39321],[-5.0098,36.39316],[-5.0094,36.39305],[-5.0092,36.393],[-5.0088,36.39289],[-5.00849,36.3928],[-5.0082,36.39272],[-5.0078,36.39261],[-5.0076,36.39255],[-5.0072,36.39244],[-5.007,36.39239],[-5.0066,36.39228],[-5.00625,36.3922],[-5.006,36.39215],[-5.0056,36.39208],[-5.00521,36.392],[-5.005,36.39195],[-5.0046,36.39186],[-5.00436,36.3918],[-5.004,36.39172],[-5.0036,36.39162],[-5.0034,36.39158],[-5.003,36.39149],[-5.0026,36.3914],[-5.0024,36.39136],[-5.002,36.39127],[-5.00168,36.3912],[-5.0014,36.39114],[-5.001,36.39104],[-5.0008,36.391],[-5.0004,36.39094],[-5.0,36.39091],[-4.9996,36.39088],[-4.9992,36.39085],[-4.9988,36.39083],[-4.9984,36.3908],[-4.9982,36.39079],[-4.9978,36.39077],[-4.9974,36.39075],[-4.997,36.39072],[-4.9966,36.3907],[-4.9962,36.39068],[-4.9958,36.39066],[-4.9954,36.39063],[-4.995,36.3906],[-4.9948,36.39059],[-4.9944,36.39055],[-4.994,36.39052],[-4.9936,36.39048],[-4.9932,36.39045],[-4.9928,36.39041],[-4.9926,36.39039],[-4.9922,36.39036],[-4.9918,36.39032],[-4.9914,36.39029],[-4.991,36.39025],[-4.9906,36.39022],[-4.9904,36.3902],[-4.99,36.39016],[-4.9896,36.39013],[-4.9892,36.39014],[-4.9888,36.39015],[-4.9884,36.39016],[-4.988,36.39017],[-4.9876,36.39018],[-4.9872,36.39019],[-4.98695,36.3902],[-4.9866,36.39021],[-4.9862,36.39023],[-4.9858,36.39025],[-4.9854,36.39027],[-4.985,36.39029],[-4.9846,36.39032],[-4.9842,36.39034],[-4.9838,36.39037],[-4.9836,36.3904],[-4.9832,36.39045],[-4.9828,36.3905],[-4.9824,36.39056],[-4.98206,36.3906],[-4.9818,36.39064],[-4.9814,36.39071],[-4.981,36.39078],[-4.9808,36.39082],[-4.9804,36.39091],[-4.98001,36.391],[-4.9798,36.39105],[-4.9794,36.39114],[-4.97913,36.3912],[-4.9788,36.39127],[-4.9784,36.39139],[-4.9782,36.39154],[-4.978,36.3917],[-4.9778,36.39187],[-4.9776,36.392],[-4.97724,36.3922],[-4.977,36.3924],[-4.9768,36.3926],[-4.97661,36.3928],[-4.97642,36.393],[-4.97621,36.3932],[-4.97601,36.3934],[-4.97583,36.3936],[-4.97563,36.3938],[-4.97541,36.394],[-4.9752,36.39419],[-4.975,36.39438],[-4.9748,36.39458],[-4.9746,36.39477],[-4.9744,36.39493],[-4.9742,36.39509],[-4.974,36.39527],[-4.9738,36.39547],[-4.9736,36.39568],[-4.9734,36.39587],[-4.9732,36.39607],[-4.973,36.39634],[-4.9728,36.39659],[-4.9726,36.39672],[-4.9724,36.3968],[-4.97218,36.397],[-4.97199,36.3972],[-4.97179,36.3974],[-4.97158,36.3976],[-4.97137,36.3978],[-4.9714,36.39806],[-4.97173,36.3982],[-4.972,36.39826],[-4.97228,36.3984],[-4.9722,36.39876],[-4.97214,36.399],[-4.97204,36.3994],[-4.97198,36.3996],[-4.97189,36.4],[-4.97195,36.4004],[-4.972,36.40074],[-4.97204,36.401],[-4.9721,36.4014],[-4.97215,36.4018],[-4.972,36.40217],[-4.97188,36.4024],[-4.97178,36.4026],[-4.9716,36.40293],[-4.97145,36.4032],[-4.97134,36.4034],[-4.9712,36.40368],[-4.97102,36.404],[-4.97092,36.4042],[-4.9708,36.40443],[-4.97063,36.4048],[-4.97055,36.405],[-4.9704,36.40539],[-4.97031,36.4056],[-4.97018,36.4058],[-4.97,36.40606],[-4.9698,36.40635],[-4.9696,36.40656],[-4.9694,36.40673],[-4.9692,36.4069],[-4.969,36.40708],[-4.9688,36.40725],[-4.9686,36.40741],[-4.96837,36.4076],[-4.96814,36.4078],[-4.96791,36.408],[-4.96768,36.4082],[-4.96747,36.4084],[-4.9672,36.40851],[-4.96693,36.4084],[-4.96665,36.4082],[-4.9664,36.40804],[-4.9662,36.4079],[-4.966,36.40777],[-4.96575,36.4076],[-4.96542,36.4074],[-4.9652,36.40726],[-4.965,36.40713],[-4.9648,36.40699],[-4.96451,36.4068],[-4.96424,36.4066],[-4.964,36.40641],[-4.9638,36.40624],[-4.9636,36.40607],[-4.9634,36.4059],[-4.9632,36.40574],[-4.963,36.40558],[-4.96278,36.4054],[-4.96256,36.4052],[-4.96235,36.405],[-4.96208,36.4048],[-4.9618,36.40461],[-4.9616,36.40453],[-4.9612,36.40447],[-4.9608,36.40441],[-4.9606,36.40438],[-4.9602,36.40432],[-4.9598,36.40426],[-4.9594,36.40421],[-4.9592,36.40418],[-4.9588,36.40412],[-4.9584,36.40406],[-4.95818,36.404],[-4.95798,36.4038],[-4.9578,36.40354],[-4.9576,36.40326],[-4.9574,36.40314],[-4.95706,36.403],[-4.9568,36.40291],[-4.95647,36.4028],[-4.9562,36.4027],[-4.9558,36.40263],[-4.95553,36.4026],[-4.9552,36.40256],[-4.9548,36.40252],[-4.9544,36.40247],[-4.954,36.40243],[-4.95376,36.4024],[-4.9534,36.40236],[-4.953,36.40232],[-4.9526,36.40227],[-4.9522,36.40223],[-4.95194,36.4022],[-4.9516,36.40217],[-4.9512,36.40214],[-4.9508,36.40211],[-4.9504,36.4021],[-4.95002,36.4022],[-4.9498,36.40232],[-4.94958,36.4024],[-4.94921,36.4026],[-4.949,36.40271],[-4.9488,36.40282],[-4.94844,36.403],[-4.9482,36.40312],[-4.948,36.40322],[-4.94761,36.4034],[-4.9474,36.40347],[-4.947,36.4036],[-4.9468,36.40366],[-4.9464,36.40378],[-4.9462,36.40384],[-4.9458,36.40395],[-4.9456,36.40401],[-4.9452,36.40414],[-4.945,36.4042],[-4.9447,36.4044],[-4.9445,36.4046],[-4.9443,36.4048],[-4.94409,36.405],[-4.9439,36.4052],[-4.94371,36.4054],[-4.9434,36.4056],[-4.9432,36.40566],[-4.9428,36.40578],[-4.9426,36.40584],[-4.9422,36.40596],[-4.942,36.40603],[-4.9416,36.40615],[-4.9414,36.40622],[-4.941,36.40635],[-4.9408,36.4064],[-4.9404,36.40657],[-4.9402,36.40666],[-4.93992,36.4068],[-4.9396,36.40698],[-4.9394,36.40709],[-4.93917,36.4072],[-4.9388,36.40738],[-4.9386,36.40751],[-4.9384,36.40765],[-4.9382,36.40781],[-4.93796,36.408],[-4.9377,36.4082],[-4.93742,36.4084],[-4.9372,36.40857],[-4.937,36.40872],[-4.9368,36.40888],[-4.9366,36.40904],[-4.9362,36.40916],[-4.9358,36.40912],[-4.9354,36.40909],[-4.935,36.40906],[-4.9346,36.40906],[-4.9342,36.40914],[-4.934,36.40921],[-4.93368,36.4094],[-4.93352,36.4096],[-4.93335,36.4098],[-4.933,36.40991],[-4.9326,36.40999],[-4.9324,36.41004],[-4.932,36.41013],[-4.93164,36.4102],[-4.9314,36.4103],[-4.93113,36.4104],[-4.9308,36.41054],[-4.9306,36.41063],[-4.9302,36.4108],[-4.93,36.41088],[-4.92971,36.411],[-4.9294,36.41113],[-4.9292,36.41121],[-4.9288,36.41138],[-4.9286,36.41147],[-4.92829,36.4116],[-4.928,36.41177],[-4.9278,36.41192],[-4.9276,36.41205],[-4.92726,36.4122],[-4.927,36.41229],[-4.9268,36.41247],[-4.9266,36.41262],[-4.9262,36.41276],[-4.926,36.41282],[-4.9256,36.41296],[-4.9254,36.41302],[-4.925,36.41316],[-4.9248,36.41324],[-4.9244,36.41338],[-4.9242,36.41345],[-4.9238,36.41355],[-4.9236,36.41362],[-4.9232,36.41374],[-4.923,36.4138],[-4.9226,36.41393],[-4.9224,36.414],[-4.922,36.41417],[-4.9218,36.41425],[-4.9214,36.41437],[-4.9212,36.41445],[-4.92081,36.4146],[-4.9206,36.41467],[-4.92031,36.4148],[-4.92,36.41492],[-4.91979,36.415],[-4.9194,36.41514],[-4.9192,36.41521],[-4.9188,36.41537],[-4.9186,36.41544],[-4.9182,36.41558],[-4.918,36.41566],[-4.91773,36.4158],[-4.9174,36.41592],[-4.91715,36.416],[-4.9168,36.41614],[-4.91658,36.4162],[-4.9162,36.41638],[-4.916,36.41646],[-4.91566,36.4166],[-4.9154,36.41671],[-4.91512,36.4168],[-4.9148,36.41694],[-4.9146,36.41703],[-4.9142,36.41718],[-4.914,36.41724],[-4.9136,36.41738],[-4.9134,36.41745],[-4.913,36.41758],[-4.9128,36.41763],[-4.9124,36.41777],[-4.9122,36.41784],[-4.9118,36.41795],[-4.9116,36.41801],[-4.9112,36.41812],[-4.9109,36.4182],[-4.9106,36.41827],[-4.9102,36.4184],[-4.91,36.41845],[-4.9096,36.41857],[-4.9094,36.4186],[-4.909,36.41875],[-4.9088,36.41883],[-4.9084,36.41895],[-4.9082,36.419],[-4.9078,36.41914],[-4.9076,36.41921],[-4.9072,36.41936],[-4.907,36.4194],[-4.9066,36.41957],[-4.9064,36.41965],[-4.906,36.4198],[-4.9058,36.4199],[-4.90556,36.42],[-4.9052,36.42015],[-4.905,36.42025],[-4.9046,36.42038],[-4.9044,36.42045],[-4.90401,36.4206],[-4.9038,36.42067],[-4.90342,36.4208],[-4.9032,36.42088],[-4.90282,36.421],[-4.9026,36.4211],[-4.90232,36.4212],[-4.902,36.42131],[-4.90172,36.4214],[-4.9014,36.42153],[-4.9012,36.42163],[-4.9008,36.42172],[-4.90046,36.4218],[-4.9002,36.42193],[-4.89995,36.422],[-4.8996,36.42215],[-4.8994,36.42226],[-4.899,36.4224],[-4.8988,36.42247],[-4.8984,36.42259],[-4.8982,36.42264],[-4.8978,36.42279],[-4.8976,36.42284],[-4.8972,36.42296],[-4.897,36.42302],[-4.8966,36.42316],[-4.8964,36.42321],[-4.896,36.42333],[-4.89579,36.4234],[-4.8954,36.4235],[-4.895,36.42359],[-4.8948,36.42365],[-4.8944,36.42378],[-4.8942,36.42385],[-4.8938,36.42397],[-4.8936,36.42403],[-4.8932,36.42416],[-4.893,36.42423],[-4.8926,36.42437],[-4.8924,36.42444],[-4.892,36.42459],[-4.8918,36.42467],[-4.89151,36.4248],[-4.8912,36.42492],[-4.891,36.425],[-4.8906,36.42514],[-4.8904,36.42522],[-4.89,36.42537],[-4.8898,36.42544],[-4.8894,36.42557],[-4.8892,36.42562],[-4.8888,36.42578],[-4.8886,36.42584],[-4.8882,36.42599],[-4.888,36.42605],[-4.8876,36.42617],[-4.8874,36.42622],[-4.887,36.42636],[-4.8868,36.42643],[-4.8864,36.42656],[-4.8862,36.42662],[-4.8858,36.42675],[-4.8856,36.42683],[-4.8852,36.42696],[-4.885,36.42704],[-4.8846,36.42716],[-4.8844,36.42724],[-4.884,36.42739],[-4.8838,36.42745],[-4.88343,36.4276],[-4.8832,36.42768],[-4.88281,36.4278],[-4.8826,36.42786],[-4.8822,36.42796],[-4.882,36.428],[-4.8816,36.42807],[-4.8812,36.42813],[-4.88084,36.4282],[-4.8806,36.42825],[-4.8802,36.42834],[-4.87999,36.4284],[-4.8796,36.4285],[-4.8793,36.4286],[-4.879,36.42868],[-4.8786,36.42877],[-4.8784,36.42883],[-4.878,36.42892],[-4.8776,36.429],[-4.8774,36.42905],[-4.877,36.42913],[-4.8767,36.4292],[-4.8764,36.42926],[-4.876,36.42933],[-4.87565,36.4294],[-4.8754,36.42947],[-4.875,36.42957],[-4.8748,36.42962],[-4.8744,36.42972],[-4.87408,36.4298],[-4.8738,36.42988],[-4.8734,36.42996],[-4.8732,36.43002],[-4.8728,36.43009],[-4.8724,36.43016],[-4.87219,36.4302],[-4.8718,36.43027],[-4.8714,36.43034],[-4.87104,36.4304],[-4.8708,36.43042],[-4.8704,36.43047],[-4.87,36.43049],[-4.8696,36.43048],[-4.8692,36.43049],[-4.8688,36.43053],[-4.86846,36.4306],[-4.8682,36.43066],[-4.8678,36.43075],[-4.86749,36.4308],[-4.8672,36.43088],[-4.8668,36.43099],[-4.8666,36.43104],[-4.8662,36.43112],[-4.86584,36.4312],[-4.8656,36.43127],[-4.8652,36.43137],[-4.86498,36.4314],[-4.8646,36.43151],[-4.8642,36.43157],[-4.86386,36.4316],[-4.8636,36.43166],[-4.8632,36.43175],[-4.863,36.43182],[-4.8626,36.43189],[-4.8622,36.43195],[-4.8618,36.43198],[-4.86159,36.432],[-4.8612,36.43208],[-4.8608,36.43215],[-4.86056,36.4322],[-4.8602,36.43229],[-4.8598,36.43232],[-4.8594,36.43237],[-4.85906,36.4324],[-4.8588,36.43244],[-4.8584,36.43252],[-4.85804,36.4326],[-4.8578,36.43266],[-4.8574,36.43272],[-4.857,36.43276],[-4.8566,36.43278],[-4.8564,36.43281],[-4.856,36.43288],[-4.8556,36.43295],[-4.8552,36.43298],[-4.855,36.43301],[-4.8546,36.43311],[-4.8542,36.43317],[-4.85392,36.4332],[-4.8536,36.43329],[-4.8532,36.43336],[-4.85281,36.4334],[-4.8526,36.43346],[-4.8522,36.43355],[-4.8518,36.43357],[-4.8516,36.43361],[-4.8512,36.43374],[-4.8508,36.43378],[-4.8506,36.43381],[-4.8502,36.43386],[-4.8498,36.4339],[-4.8494,36.43392],[-4.849,36.43392],[-4.8486,36.43393],[-4.8482,36.43397],[-4.8478,36.434],[-4.8476,36.43403],[-4.8472,36.4341],[-4.8468,36.43417],[-4.84653,36.4342],[-4.8462,36.43427],[-4.8458,36.43436],[-4.8456,36.43441],[-4.8452,36.43454],[-4.84497,36.4346],[-4.8446,36.43474],[-4.84438,36.4348],[-4.844,36.43494],[-4.84366,36.435],[-4.8434,36.43509],[-4.843,36.43519],[-4.8428,36.43523],[-4.8424,36.43532],[-4.842,36.43534],[-4.8416,36.43536],[-4.8412,36.43536],[-4.8408,36.43537],[-4.8404,36.43537],[-4.8401,36.4354],[-4.8398,36.43548],[-4.8394,36.43552],[-4.839,36.43552],[-4.8386,36.43554],[-4.8382,36.43557],[-4.83795,36.4356],[-4.8376,36.43567],[-4.8372,36.43575],[-4.83698,36.4358],[-4.8366,36.4359],[-4.8362,36.43597],[-4.836,36.436],[-4.8356,36.43607],[-4.8352,36.43611],[-4.8348,36.4362],[-4.8346,36.43627],[-4.8342,36.43633],[-4.8338,36.43638],[-4.8336,36.43643],[-4.8332,36.43653],[-4.83289,36.4366],[-4.8326,36.43667],[-4.8322,36.43674],[-4.83181,36.4368],[-4.8316,36.43683],[-4.8312,36.4369],[-4.8308,36.43698],[-4.83057,36.437],[-4.8302,36.43708],[-4.8298,36.43716],[-4.8294,36.4372],[-4.8292,36.43721],[-4.8288,36.43722],[-4.8284,36.43723],[-4.828,36.43724],[-4.8276,36.43725],[-4.8272,36.43725],[-4.8268,36.43726],[-4.8264,36.43728],[-4.826,36.4373],[-4.8256,36.43732],[-4.8252,36.43734],[-4.8248,36.43736],[-4.8244,36.43736],[-4.824,36.43735],[-4.8236,36.43737],[-4.8234,36.43741],[-4.823,36.4375],[-4.8226,36.43757],[-4.8222,36.43758],[-4.8218,36.43758],[-4.82158,36.4376],[-4.8212,36.43768],[-4.8208,36.43769],[-4.8204,36.43769],[-4.82,36.43769],[-4.8196,36.43769],[-4.8192,36.43769],[-4.8188,36.43769],[-4.8184,36.4377],[-4.818,36.4377],[-4.8176,36.4377],[-4.8172,36.4377],[-4.8168,36.43769],[-4.8164,36.43768],[-4.816,36.43767],[-4.8156,36.43765],[-4.8152,36.43762],[-4.815,36.43755],[-4.8146,36.4375],[-4.8142,36.43747],[-4.8138,36.43741],[-4.8136,36.43737],[-4.8132,36.43729],[-4.8128,36.43723],[-4.8126,36.43719],[-4.8122,36.43715],[-4.8118,36.4371],[-4.8114,36.43704],[-4.811,36.437],[-4.8108,36.43699],[-4.8104,36.43694],[-4.81,36.43689],[-4.8096,36.43684],[-4.8092,36.4368],[-4.809,36.43679],[-4.8086,36.43676],[-4.8082,36.43675],[-4.8078,36.43674],[-4.8074,36.43673],[-4.807,36.43671],[-4.8066,36.4367],[-4.8062,36.43669],[-4.8058,36.43667],[-4.8054,36.43665],[-4.805,36.43662],[-4.8046,36.43661],[-4.8042,36.43661],[-4.8038,36.43663],[-4.8034,36.43662],[-4.80309,36.4366],[-4.8028,36.43657],[-4.8024,36.43653],[-4.802,36.43649],[-4.8016,36.43647],[-4.8012,36.43643],[-4.80085,36.4364],[-4.8006,36.43638],[-4.8002,36.43635],[-4.7998,36.43632],[-4.7994,36.43628],[-4.799,36.43625],[-4.7986,36.43622],[-4.79831,36.4362],[-4.798,36.43617],[-4.7976,36.43611],[-4.7972,36.43603],[-4.797,36.43599],[-4.7966,36.43597],[-4.7962,36.43594],[-4.7958,36.43592],[-4.7954,36.43589],[-4.795,36.43587],[-4.7946,36.43585],[-4.7942,36.43582],[-4.794,36.4358],[-4.7936,36.43576],[-4.7932,36.43571],[-4.7928,36.43567],[-4.7924,36.43564],[-4.792,36.4356],[-4.7918,36.43559],[-4.7914,36.43556],[-4.791,36.43553],[-4.7906,36.4355],[-4.7902,36.43548],[-4.7898,36.43545],[-4.7894,36.43542],[-4.78908,36.4354],[-4.7888,36.43538],[-4.7884,36.43535],[-4.788,36.43533],[-4.7876,36.4353],[-4.7872,36.43527],[-4.7868,36.43525],[-4.7864,36.43522],[-4.78612,36.4352],[-4.7858,36.43516],[-4.7854,36.43505],[-4.7852,36.43497],[-4.7848,36.43481],[-4.7846,36.43473],[-4.78428,36.4346],[-4.784,36.43449],[-4.78375,36.4344],[-4.7834,36.43432],[-4.783,36.43426],[-4.7826,36.43421],[-4.7824,36.43419],[-4.782,36.43416],[-4.7816,36.43412],[-4.7812,36.43409],[-4.7808,36.43405],[-4.7804,36.43402],[-4.78017,36.434],[-4.7798,36.43397],[-4.7794,36.43393],[-4.779,36.43388],[-4.7786,36.43384],[-4.77826,36.4338],[-4.778,36.43377],[-4.7776,36.43372],[-4.7772,36.43364],[-4.777,36.4336],[-4.7766,36.43352],[-4.7762,36.43344],[-4.776,36.4334],[-4.7756,36.43332],[-4.7752,36.43324],[-4.77497,36.4332],[-4.7746,36.43312],[-4.7742,36.43302],[-4.774,36.43292],[-4.7738,36.4328],[-4.77348,36.4326],[-4.7732,36.43243],[-4.773,36.43232],[-4.7728,36.4322],[-4.77248,36.432],[-4.7722,36.43187],[-4.772,36.4318],[-4.7716,36.43174],[-4.7712,36.43168],[-4.7708,36.43162],[-4.7706,36.43159],[-4.7702,36.43155],[-4.7698,36.4315],[-4.7694,36.43145],[-4.769,36.43141],[-4.7688,36.43138],[-4.7684,36.43133],[-4.768,36.43128],[-4.7676,36.43123],[-4.76732,36.4312],[-4.767,36.43116],[-4.7666,36.43111],[-4.7662,36.43104],[-4.76598,36.431],[-4.7656,36.43093],[-4.7652,36.43085],[-4.76492,36.4308],[-4.7646,36.43074],[-4.7642,36.43067],[-4.7638,36.4306],[-4.7636,36.43057],[-4.7632,36.4305],[-4.7628,36.43043],[-4.7626,36.4304],[-4.7622,36.43032],[-4.7618,36.43025],[-4.76151,36.4302],[-4.7612,36.43014],[-4.7608,36.43008],[-4.7604,36.43004],[-4.76,36.43001],[-4.7598,36.42999],[-4.7594,36.42996],[-4.759,36.42992],[-4.7586,36.42989],[-4.7582,36.42985],[-4.7578,36.42982],[-4.75759,36.4298],[-4.7572,36.42975],[-4.7568,36.42961],[-4.7566,36.42948],[-4.7564,36.42936],[-4.75615,36.4292],[-4.75583,36.429],[-4.7556,36.42887],[-4.7554,36.42875],[-4.755,36.42864],[-4.75467,36.4286],[-4.7544,36.42856],[-4.754,36.42845],[-4.7538,36.4284],[-4.7534,36.42833],[-4.75303,36.4282],[-4.7528,36.42818],[-4.7524,36.42813],[-4.752,36.42805],[-4.7518,36.428],[-4.7514,36.42796],[-4.751,36.4279],[-4.7506,36.4278],[-4.7504,36.42777],[-4.75,36.42773],[-4.7496,36.42768],[-4.74922,36.4276],[-4.749,36.42757],[-4.7486,36.42753],[-4.7482,36.42747],[-4.74791,36.4274],[-4.7476,36.42737],[-4.7472,36.42734],[-4.7468,36.4273],[-4.7464,36.42726],[-4.746,36.42723],[-4.7456,36.42721],[-4.7454,36.4272],[-4.745,36.42718],[-4.7446,36.42715],[-4.7442,36.42712],[-4.7438,36.42706],[-4.7434,36.427],[-4.7432,36.42697],[-4.7428,36.42691],[-4.7424,36.42685],[-4.74204,36.4268],[-4.7418,36.42677],[-4.7414,36.42672],[-4.741,36.42667],[-4.7406,36.42662],[-4.7404,36.4266],[-4.74,36.42655],[-4.7396,36.4265],[-4.7392,36.42645],[-4.7388,36.4264],[-4.7386,36.42637],[-4.7382,36.42632],[-4.7378,36.42627],[-4.7374,36.42621],[-4.7372,36.42619],[-4.7368,36.42613],[-4.7364,36.42608],[-4.736,36.42603],[-4.73579,36.426],[-4.7354,36.42594],[-4.735,36.42589],[-4.7346,36.42583],[-4.73438,36.4258],[-4.734,36.42576],[-4.7336,36.42572],[-4.7332,36.4257],[-4.7328,36.42566],[-4.73253,36.4256],[-4.7322,36.42558],[-4.7318,36.42555],[-4.7314,36.4255],[-4.731,36.42545],[-4.73072,36.4254],[-4.7304,36.42537],[-4.73,36.42534],[-4.7296,36.4253],[-4.7292,36.42526],[-4.7288,36.42522],[-4.7286,36.42519],[-4.7282,36.42514],[-4.7278,36.42509],[-4.7274,36.42502],[-4.7272,36.42499],[-4.7268,36.42494],[-4.7264,36.4249],[-4.726,36.42485],[-4.7256,36.42481],[-4.7252,36.42481],[-4.7248,36.42484],[-4.7244,36.42488],[-4.724,36.42492],[-4.7236,36.42496],[-4.7232,36.425],[-4.723,36.42502],[-4.7226,36.42505],[-4.7222,36.42509],[-4.7218,36.42512],[-4.7214,36.42508],[-4.721,36.42505],[-4.7206,36.42502],[-4.7204,36.425],[-4.72,36.42496],[-4.72,36.42496]]}},{"type":"Feature","properties":{"prof":150,"principal":false},"geometry":{"type":"LineString","coordinates":[[-5.08,36.38618],[-5.0798,36.38628],[-5.07955,36.3864],[-5.0792,36.38657],[-5.079,36.38667],[-5.07871,36.3868],[-5.0784,36.3869],[-5.07805,36.387],[-5.0778,36.38708],[-5.0774,36.3872],[-5.0772,36.38726],[-5.0768,36.38739],[-5.0766,36.38746],[-5.07621,36.3876],[-5.076,36.38767],[-5.07562,36.3878],[-5.0754,36.38787],[-5.07502,36.388],[-5.0748,36.38808],[-5.07445,36.3882],[-5.0742,36.38829],[-5.07386,36.3884],[-5.0736,36.38849],[-5.07326,36.3886],[-5.073,36.38867],[-5.0726,36.38876],[-5.0724,36.3888],[-5.072,36.3889],[-5.0716,36.38899],[-5.0714,36.38904],[-5.071,36.38914],[-5.07074,36.3892],[-5.0704,36.38928],[-5.07,36.38938],[-5.0698,36.38943],[-5.0694,36.38952],[-5.06904,36.3896],[-5.0688,36.38966],[-5.0684,36.38975],[-5.06817,36.3898],[-5.0678,36.38989],[-5.0674,36.38991],[-5.067,36.38981],[-5.0668,36.38976],[-5.0664,36.38967],[-5.06609,36.3896],[-5.0658,36.38953],[-5.0654,36.38945],[-5.0652,36.3894],[-5.06491,36.3894],[-5.06471,36.3896],[-5.06458,36.3898],[-5.0644,36.39007],[-5.0642,36.39038],[-5.06404,36.3906],[-5.06384,36.3908],[-5.0636,36.39088],[-5.0632,36.391],[-5.063,36.39104],[-5.0626,36.39114],[-5.06235,36.3912],[-5.062,36.39128],[-5.0616,36.39134],[-5.0612,36.39139],[-5.061,36.39142],[-5.0606,36.39147],[-5.0602,36.39153],[-5.0598,36.39158],[-5.0596,36.39161],[-5.0592,36.39167],[-5.0588,36.39173],[-5.0584,36.39178],[-5.0582,36.39181],[-5.0578,36.39187],[-5.0574,36.39192],[-5.057,36.39198],[-5.0568,36.392],[-5.0564,36.39206],[-5.056,36.39212],[-5.0556,36.39219],[-5.0554,36.39222],[-5.055,36.39228],[-5.0546,36.39234],[-5.05421,36.3924],[-5.054,36.39244],[-5.0536,36.3925],[-5.0532,36.39257],[-5.053,36.39261],[-5.0526,36.39268],[-5.0522,36.39275],[-5.0519,36.3928],[-5.0516,36.39285],[-5.0512,36.39292],[-5.0508,36.39298],[-5.0504,36.393],[-5.0502,36.39301],[-5.0498,36.39302],[-5.0494,36.39304],[-5.049,36.39306],[-5.0486,36.39307],[-5.0482,36.39309],[-5.0478,36.39311],[-5.0474,36.39313],[-5.047,36.39314],[-5.0466,36.39316],[-5.0462,36.39318],[-5.0458,36.39319],[-5.0456,36.3932],[-5.0452,36.39322],[-5.0448,36.39323],[-5.0444,36.39324],[-5.044,36.39326],[-5.0436,36.39327],[-5.0432,36.39329],[-5.0428,36.3933],[-5.0424,36.39332],[-5.042,36.39333],[-5.0416,36.39335],[-5.0412,36.39336],[-5.0408,36.39337],[-5.0404,36.39339],[-5.04009,36.3934],[-5.0398,36.39341],[-5.0396,36.39339],[-5.0392,36.39336],[-5.0388,36.39333],[-5.0384,36.3933],[-5.038,36.39327],[-5.0376,36.39324],[-5.0372,36.39321],[-5.037,36.39319],[-5.0366,36.39316],[-5.0362,36.39314],[-5.0358,36.39311],[-5.0354,36.39308],[-5.035,36.39305],[-5.0346,36.39302],[-5.03433,36.393],[-5.034,36.39297],[-5.0336,36.39292],[-5.0332,36.39287],[-5.0328,36.39282],[-5.0326,36.3928],[-5.0322,36.39275],[-5.0318,36.3927],[-5.0314,36.39265],[-5.031,36.39261],[-5.0308,36.39258],[-5.0304,36.39253],[-5.03,36.39248],[-5.0296,36.39243],[-5.02934,36.3924],[-5.029,36.39236],[-5.0286,36.39228],[-5.0284,36.39219],[-5.028,36.39201],[-5.0278,36.39192],[-5.02755,36.3918],[-5.0272,36.39163],[-5.027,36.39155],[-5.0266,36.3914],[-5.0264,36.39133],[-5.02603,36.3912],[-5.0258,36.39111],[-5.0255,36.391],[-5.0252,36.39087],[-5.025,36.39078],[-5.0246,36.39061],[-5.0244,36.39053],[-5.024,36.39041],[-5.0238,36.39035],[-5.0234,36.39022],[-5.0232,36.39016],[-5.0228,36.39004],[-5.0226,36.38997],[-5.0222,36.38984],[-5.022,36.38978],[-5.0216,36.38966],[-5.0214,36.38959],[-5.021,36.38948],[-5.02069,36.3894],[-5.0204,36.38932],[-5.02,36.38921],[-5.0198,36.38916],[-5.0194,36.38905],[-5.0192,36.389],[-5.0188,36.38889],[-5.01845,36.3888],[-5.0182,36.38874],[-5.0178,36.38864],[-5.0176,36.38859],[-5.0172,36.38845],[-5.017,36.38838],[-5.0166,36.38823],[-5.0164,36.38815],[-5.016,36.388],[-5.0158,36.38793],[-5.0154,36.38781],[-5.0152,36.38774],[-5.0148,36.38762],[-5.0146,36.38755],[-5.0142,36.38742],[-5.014,36.38735],[-5.0136,36.38722],[-5.0134,36.38715],[-5.013,36.38702],[-5.0128,36.38696],[-5.0124,36.38683],[-5.0122,36.38677],[-5.0118,36.38666],[-5.01149,36.3866],[-5.0112,36.38654],[-5.0108,36.38646],[-5.01049,36.3864],[-5.0102,36.38634],[-5.0098,36.38626],[-5.00947,36.3862],[-5.0092,36.38615],[-5.0088,36.38608],[-5.0084,36.386],[-5.0082,36.38597],[-5.0078,36.38589],[-5.0074,36.38582],[-5.0072,36.38578],[-5.0068,36.3857],[-5.0064,36.38562],[-5.0062,36.38559],[-5.0058,36.38552],[-5.0054,36.38546],[-5.00502,36.3854],[-5.0048,36.38536],[-5.0044,36.3853],[-5.004,36.38524],[-5.00374,36.3852],[-5.0034,36.38515],[-5.003,36.38509],[-5.0026,36.38503],[-5.0024,36.385],[-5.002,36.38493],[-5.0016,36.38487],[-5.0012,36.3848],[-5.001,36.38477],[-5.0006,36.38472],[-5.0002,36.38473],[-4.9998,36.38474],[-4.9994,36.38475],[-4.999,36.38475],[-4.9986,36.38476],[-4.9982,36.38477],[-4.9978,36.38478],[-4.9974,36.38479],[-4.997,36.38479],[-4.99672,36.3848],[-4.9964,36.38481],[-4.996,36.38482],[-4.9956,36.38482],[-4.9952,36.38483],[-4.9948,36.38482],[-4.9944,36.38481],[-4.994,36.3848],[-4.9938,36.3848],[-4.9934,36.38479],[-4.993,36.38478],[-4.9926,36.38477],[-4.9922,36.38476],[-4.9918,36.38475],[-4.9914,36.38474],[-4.991,36.38473],[-4.9906,36.38472],[-4.9902,36.38471],[-4.9898,36.3847],[-4.9894,36.38471],[-4.989,36.38475],[-4.9886,36.3848],[-4.9884,36.38482],[-4.988,36.38486],[-4.9876,36.38491],[-4.9872,36.38495],[-4.9868,36.38499],[-4.9866,36.38501],[-4.9862,36.38505],[-4.9858,36.3851],[-4.9854,36.38514],[-4.985,36.38518],[-4.98479,36.3852],[-4.9844,36.38524],[-4.984,36.38529],[-4.9836,36.38534],[-4.98323,36.3854],[-4.983,36.38543],[-4.9826,36.38549],[-4.9822,36.38555],[-4.98187,36.3856],[-4.9816,36.38564],[-4.9812,36.38569],[-4.9808,36.38575],[-4.98045,36.3858],[-4.9802,36.38583],[-4.9798,36.38589],[-4.9794,36.38594],[-4.979,36.38599],[-4.9788,36.38602],[-4.9784,36.38608],[-4.97807,36.3862],[-4.9778,36.38633],[-4.9776,36.38642],[-4.97724,36.3866],[-4.977,36.38671],[-4.9768,36.3868],[-4.9764,36.38697],[-4.9762,36.38706],[-4.9759,36.3872],[-4.9756,36.38734],[-4.9754,36.38743],[-4.97504,36.3876],[-4.9748,36.38772],[-4.9746,36.38781],[-4.97424,36.388],[-4.974,36.38813],[-4.9738,36.38824],[-4.97351,36.3884],[-4.9732,36.38857],[-4.973,36.38867],[-4.97274,36.3888],[-4.9724,36.38898],[-4.9722,36.3891],[-4.972,36.38925],[-4.9718,36.38946],[-4.9716,36.38962],[-4.97132,36.3898],[-4.97103,36.39],[-4.9708,36.39016],[-4.9706,36.39031],[-4.9704,36.39049],[-4.9702,36.3908],[-4.97007,36.391],[-4.96986,36.3912],[-4.9696,36.3914],[-4.9694,36.39156],[-4.96921,36.3918],[-4.9691,36.392],[-4.96899,36.3922],[-4.9688,36.39254],[-4.96866,36.3928],[-4.96855,36.393],[-4.9684,36.39328],[-4.96825,36.3936],[-4.96816,36.3938],[-4.968,36.39412],[-4.96787,36.3944],[-4.96778,36.3946],[-4.96768,36.395],[-4.96766,36.3954],[-4.96763,36.3958],[-4.9676,36.396],[-4.96732,36.3962],[-4.967,36.39633],[-4.9668,36.39641],[-4.9664,36.39658],[-4.9662,36.39666],[-4.96583,36.3968],[-4.9656,36.39689],[-4.96534,36.397],[-4.965,36.39719],[-4.96488,36.3974],[-4.96477,36.3976],[-4.9646,36.39794],[-4.9646,36.39803],[-4.9648,36.39822],[-4.96519,36.3984],[-4.9654,36.39848],[-4.9657,36.3986],[-4.966,36.39873],[-4.9662,36.39881],[-4.9666,36.39898],[-4.9668,36.39907],[-4.96711,36.3992],[-4.9674,36.39928],[-4.9678,36.39937],[-4.96792,36.3996],[-4.9678,36.39996],[-4.96772,36.4002],[-4.9676,36.40053],[-4.96751,36.4008],[-4.9674,36.40113],[-4.96726,36.4014],[-4.967,36.40148],[-4.96679,36.4014],[-4.9664,36.40134],[-4.966,36.40127],[-4.9656,36.40122],[-4.9654,36.40119],[-4.965,36.40115],[-4.9646,36.40111],[-4.9642,36.40107],[-4.9638,36.40103],[-4.96354,36.401],[-4.9632,36.40096],[-4.9628,36.40092],[-4.9624,36.40088],[-4.962,36.40083],[-4.96177,36.4008],[-4.9614,36.40068],[-4.96117,36.4006],[-4.9608,36.40047],[-4.9606,36.4004],[-4.9602,36.40023],[-4.96,36.40013],[-4.95976,36.4],[-4.9594,36.39981],[-4.9592,36.39972],[-4.95894,36.3996],[-4.9586,36.39946],[-4.9584,36.39937],[-4.95801,36.3992],[-4.9578,36.39909],[-4.9576,36.39898],[-4.95729,36.3988],[-4.957,36.39864],[-4.9568,36.39854],[-4.95653,36.3984],[-4.9562,36.39824],[-4.956,36.39817],[-4.9556,36.39801],[-4.9554,36.39794],[-4.95502,36.3978],[-4.9548,36.39772],[-4.95445,36.3976],[-4.9542,36.39751],[-4.95388,36.3974],[-4.9536,36.3973],[-4.95334,36.3972],[-4.953,36.39705],[-4.9528,36.39695],[-4.95248,36.3968],[-4.9522,36.39667],[-4.952,36.39658],[-4.95164,36.3964],[-4.9514,36.39628],[-4.9512,36.39618],[-4.95083,36.396],[-4.9506,36.39592],[-4.95025,36.396],[-4.95,36.39609],[-4.94969,36.3962],[-4.9494,36.3963],[-4.94911,36.3964],[-4.9488,36.3965],[-4.94852,36.3966],[-4.9482,36.3967],[-4.94789,36.3968],[-4.9476,36.39689],[-4.94727,36.397],[-4.947,36.3971],[-4.94671,36.3972],[-4.9464,36.39732],[-4.94619,36.3974],[-4.9458,36.39754],[-4.9456,36.39761],[-4.9452,36.39775],[-4.945,36.39782],[-4.9446,36.39799],[-4.9444,36.39807],[-4.9441,36.3982],[-4.9438,36.39833],[-4.9436,36.39842],[-4.9432,36.39858],[-4.943,36.39866],[-4.94264,36.3988],[-4.9424,36.3989],[-4.94214,36.399],[-4.9418,36.39914],[-4.9416,36.39923],[-4.94122,36.3994],[-4.941,36.3995],[-4.94076,36.3996],[-4.9404,36.39977],[-4.9402,36.39987],[-4.93992,36.4],[-4.9396,36.40015],[-4.9394,36.40024],[-4.939,36.40037],[-4.9388,36.40044],[-4.9384,36.40058],[-4.9382,36.40064],[-4.9378,36.40078],[-4.9376,36.40085],[-4.9372,36.40098],[-4.937,36.40105],[-4.9366,36.40117],[-4.9364,36.40123],[-4.936,36.40136],[-4.9358,36.40143],[-4.9354,36.40159],[-4.9352,36.40167],[-4.93489,36.4018],[-4.9346,36.40192],[-4.9344,36.402],[-4.934,36.40215],[-4.9338,36.40223],[-4.9334,36.40238],[-4.9332,36.40245],[-4.93281,36.4026],[-4.9326,36.40268],[-4.93228,36.4028],[-4.932,36.4029],[-4.93172,36.403],[-4.9314,36.40311],[-4.93115,36.4032],[-4.9308,36.40333],[-4.9306,36.4034],[-4.9302,36.40355],[-4.93,36.40362],[-4.9296,36.40376],[-4.9294,36.40383],[-4.929,36.40398],[-4.9288,36.40406],[-4.92845,36.4042],[-4.9282,36.4043],[-4.92795,36.4044],[-4.9276,36.40453],[-4.9274,36.40461],[-4.927,36.40475],[-4.9268,36.40482],[-4.9264,36.40497],[-4.9262,36.40504],[-4.9258,36.4052],[-4.9256,36.40528],[-4.92529,36.4054],[-4.925,36.40551],[-4.92477,36.4056],[-4.9244,36.40572],[-4.92418,36.4058],[-4.9238,36.40592],[-4.92358,36.406],[-4.9232,36.40617],[-4.923,36.40627],[-4.92273,36.4064],[-4.9224,36.40651],[-4.92206,36.4066],[-4.9218,36.40667],[-4.9214,36.40678],[-4.9212,36.40684],[-4.9208,36.40695],[-4.9206,36.40701],[-4.9202,36.40713],[-4.91997,36.4072],[-4.9196,36.4073],[-4.91926,36.4074],[-4.919,36.40747],[-4.9186,36.40758],[-4.9184,36.40763],[-4.918,36.40774],[-4.9178,36.4078],[-4.9174,36.40792],[-4.91713,36.408],[-4.9168,36.40811],[-4.91653,36.4082],[-4.9162,36.40831],[-4.91591,36.4084],[-4.9156,36.4085],[-4.9153,36.4086],[-4.915,36.4087],[-4.91472,36.4088],[-4.9144,36.40891],[-4.91414,36.409],[-4.9138,36.40911],[-4.9135,36.4092],[-4.9132,36.40929],[-4.91285,36.4094],[-4.9126,36.40948],[-4.91224,36.4096],[-4.912,36.40968],[-4.91163,36.4098],[-4.9114,36.40987],[-4.911,36.40998],[-4.9108,36.41004],[-4.9104,36.41017],[-4.9102,36.41024],[-4.9098,36.41037],[-4.9096,36.41044],[-4.9092,36.41058],[-4.909,36.41065],[-4.9086,36.4108],[-4.9084,36.41086],[-4.908,36.411],[-4.9078,36.41106],[-4.9074,36.41117],[-4.9072,36.41123],[-4.9068,36.41136],[-4.9066,36.41142],[-4.9062,36.41154],[-4.906,36.41161],[-4.9056,36.41174],[-4.9054,36.41181],[-4.905,36.41194],[-4.9048,36.412],[-4.9044,36.41215],[-4.9042,36.41222],[-4.9038,36.41237],[-4.9036,36.41245],[-4.90321,36.4126],[-4.903,36.41268],[-4.90266,36.4128],[-4.9024,36.41289],[-4.90211,36.413],[-4.9018,36.41312],[-4.90159,36.4132],[-4.9012,36.41335],[-4.901,36.41343],[-4.9006,36.41357],[-4.9004,36.41365],[-4.9,36.41376],[-4.8998,36.41382],[-4.8994,36.41394],[-4.8992,36.414],[-4.8988,36.41413],[-4.89857,36.4142],[-4.8982,36.41432],[-4.89794,36.4144],[-4.8976,36.4145],[-4.89726,36.4146],[-4.897,36.41468],[-4.8966,36.4148],[-4.8964,36.41486],[-4.896,36.41499],[-4.8958,36.41505],[-4.8954,36.41518],[-4.8952,36.41524],[-4.8948,36.41536],[-4.8946,36.41543],[-4.8942,36.41555],[-4.894,36.41561],[-4.8936,36.41574],[-4.8934,36.41581],[-4.893,36.41594],[-4.8928,36.41601],[-4.8924,36.41614],[-4.8922,36.4162],[-4.8918,36.41633],[-4.8916,36.4164],[-4.8912,36.41653],[-4.891,36.4166],[-4.8906,36.41675],[-4.8904,36.41682],[-4.89,36.41696],[-4.8898,36.41703],[-4.8894,36.41717],[-4.8892,36.41723],[-4.8888,36.41734],[-4.88854,36.4174],[-4.8882,36.41748],[-4.8878,36.41758],[-4.8876,36.41763],[-4.8872,36.41773],[-4.88691,36.4178],[-4.8866,36.41787],[-4.8862,36.41797],[-4.886,36.41802],[-4.8856,36.41811],[-4.8852,36.4182],[-4.885,36.41825],[-4.8846,36.41834],[-4.88434,36.4184],[-4.884,36.41848],[-4.8836,36.41858],[-4.8834,36.41864],[-4.883,36.41877],[-4.8828,36.41884],[-4.8824,36.41897],[-4.8822,36.41903],[-4.8818,36.41916],[-4.8816,36.41922],[-4.8812,36.41936],[-4.881,36.41943],[-4.8806,36.41956],[-4.8804,36.41963],[-4.88,36.41976],[-4.8798,36.41983],[-4.8794,36.41995],[-4.8792,36.42001],[-4.8788,36.42015],[-4.8786,36.42022],[-4.8782,36.42036],[-4.878,36.42043],[-4.8776,36.42054],[-4.87736,36.4206],[-4.877,36.42069],[-4.8766,36.42079],[-4.8764,36.42084],[-4.876,36.42093],[-4.87573,36.421],[-4.8754,36.42108],[-4.875,36.42119],[-4.8748,36.42124],[-4.8744,36.42135],[-4.87419,36.4214],[-4.8738,36.4215],[-4.87341,36.4216],[-4.8732,36.42165],[-4.8728,36.42175],[-4.87259,36.4218],[-4.8722,36.4219],[-4.87181,36.422],[-4.8716,36.42206],[-4.8712,36.42217],[-4.871,36.42222],[-4.8706,36.42233],[-4.87033,36.4224],[-4.87,36.42248],[-4.8696,36.42258],[-4.8694,36.42264],[-4.869,36.42274],[-4.86875,36.4228],[-4.8684,36.42289],[-4.868,36.423],[-4.8678,36.42305],[-4.8674,36.42316],[-4.8672,36.42321],[-4.8668,36.42331],[-4.8665,36.4234],[-4.8662,36.42348],[-4.8658,36.42359],[-4.8656,36.42364],[-4.8652,36.42376],[-4.865,36.42382],[-4.8646,36.42393],[-4.86433,36.424],[-4.864,36.42409],[-4.8636,36.42419],[-4.8634,36.42424],[-4.863,36.42434],[-4.86279,36.4244],[-4.8624,36.4245],[-4.862,36.4246],[-4.8618,36.42465],[-4.8614,36.42475],[-4.86118,36.4248],[-4.8608,36.42489],[-4.8604,36.42499],[-4.8602,36.42504],[-4.8598,36.42513],[-4.85949,36.4252],[-4.8592,36.42527],[-4.8588,36.42536],[-4.8586,36.4254],[-4.8582,36.4255],[-4.8578,36.42559],[-4.8576,36.42564],[-4.8572,36.42574],[-4.85693,36.4258],[-4.8566,36.42588],[-4.8562,36.42597],[-4.856,36.42601],[-4.8556,36.4261],[-4.8552,36.4262],[-4.855,36.42625],[-4.8546,36.42634],[-4.85438,36.4264],[-4.854,36.4265],[-4.8536,36.4266],[-4.8534,36.42665],[-4.853,36.42676],[-4.8528,36.42681],[-4.8524,36.4269],[-4.852,36.427],[-4.8518,36.42705],[-4.8514,36.42714],[-4.85115,36.4272],[-4.8508,36.42729],[-4.8504,36.42739],[-4.8502,36.42744],[-4.8498,36.42752],[-4.8494,36.42758],[-4.8492,36.42761],[-4.8488,36.42767],[-4.8484,36.42773],[-4.848,36.42779],[-4.8478,36.42782],[-4.8474,36.42788],[-4.847,36.42793],[-4.8466,36.42798],[-4.8464,36.42801],[-4.846,36.42807],[-4.8456,36.42812],[-4.8452,36.42818],[-4.845,36.4282],[-4.8446,36.42826],[-4.8442,36.42832],[-4.8438,36.42838],[-4.8436,36.42841],[-4.8432,36.42848],[-4.8428,36.42854],[-4.8424,36.4286],[-4.8422,36.42863],[-4.8418,36.42869],[-4.8414,36.42875],[-4.84111,36.4288],[-4.8408,36.42886],[-4.8404,36.42895],[-4.84017,36.429],[-4.8398,36.42909],[-4.8394,36.42919],[-4.8392,36.42924],[-4.8388,36.42933],[-4.8384,36.42937],[-4.83804,36.4294],[-4.8378,36.42942],[-4.8374,36.42946],[-4.837,36.42949],[-4.8366,36.42952],[-4.8362,36.42954],[-4.8358,36.42955],[-4.8354,36.42956],[-4.835,36.42957],[-4.8346,36.42958],[-4.8342,36.42959],[-4.83392,36.4296],[-4.8336,36.42961],[-4.8332,36.42962],[-4.8328,36.42966],[-4.8324,36.4297],[-4.832,36.42973],[-4.8316,36.42977],[-4.83129,36.4298],[-4.831,36.42983],[-4.8306,36.42987],[-4.8302,36.42991],[-4.8298,36.42995],[-4.8294,36.42999],[-4.8292,36.43001],[-4.8288,36.43005],[-4.8284,36.4301],[-4.828,36.43014],[-4.8276,36.43016],[-4.8272,36.43015],[-4.8268,36.43015],[-4.8264,36.43014],[-4.826,36.43013],[-4.8256,36.43012],[-4.8252,36.43011],[-4.8248,36.43011],[-4.8244,36.4301],[-4.824,36.43009],[-4.8236,36.43009],[-4.8232,36.43008],[-4.8228,36.43008],[-4.8224,36.43007],[-4.822,36.43008],[-4.8216,36.4301],[-4.8212,36.43013],[-4.8208,36.43015],[-4.8204,36.43017],[-4.82,36.4302],[-4.8198,36.43021],[-4.8194,36.43023],[-4.819,36.43026],[-4.8186,36.43028],[-4.8182,36.4303],[-4.8178,36.43033],[-4.8174,36.43035],[-4.817,36.43038],[-4.8166,36.4304],[-4.8162,36.43038],[-4.8158,36.43036],[-4.8154,36.43034],[-4.815,36.43032],[-4.8146,36.4303],[-4.8142,36.43028],[-4.8138,36.43025],[-4.8134,36.43023],[-4.813,36.43021],[-4.81275,36.4302],[-4.8124,36.43018],[-4.812,36.43016],[-4.8116,36.43014],[-4.8112,36.43012],[-4.8108,36.43012],[-4.8104,36.43014],[-4.81,36.43016],[-4.8096,36.43018],[-4.80929,36.4302],[-4.809,36.43021],[-4.8086,36.43024],[-4.8082,36.43026],[-4.8078,36.43028],[-4.8074,36.4303],[-4.807,36.43032],[-4.8066,36.43034],[-4.8062,36.43036],[-4.8058,36.43038],[-4.8054,36.43037],[-4.805,36.43033],[-4.8046,36.43028],[-4.8042,36.43024],[-4.80385,36.4302],[-4.8036,36.43017],[-4.8032,36.43012],[-4.8028,36.43008],[-4.8024,36.43003],[-4.80214,36.43],[-4.8018,36.42996],[-4.8014,36.42992],[-4.801,36.42988],[-4.8006,36.42984],[-4.80024,36.4298],[-4.8,36.42978],[-4.7996,36.42973],[-4.7992,36.42969],[-4.7988,36.42964],[-4.79841,36.4296],[-4.7982,36.42957],[-4.7978,36.42953],[-4.7974,36.42948],[-4.797,36.42943],[-4.79672,36.4294],[-4.7964,36.42937],[-4.796,36.42933],[-4.7956,36.42929],[-4.7952,36.42926],[-4.7948,36.42922],[-4.79457,36.4292],[-4.7942,36.42916],[-4.7938,36.4291],[-4.7934,36.42904],[-4.79315,36.429],[-4.7928,36.42895],[-4.7924,36.4289],[-4.792,36.42884],[-4.79168,36.4288],[-4.7914,36.42876],[-4.791,36.4287],[-4.7906,36.42865],[-4.79022,36.4286],[-4.79,36.42857],[-4.7896,36.42852],[-4.7892,36.42846],[-4.7888,36.42841],[-4.7886,36.42838],[-4.7882,36.42833],[-4.7878,36.42828],[-4.7874,36.42822],[-4.7872,36.4282],[-4.7868,36.42815],[-4.7864,36.4281],[-4.786,36.42805],[-4.78562,36.428],[-4.7854,36.42797],[-4.785,36.42793],[-4.7846,36.42788],[-4.7842,36.42783],[-4.78393,36.4278],[-4.7836,36.42776],[-4.7832,36.42771],[-4.7828,36.42767],[-4.7824,36.42763],[-4.78206,36.4276],[-4.7818,36.42757],[-4.7814,36.42754],[-4.781,36.4275],[-4.7806,36.42746],[-4.7802,36.42742],[-4.77997,36.4274],[-4.7796,36.42737],[-4.7792,36.42733],[-4.7788,36.4273],[-4.7784,36.42726],[-4.778,36.42723],[-4.77776,36.4272],[-4.7774,36.42715],[-4.777,36.42708],[-4.7766,36.42701],[-4.7764,36.42698],[-4.776,36.42691],[-4.7756,36.42684],[-4.77534,36.4268],[-4.775,36.42674],[-4.7746,36.42667],[-4.77422,36.4266],[-4.774,36.42656],[-4.7736,36.42649],[-4.7732,36.42642],[-4.773,36.42638],[-4.7726,36.42631],[-4.7722,36.42625],[-4.77189,36.4262],[-4.7716,36.42616],[-4.7712,36.4261],[-4.7708,36.42604],[-4.77051,36.426],[-4.7702,36.42595],[-4.7698,36.42589],[-4.7694,36.42582],[-4.7692,36.42579],[-4.7688,36.42573],[-4.7684,36.42567],[-4.768,36.4256],[-4.7678,36.42557],[-4.7674,36.42551],[-4.767,36.42545],[-4.7667,36.4254],[-4.7664,36.42535],[-4.766,36.42527],[-4.76564,36.4252],[-4.7654,36.42515],[-4.765,36.42507],[-4.76469,36.425],[-4.7644,36.42494],[-4.764,36.42485],[-4.76378,36.4248],[-4.7634,36.42472],[-4.763,36.42463],[-4.7628,36.42459],[-4.7624,36.4245],[-4.762,36.42442],[-4.7618,36.42438],[-4.7614,36.4243],[-4.761,36.42422],[-4.7608,36.42418],[-4.7604,36.42411],[-4.76,36.42403],[-4.7598,36.424],[-4.7594,36.42394],[-4.759,36.42388],[-4.7586,36.42383],[-4.75831,36.4238],[-4.758,36.42376],[-4.7576,36.42371],[-4.7572,36.42367],[-4.7568,36.42362],[-4.7566,36.42359],[-4.7562,36.42355],[-4.7558,36.4235],[-4.7554,36.42345],[-4.75505,36.4234],[-4.7548,36.42335],[-4.7544,36.42328],[-4.754,36.42321],[-4.7538,36.42317],[-4.7534,36.4231],[-4.753,36.42302],[-4.7528,36.42298],[-4.7524,36.42291],[-4.752,36.42283],[-4.7518,36.4228],[-4.7514,36.42273],[-4.751,36.42267],[-4.7506,36.42261],[-4.7504,36.42257],[-4.75,36.42251],[-4.7496,36.42246],[-4.7492,36.42243],[-4.7488,36.4224],[-4.7486,36.42238],[-4.7482,36.42235],[-4.7478,36.42231],[-4.7474,36.42228],[-4.747,36.42225],[-4.7466,36.42221],[-4.7464,36.42219],[-4.746,36.42216],[-4.7456,36.42212],[-4.7452,36.42209],[-4.7448,36.42205],[-4.7444,36.42202],[-4.7442,36.422],[-4.7438,36.42194],[-4.7434,36.42188],[-4.743,36.42182],[-4.7428,36.42179],[-4.7424,36.42173],[-4.742,36.42168],[-4.7416,36.42162],[-4.7414,36.42159],[-4.741,36.42153],[-4.7406,36.42148],[-4.7402,36.42142],[-4.74,36.42139],[-4.7396,36.42133],[-4.7392,36.42127],[-4.7388,36.42121],[-4.7386,36.42118],[-4.7382,36.42114],[-4.7378,36.4211],[-4.7374,36.42107],[-4.737,36.42103],[-4.73666,36.421],[-4.7364,36.42098],[-4.736,36.42094],[-4.7356,36.42091],[-4.7352,36.42088],[-4.7348,36.42085],[-4.7344,36.42081],[-4.7342,36.4208],[-4.7338,36.42076],[-4.7334,36.42073],[-4.733,36.42069],[-4.7326,36.42064],[-4.7323,36.4206],[-4.732,36.42056],[-4.7316,36.4205],[-4.7312,36.42045],[-4.73085,36.4204],[-4.7306,36.42037],[-4.7302,36.42031],[-4.7298,36.42026],[-4.7294,36.4202],[-4.7292,36.42017],[-4.7288,36.42012],[-4.7284,36.42006],[-4.728,36.42],[-4.7278,36.41997],[-4.7274,36.41993],[-4.727,36.41991],[-4.7266,36.41988],[-4.7262,36.41986],[-4.7258,36.41983],[-4.7254,36.4198],[-4.7252,36.41979],[-4.7248,36.41976],[-4.7244,36.41972],[-4.724,36.41969],[-4.7236,36.41966],[-4.7232,36.41963],[-4.72289,36.4196],[-4.7226,36.41958],[-4.7222,36.41954],[-4.7218,36.41951],[-4.7214,36.41946],[-4.721,36.41942],[-4.72077,36.4194],[-4.7204,36.41936],[-4.72,36.41932],[-4.72,36.41932]]}},{"type":"Feature","properties":{"prof":200,"principal":true},"geometry":{"type":"LineString","coordinates":[[-5.08,36.3735],[-5.07968,36.3736],[-5.0794,36.37369],[-5.07906,36.3738],[-5.0788,36.37388],[-5.0784,36.374],[-5.0782,36.37406],[-5.0778,36.37418],[-5.0776,36.37424],[-5.0772,36.37436],[-5.077,36.37442],[-5.0766,36.37454],[-5.0764,36.3746],[-5.076,36.37472],[-5.07575,36.3748],[-5.0754,36.3749],[-5.07509,36.375],[-5.0748,36.37509],[-5.07442,36.3752],[-5.0742,36.37526],[-5.0738,36.37538],[-5.0736,36.37545],[-5.0732,36.37557],[-5.073,36.37561],[-5.0726,36.37568],[-5.0722,36.37575],[-5.0719,36.3758],[-5.0716,36.37585],[-5.0712,36.37592],[-5.0708,36.37599],[-5.0706,36.37603],[-5.0702,36.37609],[-5.0698,36.37616],[-5.06954,36.3762],[-5.0692,36.37626],[-5.0688,36.37633],[-5.0684,36.3764],[-5.0682,36.37644],[-5.0678,36.37652],[-5.0674,36.3766],[-5.0672,36.37664],[-5.0668,36.37673],[-5.06646,36.3768],[-5.0662,36.37685],[-5.0658,36.37694],[-5.06551,36.377],[-5.0652,36.37706],[-5.0648,36.37714],[-5.06451,36.3772],[-5.0642,36.37727],[-5.0638,36.37735],[-5.06358,36.3774],[-5.0632,36.37749],[-5.0628,36.37758],[-5.0626,36.37762],[-5.0622,36.37771],[-5.0618,36.37778],[-5.06159,36.3778],[-5.0612,36.37784],[-5.0608,36.37788],[-5.0604,36.37793],[-5.06,36.37797],[-5.05968,36.378],[-5.0594,36.37803],[-5.059,36.37807],[-5.0586,36.37812],[-5.0582,36.37816],[-5.05782,36.3782],[-5.0576,36.37822],[-5.0572,36.37827],[-5.0568,36.37832],[-5.0564,36.37837],[-5.05615,36.3784],[-5.0558,36.37845],[-5.0554,36.3785],[-5.055,36.37855],[-5.05465,36.3786],[-5.0544,36.37863],[-5.054,36.37868],[-5.0536,36.37873],[-5.0532,36.37878],[-5.053,36.37881],[-5.0526,36.37885],[-5.0522,36.3789],[-5.0518,36.37895],[-5.0514,36.37899],[-5.0512,36.37902],[-5.0508,36.37906],[-5.0504,36.37909],[-5.05,36.37911],[-5.0496,36.37913],[-5.0492,36.37916],[-5.0488,36.37918],[-5.04842,36.3792],[-5.0482,36.37921],[-5.0478,36.37924],[-5.0474,36.37926],[-5.047,36.37928],[-5.0466,36.3793],[-5.0462,36.37933],[-5.0458,36.37935],[-5.0454,36.37937],[-5.04503,36.3794],[-5.0448,36.37942],[-5.0444,36.37946],[-5.044,36.3795],[-5.0436,36.37953],[-5.0432,36.37957],[-5.0429,36.3796],[-5.0426,36.37963],[-5.0422,36.37966],[-5.0418,36.37969],[-5.0414,36.37972],[-5.041,36.37975],[-5.0406,36.37978],[-5.0404,36.3798],[-5.04,36.37983],[-5.0396,36.37984],[-5.0392,36.37983],[-5.0388,36.37981],[-5.03845,36.3798],[-5.0382,36.37979],[-5.0378,36.37978],[-5.0374,36.37976],[-5.037,36.37975],[-5.0366,36.37973],[-5.0362,36.37971],[-5.0358,36.3797],[-5.0354,36.37968],[-5.035,36.37966],[-5.0346,36.37965],[-5.0342,36.37963],[-5.0338,36.37962],[-5.0334,36.37962],[-5.033,36.37961],[-5.0326,36.37961],[-5.0322,36.3796],[-5.0319,36.3796],[-5.0316,36.3796],[-5.0312,36.37959],[-5.0308,36.37958],[-5.0304,36.37958],[-5.03,36.37957],[-5.0296,36.37956],[-5.0292,36.37955],[-5.0288,36.37955],[-5.0284,36.37951],[-5.028,36.37947],[-5.0276,36.37943],[-5.02735,36.3794],[-5.027,36.37936],[-5.0266,36.37932],[-5.0262,36.37928],[-5.0258,36.37924],[-5.0254,36.3792],[-5.0252,36.37919],[-5.0248,36.37915],[-5.0244,36.37912],[-5.024,36.37909],[-5.0236,36.37905],[-5.0232,36.37902],[-5.02295,36.379],[-5.0226,36.37897],[-5.0222,36.37894],[-5.0218,36.3789],[-5.0214,36.37887],[-5.021,36.37884],[-5.0206,36.37881],[-5.0204,36.37879],[-5.02,36.37876],[-5.0196,36.37874],[-5.0192,36.37871],[-5.0188,36.37869],[-5.0184,36.37866],[-5.018,36.37863],[-5.0176,36.37861],[-5.0174,36.37858],[-5.017,36.3785],[-5.0166,36.37842],[-5.0164,36.37838],[-5.016,36.37831],[-5.0156,36.37824],[-5.01538,36.3782],[-5.015,36.37814],[-5.0146,36.37807],[-5.0142,36.378],[-5.014,36.37797],[-5.0136,36.3779],[-5.0132,36.37783],[-5.013,36.3778],[-5.0126,36.37773],[-5.0122,36.37766],[-5.0118,36.3776],[-5.0116,36.37759],[-5.0112,36.37755],[-5.0108,36.37752],[-5.0104,36.37749],[-5.01,36.37745],[-5.0096,36.37742],[-5.00933,36.3774],[-5.009,36.37737],[-5.0086,36.37734],[-5.0082,36.37731],[-5.0078,36.37728],[-5.0074,36.37725],[-5.007,36.37722],[-5.00668,36.3772],[-5.0064,36.37718],[-5.006,36.37718],[-5.0056,36.37719],[-5.0052,36.37719],[-5.0048,36.3772],[-5.0046,36.3772],[-5.0042,36.3772],[-5.0038,36.37721],[-5.0034,36.37721],[-5.003,36.3772],[-5.00262,36.3772],[-5.0024,36.3772],[-5.002,36.37719],[-5.0016,36.37719],[-5.0012,36.37718],[-5.0008,36.37718],[-5.0004,36.37719],[-5.00019,36.3772],[-4.9998,36.37722],[-4.9994,36.37724],[-4.999,36.37727],[-4.9986,36.37729],[-4.9982,36.37731],[-4.9978,36.37733],[-4.9974,36.37736],[-4.997,36.37738],[-4.99663,36.3774],[-4.9964,36.37741],[-4.996,36.37744],[-4.9956,36.37746],[-4.9952,36.37749],[-4.9948,36.37753],[-4.9944,36.37758],[-4.9942,36.3776],[-4.9938,36.37765],[-4.9934,36.37769],[-4.993,36.37774],[-4.9926,36.37779],[-4.9924,36.37781],[-4.992,36.37785],[-4.9916,36.37789],[-4.9912,36.37793],[-4.9908,36.37798],[-4.99059,36.378],[-4.9902,36.37804],[-4.9898,36.37808],[-4.9894,36.37813],[-4.98907,36.3782],[-4.9888,36.37825],[-4.9884,36.37832],[-4.988,36.3784],[-4.9878,36.37843],[-4.9874,36.3785],[-4.987,36.37858],[-4.9868,36.37861],[-4.9864,36.37868],[-4.986,36.37875],[-4.98572,36.3788],[-4.9854,36.37885],[-4.985,36.37892],[-4.9846,36.37898],[-4.9844,36.37902],[-4.984,36.37909],[-4.9836,36.37916],[-4.98335,36.3792],[-4.983,36.37926],[-4.9826,36.37933],[-4.98221,36.3794],[-4.982,36.37944],[-4.9816,36.3795],[-4.9812,36.37957],[-4.981,36.37961],[-4.9806,36.37967],[-4.9802,36.37973],[-4.9798,36.37979],[-4.9796,36.37982],[-4.9792,36.37988],[-4.9788,36.37993],[-4.97841,36.38],[-4.9782,36.38005],[-4.9778,36.38016],[-4.9776,36.38022],[-4.9772,36.38036],[-4.977,36.38043],[-4.9766,36.38057],[-4.9764,36.38063],[-4.976,36.38074],[-4.9758,36.38081],[-4.9754,36.38092],[-4.97514,36.381],[-4.9748,36.3811],[-4.97445,36.3812],[-4.9742,36.38128],[-4.97381,36.3814],[-4.9736,36.38147],[-4.97321,36.3816],[-4.973,36.38168],[-4.9726,36.38179],[-4.9724,36.38184],[-4.972,36.38195],[-4.9718,36.382],[-4.9714,36.3821],[-4.97106,36.3822],[-4.9708,36.38231],[-4.9706,36.3824],[-4.9702,36.38259],[-4.97,36.38269],[-4.96978,36.3828],[-4.9694,36.38298],[-4.9692,36.38305],[-4.9688,36.3832],[-4.9686,36.38326],[-4.9682,36.38339],[-4.968,36.38349],[-4.9678,36.38361],[-4.96753,36.3838],[-4.96722,36.384],[-4.967,36.38412],[-4.9668,36.38423],[-4.96649,36.3844],[-4.9662,36.38457],[-4.966,36.3847],[-4.9658,36.38486],[-4.9656,36.38501],[-4.96528,36.3852],[-4.965,36.38534],[-4.9648,36.38544],[-4.96449,36.3856],[-4.9642,36.38575],[-4.964,36.38588],[-4.9638,36.38605],[-4.9636,36.38626],[-4.9634,36.38647],[-4.9632,36.38669],[-4.963,36.38688],[-4.9628,36.38704],[-4.9626,36.38722],[-4.9624,36.38747],[-4.9622,36.38772],[-4.962,36.38795],[-4.9618,36.3882],[-4.96167,36.3884],[-4.96154,36.3886],[-4.96143,36.389],[-4.96137,36.3892],[-4.96126,36.3896],[-4.9612,36.38981],[-4.96113,36.3902],[-4.96119,36.3906],[-4.9612,36.3908],[-4.96123,36.3912],[-4.96125,36.3916],[-4.96129,36.392],[-4.96143,36.3922],[-4.9616,36.39245],[-4.96179,36.3928],[-4.96189,36.393],[-4.962,36.39325],[-4.96206,36.3936],[-4.96219,36.394],[-4.96226,36.3942],[-4.96239,36.3946],[-4.9624,36.3948],[-4.96235,36.395],[-4.96225,36.3954],[-4.9622,36.3956],[-4.96207,36.396],[-4.96184,36.3962],[-4.96174,36.3962],[-4.9614,36.39604],[-4.9612,36.39595],[-4.96082,36.3958],[-4.9606,36.39568],[-4.9604,36.39556],[-4.96014,36.3954],[-4.95981,36.3952],[-4.9596,36.39508],[-4.9594,36.39499],[-4.959,36.39492],[-4.9586,36.39486],[-4.9582,36.39482],[-4.958,36.3948],[-4.9576,36.39476],[-4.9572,36.39472],[-4.9568,36.39468],[-4.9564,36.39464],[-4.95614,36.3946],[-4.9558,36.39446],[-4.9556,36.39438],[-4.9552,36.3942],[-4.955,36.39411],[-4.95475,36.394],[-4.95448,36.3938],[-4.95423,36.3936],[-4.954,36.39345],[-4.9538,36.39332],[-4.9536,36.3932],[-4.95325,36.393],[-4.953,36.39284],[-4.9528,36.39266],[-4.9526,36.39242],[-4.95242,36.3922],[-4.95226,36.392],[-4.95211,36.3918],[-4.952,36.39153],[-4.95185,36.3912],[-4.95168,36.391],[-4.95151,36.3908],[-4.95134,36.3906],[-4.95115,36.3904],[-4.951,36.39017],[-4.9508,36.38987],[-4.9506,36.38971],[-4.9502,36.38965],[-4.9498,36.38961],[-4.9496,36.38959],[-4.9492,36.38956],[-4.9488,36.38952],[-4.9484,36.38948],[-4.948,36.38945],[-4.9476,36.38941],[-4.9474,36.38939],[-4.947,36.38935],[-4.9466,36.38931],[-4.9462,36.38927],[-4.9458,36.38922],[-4.9456,36.38919],[-4.9452,36.38911],[-4.9448,36.38915],[-4.9446,36.38924],[-4.94425,36.3894],[-4.944,36.38952],[-4.9438,36.38961],[-4.94342,36.3898],[-4.9432,36.38991],[-4.943,36.39001],[-4.94264,36.3902],[-4.9424,36.39032],[-4.9422,36.39042],[-4.94182,36.3906],[-4.9416,36.39071],[-4.9414,36.39082],[-4.94105,36.391],[-4.9408,36.39113],[-4.9406,36.39123],[-4.94026,36.3914],[-4.94,36.39154],[-4.9398,36.39162],[-4.9394,36.39174],[-4.93919,36.3918],[-4.9388,36.39191],[-4.9385,36.392],[-4.9382,36.39209],[-4.9378,36.3922],[-4.9376,36.39225],[-4.9372,36.39236],[-4.937,36.39242],[-4.9366,36.39253],[-4.93632,36.3926],[-4.936,36.39269],[-4.9356,36.3928],[-4.9354,36.39285],[-4.935,36.39296],[-4.9348,36.39301],[-4.9344,36.39311],[-4.93405,36.3932],[-4.9338,36.39326],[-4.9334,36.39333],[-4.933,36.39339],[-4.9328,36.39342],[-4.9324,36.39349],[-4.932,36.39356],[-4.93178,36.3936],[-4.9314,36.39368],[-4.931,36.39375],[-4.93077,36.3938],[-4.9304,36.39387],[-4.93,36.39394],[-4.9297,36.394],[-4.9294,36.39405],[-4.929,36.39411],[-4.9286,36.39419],[-4.9284,36.39423],[-4.928,36.39429],[-4.9276,36.39434],[-4.9272,36.39438],[-4.927,36.39441],[-4.9266,36.39446],[-4.9262,36.39451],[-4.9258,36.39457],[-4.92555,36.3946],[-4.9252,36.39465],[-4.9248,36.3947],[-4.9244,36.39475],[-4.92406,36.3948],[-4.9238,36.39483],[-4.9234,36.39488],[-4.923,36.39493],[-4.9226,36.39498],[-4.9224,36.39502],[-4.922,36.39508],[-4.9216,36.39515],[-4.92129,36.3952],[-4.921,36.39525],[-4.9206,36.39533],[-4.92025,36.3954],[-4.92,36.39546],[-4.9196,36.39557],[-4.9194,36.39563],[-4.919,36.39573],[-4.91873,36.3958],[-4.9184,36.39588],[-4.918,36.39598],[-4.9178,36.39603],[-4.9174,36.39614],[-4.91719,36.3962],[-4.9168,36.39631],[-4.9165,36.3964],[-4.9162,36.39648],[-4.9158,36.39659],[-4.9156,36.39664],[-4.9152,36.39674],[-4.91495,36.3968],[-4.9146,36.39689],[-4.9142,36.39699],[-4.914,36.39705],[-4.9136,36.39716],[-4.9134,36.39721],[-4.913,36.39732],[-4.91272,36.3974],[-4.9124,36.39749],[-4.912,36.39759],[-4.9118,36.39763],[-4.9114,36.39773],[-4.91116,36.3978],[-4.9108,36.3979],[-4.91047,36.398],[-4.9102,36.39808],[-4.9098,36.3982],[-4.9096,36.39826],[-4.9092,36.39836],[-4.909,36.39841],[-4.9086,36.39851],[-4.9082,36.3986],[-4.908,36.39865],[-4.9076,36.39875],[-4.90738,36.3988],[-4.907,36.3989],[-4.9066,36.399],[-4.9064,36.39905],[-4.906,36.39916],[-4.9058,36.39922],[-4.9054,36.39936],[-4.9052,36.39942],[-4.9048,36.39956],[-4.9046,36.39963],[-4.9042,36.39977],[-4.904,36.39985],[-4.9036,36.39999],[-4.9034,36.40006],[-4.90301,36.4002],[-4.9028,36.40027],[-4.9024,36.4004],[-4.9022,36.40047],[-4.90182,36.4006],[-4.9016,36.40068],[-4.90126,36.4008],[-4.901,36.40089],[-4.90068,36.401],[-4.9004,36.40109],[-4.9,36.4012],[-4.8998,36.40126],[-4.8994,36.40137],[-4.8992,36.40143],[-4.8988,36.40154],[-4.8986,36.4016],[-4.8982,36.40172],[-4.89794,36.4018],[-4.8976,36.4019],[-4.89725,36.402],[-4.897,36.40207],[-4.8966,36.4022],[-4.8964,36.40226],[-4.896,36.40239],[-4.8958,36.40246],[-4.8954,36.4026],[-4.8952,36.40267],[-4.89482,36.4028],[-4.8946,36.40288],[-4.89429,36.403],[-4.894,36.40311],[-4.89377,36.4032],[-4.8934,36.40335],[-4.8932,36.40343],[-4.8928,36.40357],[-4.8926,36.40364],[-4.8922,36.40378],[-4.892,36.40384],[-4.8916,36.40397],[-4.8914,36.40404],[-4.891,36.40418],[-4.8908,36.40425],[-4.8904,36.40439],[-4.8902,36.40447],[-4.88982,36.4046],[-4.8896,36.40468],[-4.88923,36.4048],[-4.889,36.40487],[-4.8886,36.40498],[-4.8884,36.40503],[-4.888,36.40514],[-4.8878,36.4052],[-4.8874,36.40532],[-4.8871,36.4054],[-4.8868,36.40548],[-4.8864,36.40559],[-4.8862,36.40565],[-4.8858,36.40575],[-4.8856,36.4058],[-4.8852,36.40592],[-4.88489,36.406],[-4.8846,36.40608],[-4.8842,36.40619],[-4.884,36.40625],[-4.8836,36.40637],[-4.8834,36.40643],[-4.883,36.40656],[-4.8828,36.40663],[-4.8824,36.40676],[-4.8822,36.40683],[-4.8818,36.40697],[-4.8816,36.40704],[-4.8812,36.40718],[-4.881,36.40725],[-4.8806,36.40739],[-4.8804,36.40746],[-4.88,36.40759],[-4.8798,36.40766],[-4.8794,36.4078],[-4.8792,36.40787],[-4.87884,36.408],[-4.8786,36.40809],[-4.87828,36.4082],[-4.878,36.40829],[-4.87765,36.4084],[-4.8774,36.40848],[-4.877,36.4086],[-4.8768,36.40866],[-4.8764,36.40879],[-4.8762,36.40885],[-4.8758,36.40898],[-4.8756,36.40904],[-4.8752,36.40916],[-4.875,36.40921],[-4.8746,36.40932],[-4.87429,36.4094],[-4.874,36.40948],[-4.8736,36.4096],[-4.8734,36.40966],[-4.873,36.40977],[-4.8728,36.40983],[-4.8724,36.40995],[-4.8722,36.41003],[-4.8718,36.41018],[-4.8716,36.41027],[-4.87128,36.4104],[-4.871,36.41052],[-4.8708,36.41061],[-4.8704,36.41079],[-4.8702,36.41087],[-4.86988,36.411],[-4.8696,36.41111],[-4.86939,36.4112],[-4.869,36.41137],[-4.8688,36.41145],[-4.86845,36.4116],[-4.8682,36.4117],[-4.86794,36.4118],[-4.8676,36.41193],[-4.8674,36.412],[-4.867,36.41216],[-4.8668,36.41224],[-4.8664,36.41237],[-4.8662,36.41244],[-4.8658,36.41259],[-4.8656,36.41266],[-4.86522,36.4128],[-4.865,36.41288],[-4.86464,36.413],[-4.8644,36.41309],[-4.8641,36.4132],[-4.8638,36.41331],[-4.86356,36.4134],[-4.8632,36.41354],[-4.863,36.41362],[-4.8626,36.41377],[-4.8624,36.41385],[-4.86204,36.414],[-4.8618,36.4141],[-4.86157,36.4142],[-4.8612,36.41435],[-4.861,36.41441],[-4.8606,36.41453],[-4.86037,36.4146],[-4.86,36.41471],[-4.85969,36.4148],[-4.8594,36.41488],[-4.85902,36.415],[-4.8588,36.41506],[-4.8584,36.41518],[-4.8582,36.41523],[-4.8578,36.41534],[-4.85758,36.4154],[-4.8572,36.4155],[-4.85683,36.4156],[-4.8566,36.41568],[-4.85624,36.4158],[-4.856,36.41588],[-4.85566,36.416],[-4.8554,36.41609],[-4.85507,36.4162],[-4.8548,36.41629],[-4.85445,36.4164],[-4.8542,36.41649],[-4.85387,36.4166],[-4.8536,36.41669],[-4.8533,36.4168],[-4.853,36.41689],[-4.85267,36.417],[-4.8524,36.41708],[-4.852,36.41719],[-4.8518,36.41725],[-4.8514,36.41736],[-4.8512,36.41743],[-4.8508,36.41756],[-4.8506,36.41763],[-4.8502,36.41776],[-4.85,36.41782],[-4.8496,36.4179],[-4.8492,36.41799],[-4.849,36.41803],[-4.8486,36.41811],[-4.8482,36.41819],[-4.848,36.41823],[-4.8476,36.41831],[-4.8472,36.4184],[-4.847,36.41844],[-4.8466,36.41852],[-4.8462,36.41859],[-4.846,36.41862],[-4.8456,36.41869],[-4.8452,36.41876],[-4.84497,36.4188],[-4.8446,36.41886],[-4.8442,36.41893],[-4.84385,36.419],[-4.8436,36.41905],[-4.8432,36.41913],[-4.84283,36.4192],[-4.8426,36.41925],[-4.8422,36.41933],[-4.84188,36.4194],[-4.8416,36.41946],[-4.8412,36.41954],[-4.84094,36.4196],[-4.8406,36.41967],[-4.8402,36.41976],[-4.84,36.4198],[-4.8396,36.41988],[-4.8392,36.41996],[-4.839,36.42],[-4.8386,36.42005],[-4.8382,36.42009],[-4.8378,36.42012],[-4.8374,36.42016],[-4.837,36.4202],[-4.8368,36.42022],[-4.8364,36.42028],[-4.836,36.42033],[-4.8356,36.42038],[-4.8354,36.42041],[-4.835,36.42046],[-4.8346,36.42051],[-4.8342,36.42056],[-4.83387,36.4206],[-4.8336,36.42063],[-4.8332,36.42067],[-4.8328,36.42071],[-4.8324,36.42075],[-4.832,36.42079],[-4.8318,36.42081],[-4.8314,36.42085],[-4.831,36.42088],[-4.8306,36.42092],[-4.8302,36.42096],[-4.8298,36.42099],[-4.8296,36.42101],[-4.8292,36.42106],[-4.8288,36.4211],[-4.8284,36.42116],[-4.8281,36.4212],[-4.8278,36.42124],[-4.8274,36.42125],[-4.827,36.42126],[-4.8266,36.42127],[-4.8262,36.42128],[-4.8258,36.42129],[-4.8254,36.4213],[-4.825,36.42131],[-4.8246,36.42132],[-4.8242,36.42133],[-4.8238,36.42133],[-4.8234,36.42134],[-4.823,36.42134],[-4.8226,36.42134],[-4.8222,36.42134],[-4.8218,36.42137],[-4.8214,36.4214],[-4.8212,36.42141],[-4.8208,36.42144],[-4.8204,36.42147],[-4.82,36.42151],[-4.8196,36.42154],[-4.8192,36.42157],[-4.81883,36.4216],[-4.8186,36.42162],[-4.8182,36.42164],[-4.8178,36.42167],[-4.8174,36.42169],[-4.817,36.42171],[-4.8166,36.42174],[-4.8162,36.42172],[-4.8158,36.42169],[-4.8154,36.42167],[-4.815,36.42164],[-4.8146,36.42161],[-4.8144,36.4216],[-4.814,36.42157],[-4.8136,36.42154],[-4.8132,36.42151],[-4.8128,36.42148],[-4.8124,36.42145],[-4.812,36.42142],[-4.81178,36.4214],[-4.8114,36.42137],[-4.811,36.42135],[-4.8106,36.42136],[-4.8102,36.42136],[-4.8098,36.42137],[-4.8094,36.42138],[-4.809,36.42138],[-4.8086,36.42139],[-4.8083,36.4214],[-4.808,36.42141],[-4.8076,36.42142],[-4.8072,36.42143],[-4.8068,36.42144],[-4.8064,36.42145],[-4.806,36.42146],[-4.8056,36.42147],[-4.8052,36.42145],[-4.8048,36.42141],[-4.8046,36.42139],[-4.8042,36.42136],[-4.8038,36.42133],[-4.8034,36.42129],[-4.803,36.42126],[-4.8026,36.42122],[-4.80234,36.4212],[-4.802,36.42117],[-4.8016,36.42114],[-4.8012,36.4211],[-4.8008,36.42106],[-4.8004,36.42103],[-4.80009,36.421],[-4.7998,36.42098],[-4.7994,36.42096],[-4.799,36.42093],[-4.7986,36.42091],[-4.7982,36.42088],[-4.7978,36.42086],[-4.7974,36.42084],[-4.797,36.42081],[-4.7968,36.4208],[-4.7964,36.42077],[-4.796,36.42075],[-4.7956,36.42073],[-4.7952,36.4207],[-4.7948,36.42068],[-4.7944,36.42065],[-4.79413,36.4206],[-4.7938,36.42054],[-4.7934,36.42046],[-4.79307,36.4204],[-4.7928,36.42035],[-4.7924,36.42027],[-4.792,36.42022],[-4.7918,36.4202],[-4.7914,36.42017],[-4.791,36.42014],[-4.7906,36.42012],[-4.7902,36.42009],[-4.7898,36.42006],[-4.7894,36.42003],[-4.789,36.42],[-4.7888,36.41999],[-4.7884,36.41996],[-4.788,36.41993],[-4.7876,36.41989],[-4.7872,36.41986],[-4.7868,36.41982],[-4.7866,36.4198],[-4.7862,36.41974],[-4.7858,36.41969],[-4.7854,36.41963],[-4.78516,36.4196],[-4.7848,36.41955],[-4.7844,36.41949],[-4.784,36.41944],[-4.78374,36.4194],[-4.7834,36.41935],[-4.783,36.41931],[-4.7826,36.41928],[-4.7822,36.41924],[-4.7818,36.41921],[-4.7816,36.4192],[-4.7812,36.41917],[-4.7808,36.41914],[-4.7804,36.41911],[-4.78,36.41908],[-4.7796,36.41905],[-4.7792,36.41902],[-4.77888,36.419],[-4.7786,36.41898],[-4.7782,36.41895],[-4.7778,36.41892],[-4.7774,36.41887],[-4.777,36.41881],[-4.7768,36.41878],[-4.7764,36.41872],[-4.776,36.41866],[-4.77564,36.4186],[-4.7754,36.41856],[-4.775,36.4185],[-4.7746,36.41843],[-4.7744,36.4184],[-4.774,36.41834],[-4.7736,36.41828],[-4.7732,36.41823],[-4.77294,36.4182],[-4.7726,36.41816],[-4.7722,36.41811],[-4.7718,36.41808],[-4.7714,36.41804],[-4.771,36.41801],[-4.7708,36.41799],[-4.7704,36.41796],[-4.77,36.41792],[-4.7696,36.41789],[-4.7692,36.41785],[-4.7688,36.41782],[-4.7686,36.4178],[-4.7682,36.41776],[-4.7678,36.41772],[-4.7674,36.41769],[-4.767,36.41765],[-4.7666,36.41761],[-4.7664,36.41757],[-4.766,36.4175],[-4.7656,36.41742],[-4.7654,36.41739],[-4.765,36.41732],[-4.7646,36.41725],[-4.76434,36.4172],[-4.764,36.41714],[-4.7636,36.41707],[-4.76323,36.417],[-4.763,36.41696],[-4.7626,36.41688],[-4.7622,36.4168],[-4.762,36.41677],[-4.7616,36.41669],[-4.7612,36.41661],[-4.761,36.41658],[-4.7606,36.41653],[-4.7602,36.41648],[-4.7598,36.41643],[-4.75957,36.4164],[-4.7592,36.41636],[-4.7588,36.41631],[-4.7584,36.41627],[-4.758,36.41622],[-4.7578,36.4162],[-4.7574,36.41615],[-4.757,36.4161],[-4.7566,36.41605],[-4.7562,36.416],[-4.756,36.41598],[-4.7556,36.41593],[-4.7552,36.41587],[-4.7548,36.41582],[-4.7546,36.41579],[-4.7542,36.41573],[-4.7538,36.41567],[-4.7534,36.41562],[-4.7532,36.41559],[-4.7528,36.41554],[-4.7524,36.41548],[-4.752,36.41544],[-4.7517,36.4154],[-4.7514,36.41536],[-4.751,36.4153],[-4.7506,36.41525],[-4.75022,36.4152],[-4.75,36.41517],[-4.7496,36.41513],[-4.7492,36.41511],[-4.7488,36.41508],[-4.7484,36.41506],[-4.748,36.41503],[-4.7476,36.41501],[-4.7474,36.41499],[-4.747,36.41497],[-4.7466,36.41494],[-4.7462,36.41492],[-4.7458,36.41489],[-4.7454,36.41487],[-4.745,36.41484],[-4.7446,36.41482],[-4.74437,36.4148],[-4.744,36.41476],[-4.7436,36.41472],[-4.7432,36.41467],[-4.7428,36.41462],[-4.7426,36.4146],[-4.7422,36.41455],[-4.7418,36.4145],[-4.7414,36.41445],[-4.741,36.41441],[-4.7408,36.41438],[-4.7404,36.41432],[-4.74,36.41425],[-4.73969,36.4142],[-4.7394,36.41415],[-4.739,36.41409],[-4.7386,36.41404],[-4.7382,36.41402],[-4.7378,36.414],[-4.7376,36.414],[-4.7372,36.41398],[-4.7368,36.41397],[-4.7364,36.41395],[-4.736,36.41394],[-4.7356,36.41392],[-4.7352,36.4139],[-4.7348,36.41387],[-4.7344,36.41385],[-4.734,36.41382],[-4.73363,36.4138],[-4.7334,36.41379],[-4.733,36.41375],[-4.7326,36.4137],[-4.7322,36.41364],[-4.73187,36.4136],[-4.7316,36.41356],[-4.7312,36.4135],[-4.7308,36.41345],[-4.73047,36.4134],[-4.7302,36.41336],[-4.7298,36.4133],[-4.7294,36.41324],[-4.72911,36.4132],[-4.7288,36.41316],[-4.7284,36.4131],[-4.728,36.41304],[-4.72774,36.413],[-4.7274,36.41296],[-4.727,36.41293],[-4.7266,36.41291],[-4.7262,36.41288],[-4.7258,36.41285],[-4.7254,36.41283],[-4.72503,36.4128],[-4.7248,36.41278],[-4.7244,36.41275],[-4.724,36.41273],[-4.7236,36.4127],[-4.7232,36.41267],[-4.7228,36.41264],[-4.7224,36.41261],[-4.7222,36.41259],[-4.7218,36.41256],[-4.7214,36.4125],[-4.721,36.41245],[-4.72061,36.4124],[-4.7204,36.41237],[-4.72,36.41232],[-4.72,36.41232]]}},{"type":"Feature","properties":{"prof":300,"principal":false},"geometry":{"type":"LineString","coordinates":[[-5.08,36.31673],[-5.0798,36.317],[-5.07966,36.3172],[-5.07951,36.3174],[-5.07937,36.3176],[-5.0792,36.3178],[-5.079,36.318],[-5.0788,36.31834],[-5.07861,36.3186],[-5.0785,36.3188],[-5.0784,36.31901],[-5.07824,36.3194],[-5.07811,36.3196],[-5.078,36.31982],[-5.0778,36.32013],[-5.0776,36.32038],[-5.07741,36.3206],[-5.07725,36.3208],[-5.0771,36.321],[-5.07695,36.3212],[-5.07679,36.3214],[-5.0766,36.32161],[-5.0764,36.32183],[-5.0762,36.32205],[-5.076,36.32227],[-5.0758,36.32249],[-5.0756,36.32274],[-5.0754,36.323],[-5.07523,36.3232],[-5.07501,36.3234],[-5.0748,36.32358],[-5.0746,36.32375],[-5.0744,36.32391],[-5.0742,36.32407],[-5.074,36.32423],[-5.0738,36.32441],[-5.0736,36.32471],[-5.07341,36.325],[-5.07327,36.3252],[-5.07307,36.3254],[-5.07284,36.3256],[-5.07261,36.3258],[-5.0724,36.32594],[-5.0722,36.32607],[-5.072,36.3262],[-5.07176,36.3264],[-5.07156,36.3266],[-5.07137,36.3268],[-5.07118,36.327],[-5.071,36.3272],[-5.07078,36.3274],[-5.07049,36.3276],[-5.0702,36.32779],[-5.07,36.32792],[-5.0698,36.32803],[-5.0694,36.3282],[-5.0692,36.32829],[-5.069,36.3284],[-5.06869,36.3286],[-5.0684,36.32876],[-5.0682,36.32899],[-5.06809,36.3292],[-5.06798,36.3294],[-5.06774,36.3296],[-5.06744,36.3298],[-5.0672,36.32996],[-5.067,36.33007],[-5.06678,36.3302],[-5.06649,36.3304],[-5.06625,36.3306],[-5.06601,36.3308],[-5.0658,36.33097],[-5.0656,36.33112],[-5.0654,36.33124],[-5.06514,36.3314],[-5.06481,36.3316],[-5.0646,36.33173],[-5.0644,36.33181],[-5.064,36.33182],[-5.0636,36.33184],[-5.0632,36.33199],[-5.063,36.33207],[-5.06265,36.3322],[-5.0624,36.3323],[-5.06217,36.3324],[-5.06194,36.3326],[-5.0616,36.3328],[-5.0614,36.33287],[-5.06105,36.333],[-5.0608,36.33309],[-5.06048,36.3332],[-5.0602,36.33331],[-5.05996,36.3334],[-5.0596,36.33356],[-5.0594,36.33365],[-5.05906,36.3338],[-5.0588,36.33391],[-5.05859,36.334],[-5.0582,36.33413],[-5.05793,36.3342],[-5.0576,36.33429],[-5.05723,36.3344],[-5.057,36.33447],[-5.05668,36.3346],[-5.05642,36.3348],[-5.05621,36.335],[-5.056,36.33512],[-5.0557,36.3352],[-5.0554,36.33528],[-5.055,36.3354],[-5.0548,36.33545],[-5.0544,36.33554],[-5.05417,36.3356],[-5.0538,36.33569],[-5.0534,36.33578],[-5.0532,36.33582],[-5.0528,36.3359],[-5.0524,36.33597],[-5.0522,36.33601],[-5.0518,36.33608],[-5.0514,36.33616],[-5.05117,36.3362],[-5.0508,36.33626],[-5.0504,36.33631],[-5.05,36.33636],[-5.04965,36.3364],[-5.0494,36.33643],[-5.049,36.33648],[-5.0486,36.33653],[-5.0482,36.33657],[-5.04798,36.3366],[-5.0476,36.33664],[-5.0472,36.33669],[-5.0468,36.33674],[-5.0464,36.33679],[-5.0462,36.33682],[-5.0458,36.33687],[-5.0454,36.33693],[-5.0452,36.33702],[-5.0448,36.3371],[-5.0444,36.33715],[-5.0441,36.3372],[-5.0438,36.33725],[-5.0434,36.33732],[-5.043,36.3374],[-5.0428,36.33743],[-5.0424,36.3375],[-5.042,36.33757],[-5.0418,36.3376],[-5.0414,36.33767],[-5.041,36.33773],[-5.0406,36.3378],[-5.0404,36.33783],[-5.04,36.3379],[-5.0396,36.33793],[-5.0392,36.33794],[-5.0388,36.33796],[-5.0384,36.33797],[-5.038,36.33798],[-5.0376,36.338],[-5.0374,36.338],[-5.037,36.33802],[-5.0366,36.33803],[-5.0362,36.33804],[-5.0358,36.33806],[-5.0354,36.33807],[-5.035,36.33809],[-5.0346,36.3381],[-5.0342,36.33814],[-5.0338,36.33815],[-5.0334,36.33812],[-5.033,36.33806],[-5.0328,36.338],[-5.0324,36.33785],[-5.0322,36.33778],[-5.0318,36.33764],[-5.0316,36.33757],[-5.0312,36.3374],[-5.031,36.33733],[-5.03064,36.3372],[-5.0304,36.33711],[-5.03009,36.337],[-5.0298,36.33687],[-5.0296,36.33677],[-5.02923,36.3366],[-5.029,36.33648],[-5.0288,36.33639],[-5.0284,36.33622],[-5.0282,36.33614],[-5.02787,36.336],[-5.0276,36.3359],[-5.02735,36.3358],[-5.027,36.33566],[-5.0268,36.33558],[-5.0264,36.33541],[-5.0262,36.33533],[-5.0259,36.3352],[-5.0256,36.33507],[-5.0254,36.33499],[-5.025,36.33483],[-5.0248,36.33474],[-5.02448,36.3346],[-5.0242,36.33448],[-5.024,36.33439],[-5.0236,36.33421],[-5.0234,36.33413],[-5.023,36.33409],[-5.0226,36.33412],[-5.0223,36.3342],[-5.022,36.33422],[-5.0216,36.33424],[-5.0212,36.33424],[-5.0208,36.33422],[-5.0204,36.33422],[-5.02,36.33422],[-5.0196,36.33422],[-5.0194,36.3342],[-5.019,36.3341],[-5.0186,36.33401],[-5.0184,36.33397],[-5.018,36.3339],[-5.0176,36.33385],[-5.0172,36.33395],[-5.01686,36.334],[-5.0166,36.33405],[-5.0162,36.33412],[-5.0158,36.33419],[-5.0156,36.33423],[-5.0152,36.33431],[-5.0148,36.3344],[-5.0146,36.33444],[-5.0142,36.33452],[-5.0138,36.3346],[-5.0136,36.33462],[-5.0132,36.33463],[-5.0128,36.33464],[-5.0124,36.33464],[-5.0122,36.33446],[-5.012,36.33434],[-5.0118,36.33453],[-5.0116,36.33462],[-5.0112,36.3348],[-5.011,36.33488],[-5.01069,36.335],[-5.0104,36.33512],[-5.0102,36.3352],[-5.0098,36.33538],[-5.0096,36.33547],[-5.00929,36.3356],[-5.009,36.33572],[-5.00879,36.3358],[-5.0084,36.33595],[-5.0082,36.33601],[-5.00798,36.336],[-5.0076,36.33595],[-5.0072,36.3359],[-5.0068,36.33584],[-5.0064,36.3358],[-5.006,36.33586],[-5.0056,36.33594],[-5.00535,36.336],[-5.005,36.33608],[-5.0046,36.33616],[-5.0044,36.33621],[-5.004,36.33629],[-5.0036,36.33638],[-5.0034,36.33643],[-5.003,36.33651],[-5.00261,36.3366],[-5.0024,36.33664],[-5.002,36.33672],[-5.00163,36.3368],[-5.0014,36.33685],[-5.001,36.33694],[-5.00075,36.337],[-5.0004,36.3371],[-5.00006,36.3372],[-4.9998,36.33727],[-4.9994,36.33739],[-4.9992,36.33745],[-4.9988,36.33756],[-4.9986,36.33761],[-4.9982,36.33772],[-4.9979,36.3378],[-4.9976,36.33789],[-4.99724,36.338],[-4.997,36.33808],[-4.99661,36.3382],[-4.9964,36.33827],[-4.996,36.33839],[-4.9958,36.33845],[-4.9954,36.33857],[-4.9952,36.33862],[-4.9948,36.33865],[-4.9944,36.33869],[-4.994,36.33873],[-4.9936,36.33879],[-4.9934,36.33882],[-4.993,36.3389],[-4.9926,36.33897],[-4.9924,36.33901],[-4.992,36.33909],[-4.9916,36.33916],[-4.9914,36.3392],[-4.991,36.33928],[-4.9906,36.33935],[-4.99032,36.3394],[-4.99,36.33946],[-4.9896,36.33952],[-4.9892,36.33959],[-4.989,36.33962],[-4.9886,36.33969],[-4.9882,36.33976],[-4.98797,36.3398],[-4.9876,36.33987],[-4.9872,36.33994],[-4.98684,36.34],[-4.9866,36.34004],[-4.9862,36.34011],[-4.9858,36.34018],[-4.9856,36.34021],[-4.9852,36.34028],[-4.9848,36.34035],[-4.98446,36.3404],[-4.9842,36.34044],[-4.9838,36.34049],[-4.9834,36.34053],[-4.983,36.34056],[-4.98262,36.3406],[-4.9824,36.34062],[-4.982,36.34066],[-4.9816,36.3407],[-4.9812,36.34074],[-4.9808,36.34078],[-4.98058,36.3408],[-4.9802,36.34084],[-4.9798,36.34088],[-4.9794,36.34093],[-4.979,36.34097],[-4.97871,36.341],[-4.9784,36.34104],[-4.978,36.34112],[-4.97762,36.3412],[-4.9774,36.34124],[-4.977,36.34132],[-4.97662,36.3414],[-4.9764,36.34145],[-4.976,36.34153],[-4.97567,36.3416],[-4.9754,36.34166],[-4.975,36.34174],[-4.97472,36.3418],[-4.9744,36.34186],[-4.974,36.34193],[-4.97363,36.342],[-4.9734,36.34204],[-4.973,36.3421],[-4.9726,36.34215],[-4.9722,36.34219],[-4.972,36.34221],[-4.9716,36.34226],[-4.9712,36.3423],[-4.9708,36.34235],[-4.9704,36.34239],[-4.9702,36.34241],[-4.9698,36.34246],[-4.9694,36.34251],[-4.969,36.34256],[-4.96864,36.3426],[-4.9684,36.34263],[-4.968,36.34268],[-4.9676,36.34273],[-4.9672,36.34279],[-4.967,36.34282],[-4.9666,36.34289],[-4.9662,36.34295],[-4.96593,36.343],[-4.9656,36.34305],[-4.9652,36.34312],[-4.9648,36.34318],[-4.9646,36.34322],[-4.9642,36.34329],[-4.9638,36.34336],[-4.96356,36.3434],[-4.9632,36.34346],[-4.9628,36.34353],[-4.9624,36.3436],[-4.9622,36.34363],[-4.9618,36.34369],[-4.9614,36.34372],[-4.961,36.34375],[-4.9606,36.34378],[-4.96039,36.3438],[-4.96,36.34383],[-4.9596,36.34386],[-4.9592,36.34389],[-4.9588,36.34392],[-4.9584,36.34394],[-4.958,36.34397],[-4.95763,36.344],[-4.9574,36.34402],[-4.957,36.34405],[-4.9566,36.34407],[-4.9562,36.34417],[-4.95602,36.3444],[-4.95587,36.3446],[-4.95572,36.3448],[-4.95556,36.345],[-4.9554,36.34526],[-4.9554,36.34541],[-4.95562,36.3456],[-4.95588,36.3458],[-4.95582,36.3462],[-4.95578,36.3464],[-4.9557,36.3468],[-4.95562,36.3472],[-4.95558,36.3474],[-4.95551,36.3478],[-4.95543,36.3482],[-4.9554,36.3484],[-4.9552,36.3488],[-4.95512,36.349],[-4.95504,36.3494],[-4.955,36.34962],[-4.9549,36.35],[-4.95474,36.3502],[-4.9546,36.3504],[-4.95452,36.3508],[-4.95445,36.3512],[-4.9546,36.35152],[-4.9548,36.35169],[-4.955,36.35185],[-4.95513,36.3522],[-4.95513,36.3526],[-4.95512,36.353],[-4.95512,36.3534],[-4.955,36.35373],[-4.95482,36.354],[-4.95479,36.3542],[-4.95474,36.3546],[-4.95471,36.355],[-4.95479,36.3554],[-4.95473,36.3558],[-4.95465,36.3562],[-4.9546,36.35647],[-4.95449,36.3568],[-4.95438,36.357],[-4.9542,36.35735],[-4.95412,36.3576],[-4.95403,36.358],[-4.95398,36.3582],[-4.9538,36.35859],[-4.9536,36.35877],[-4.9534,36.35894],[-4.9532,36.35911],[-4.953,36.35933],[-4.95287,36.3596],[-4.9528,36.3598],[-4.9526,36.36018],[-4.95248,36.3604],[-4.95238,36.3606],[-4.9522,36.36093],[-4.95205,36.3612],[-4.95196,36.3614],[-4.9518,36.36175],[-4.9516,36.36191],[-4.9514,36.36204],[-4.95116,36.3622],[-4.95087,36.3624],[-4.9506,36.36255],[-4.9502,36.36246],[-4.95,36.36238],[-4.9496,36.36222],[-4.9494,36.36213],[-4.94918,36.362],[-4.94895,36.3618],[-4.94871,36.3616],[-4.9484,36.3614],[-4.9482,36.36128],[-4.948,36.36116],[-4.94771,36.361],[-4.9474,36.36082],[-4.9472,36.3607],[-4.947,36.36056],[-4.94679,36.3604],[-4.94658,36.3602],[-4.94636,36.36],[-4.946,36.35985],[-4.9458,36.35977],[-4.9454,36.35964],[-4.9452,36.35957],[-4.94496,36.3594],[-4.94466,36.3592],[-4.9444,36.35903],[-4.9442,36.35889],[-4.944,36.35875],[-4.94378,36.3586],[-4.9435,36.3584],[-4.9432,36.35821],[-4.943,36.35807],[-4.9428,36.35793],[-4.9426,36.35779],[-4.94233,36.3576],[-4.9421,36.3574],[-4.942,36.35712],[-4.94191,36.3568],[-4.942,36.35645],[-4.9422,36.35638],[-4.9426,36.35629],[-4.943,36.35621],[-4.9432,36.35616],[-4.9436,36.35607],[-4.94393,36.356],[-4.9442,36.35594],[-4.9446,36.35585],[-4.94483,36.3558],[-4.9452,36.35572],[-4.9455,36.3556],[-4.9458,36.35545],[-4.94592,36.3552],[-4.9458,36.35495],[-4.9456,36.35465],[-4.94543,36.3544],[-4.94531,36.3542],[-4.94514,36.354],[-4.9448,36.35383],[-4.9446,36.35375],[-4.94432,36.3536],[-4.944,36.35346],[-4.9438,36.35336],[-4.94341,36.3532],[-4.9432,36.35312],[-4.9429,36.353],[-4.9426,36.35289],[-4.94237,36.3528],[-4.942,36.35265],[-4.9418,36.35257],[-4.94149,36.3524],[-4.94132,36.3522],[-4.94116,36.352],[-4.94099,36.3518],[-4.9408,36.35155],[-4.9406,36.3513],[-4.9404,36.35109],[-4.9402,36.35089],[-4.94,36.35064],[-4.93983,36.3504],[-4.9396,36.3502],[-4.9394,36.35016],[-4.939,36.3501],[-4.9386,36.35004],[-4.93837,36.35],[-4.938,36.34994],[-4.9376,36.34987],[-4.9372,36.3498],[-4.937,36.34976],[-4.9366,36.34967],[-4.93635,36.3496],[-4.936,36.34947],[-4.9358,36.3494],[-4.9354,36.34926],[-4.9352,36.34919],[-4.9348,36.34904],[-4.9346,36.34897],[-4.9342,36.34882],[-4.934,36.34877],[-4.9338,36.34883],[-4.9334,36.34897],[-4.9332,36.34904],[-4.9328,36.34918],[-4.9326,36.34925],[-4.9322,36.34938],[-4.932,36.34945],[-4.9316,36.34959],[-4.9314,36.34966],[-4.93101,36.3498],[-4.9308,36.34987],[-4.93045,36.35],[-4.9302,36.35008],[-4.92985,36.3502],[-4.9296,36.35028],[-4.92925,36.3504],[-4.929,36.35049],[-4.92868,36.3506],[-4.9284,36.3507],[-4.92814,36.3508],[-4.9278,36.35093],[-4.9276,36.35101],[-4.9272,36.35115],[-4.927,36.35123],[-4.9266,36.35138],[-4.9264,36.35145],[-4.92602,36.3516],[-4.9258,36.35169],[-4.92551,36.3518],[-4.9252,36.35191],[-4.92496,36.352],[-4.9246,36.35213],[-4.9244,36.3522],[-4.924,36.35236],[-4.9238,36.35243],[-4.9234,36.35259],[-4.9232,36.35267],[-4.92284,36.3528],[-4.9226,36.35287],[-4.9222,36.35298],[-4.922,36.35303],[-4.9216,36.35314],[-4.92139,36.3532],[-4.921,36.35331],[-4.92069,36.3534],[-4.9204,36.35348],[-4.92,36.35358],[-4.9198,36.35363],[-4.9194,36.35372],[-4.91902,36.3538],[-4.9188,36.35385],[-4.9184,36.35394],[-4.91812,36.354],[-4.9178,36.35407],[-4.9174,36.35417],[-4.9172,36.35422],[-4.9168,36.35434],[-4.9166,36.3544],[-4.9162,36.35454],[-4.916,36.35461],[-4.9156,36.35475],[-4.9154,36.35482],[-4.915,36.35498],[-4.9148,36.35506],[-4.91444,36.3552],[-4.9142,36.3553],[-4.91395,36.3554],[-4.9136,36.35554],[-4.9134,36.35561],[-4.913,36.35575],[-4.9128,36.35582],[-4.9124,36.35596],[-4.9122,36.35603],[-4.9118,36.35616],[-4.9116,36.35622],[-4.9112,36.35632],[-4.91085,36.3564],[-4.9106,36.35646],[-4.9102,36.35655],[-4.90997,36.3566],[-4.9096,36.35669],[-4.9092,36.35678],[-4.909,36.35683],[-4.9086,36.35693],[-4.90831,36.357],[-4.908,36.35708],[-4.9076,36.35718],[-4.9074,36.35723],[-4.907,36.35732],[-4.90668,36.3574],[-4.9064,36.35747],[-4.906,36.35757],[-4.9058,36.35763],[-4.9054,36.35775],[-4.9052,36.35781],[-4.9048,36.35793],[-4.90457,36.358],[-4.9042,36.35811],[-4.90387,36.3582],[-4.9036,36.35827],[-4.9032,36.35838],[-4.903,36.35843],[-4.9026,36.35855],[-4.9024,36.3586],[-4.902,36.35872],[-4.90173,36.3588],[-4.9014,36.3589],[-4.90102,36.359],[-4.9008,36.35904],[-4.9004,36.35911],[-4.9,36.35917],[-4.8998,36.35921],[-4.8994,36.35927],[-4.899,36.35934],[-4.89862,36.3594],[-4.8984,36.35944],[-4.898,36.35951],[-4.8976,36.35957],[-4.8974,36.35961],[-4.897,36.35968],[-4.8966,36.35976],[-4.8964,36.35981],[-4.896,36.35994],[-4.8958,36.36001],[-4.8954,36.36015],[-4.8952,36.36022],[-4.8948,36.36035],[-4.8946,36.3604],[-4.8942,36.36051],[-4.89389,36.3606],[-4.8936,36.36068],[-4.8932,36.36079],[-4.893,36.36084],[-4.8926,36.36094],[-4.89236,36.361],[-4.892,36.36109],[-4.8916,36.36119],[-4.8914,36.36125],[-4.891,36.36135],[-4.8908,36.36141],[-4.8904,36.36151],[-4.89008,36.3616],[-4.8898,36.36167],[-4.8894,36.36178],[-4.8892,36.36182],[-4.8888,36.36189],[-4.8884,36.36197],[-4.8882,36.362],[-4.8878,36.36208],[-4.8874,36.36216],[-4.8872,36.3622],[-4.8868,36.36229],[-4.8864,36.36238],[-4.8862,36.36242],[-4.8858,36.3625],[-4.8854,36.36259],[-4.8852,36.36263],[-4.8848,36.3627],[-4.8844,36.36278],[-4.8842,36.36281],[-4.8838,36.36289],[-4.8834,36.36299],[-4.8832,36.36305],[-4.8828,36.36316],[-4.8826,36.36321],[-4.8822,36.36333],[-4.88193,36.3634],[-4.8816,36.36349],[-4.8812,36.36359],[-4.881,36.36364],[-4.8806,36.36373],[-4.88031,36.3638],[-4.88,36.36388],[-4.8796,36.36397],[-4.8794,36.36402],[-4.879,36.36411],[-4.87865,36.3642],[-4.8784,36.36429],[-4.87802,36.3644],[-4.8778,36.36444],[-4.8774,36.36452],[-4.877,36.36459],[-4.8768,36.36463],[-4.8764,36.36471],[-4.876,36.36478],[-4.8758,36.36482],[-4.8754,36.3649],[-4.875,36.36498],[-4.8748,36.36502],[-4.8744,36.3651],[-4.874,36.36518],[-4.8738,36.36522],[-4.8734,36.36529],[-4.873,36.36537],[-4.8728,36.3654],[-4.8724,36.36551],[-4.87216,36.3656],[-4.8718,36.36574],[-4.8716,36.36582],[-4.8712,36.36597],[-4.871,36.36605],[-4.8706,36.36618],[-4.8704,36.36625],[-4.87,36.36637],[-4.8698,36.36643],[-4.8694,36.36656],[-4.8692,36.36663],[-4.8688,36.36677],[-4.8686,36.36684],[-4.8682,36.36698],[-4.868,36.36705],[-4.8676,36.36718],[-4.8674,36.36724],[-4.867,36.36736],[-4.8668,36.36741],[-4.8664,36.36752],[-4.86609,36.3676],[-4.8658,36.36768],[-4.8654,36.36779],[-4.8652,36.36784],[-4.8648,36.36795],[-4.8646,36.368],[-4.8642,36.3681],[-4.86382,36.3682],[-4.8636,36.36826],[-4.8632,36.36836],[-4.863,36.36841],[-4.8626,36.36852],[-4.86232,36.3686],[-4.862,36.36869],[-4.8616,36.3688],[-4.8614,36.36883],[-4.861,36.36888],[-4.8606,36.36893],[-4.8602,36.36898],[-4.86,36.369],[-4.8596,36.36905],[-4.8592,36.3691],[-4.8588,36.36914],[-4.8584,36.36919],[-4.8582,36.36921],[-4.8578,36.36926],[-4.8574,36.36931],[-4.857,36.36936],[-4.85669,36.3694],[-4.8564,36.36944],[-4.856,36.36949],[-4.8556,36.36958],[-4.8554,36.36963],[-4.855,36.36974],[-4.85479,36.3698],[-4.8544,36.3699],[-4.854,36.37],[-4.8538,36.37005],[-4.8534,36.37016],[-4.8532,36.37021],[-4.8528,36.37032],[-4.8525,36.3704],[-4.8522,36.37048],[-4.8518,36.37059],[-4.8516,36.37064],[-4.8512,36.37075],[-4.85099,36.3708],[-4.8506,36.3709],[-4.8502,36.37099],[-4.85,36.37103],[-4.8496,36.37111],[-4.8492,36.37119],[-4.849,36.37123],[-4.8486,36.3713],[-4.8482,36.37138],[-4.848,36.37142],[-4.8476,36.37149],[-4.8472,36.37157],[-4.847,36.3716],[-4.8466,36.37168],[-4.8462,36.37175],[-4.84591,36.3718],[-4.8456,36.37186],[-4.8452,36.37193],[-4.8448,36.372],[-4.8446,36.37204],[-4.8442,36.37213],[-4.84388,36.3722],[-4.8436,36.37227],[-4.8432,36.37236],[-4.843,36.3724],[-4.8426,36.37249],[-4.8422,36.37257],[-4.842,36.37262],[-4.8416,36.3727],[-4.8412,36.37279],[-4.841,36.37283],[-4.8406,36.37292],[-4.84028,36.373],[-4.84,36.37305],[-4.8396,36.37314],[-4.83935,36.3732],[-4.839,36.37326],[-4.8386,36.37333],[-4.8382,36.37339],[-4.838,36.37342],[-4.8376,36.37347],[-4.8372,36.37353],[-4.8368,36.37358],[-4.8366,36.37361],[-4.8362,36.37366],[-4.8358,36.37372],[-4.8354,36.37378],[-4.8352,36.37381],[-4.8348,36.37388],[-4.8344,36.37396],[-4.83417,36.374],[-4.8338,36.37407],[-4.8334,36.37414],[-4.83308,36.3742],[-4.8328,36.37425],[-4.8324,36.37432],[-4.832,36.37439],[-4.8318,36.37442],[-4.8314,36.37449],[-4.831,36.37457],[-4.8308,36.37461],[-4.8304,36.37469],[-4.83,36.37478],[-4.8298,36.37482],[-4.8294,36.3749],[-4.829,36.37499],[-4.8288,36.37502],[-4.8284,36.3751],[-4.828,36.37518],[-4.8278,36.3752],[-4.8274,36.37525],[-4.827,36.37529],[-4.8266,36.37534],[-4.8262,36.37538],[-4.826,36.3754],[-4.8256,36.37545],[-4.8252,36.3755],[-4.8248,36.37555],[-4.8244,36.37559],[-4.8242,36.37562],[-4.8238,36.37566],[-4.8234,36.37571],[-4.823,36.37576],[-4.82267,36.3758],[-4.8224,36.37583],[-4.822,36.3759],[-4.8216,36.37598],[-4.8214,36.37601],[-4.821,36.37608],[-4.8206,36.37614],[-4.82026,36.3762],[-4.82,36.37624],[-4.8196,36.37631],[-4.8192,36.37637],[-4.819,36.3764],[-4.8186,36.37647],[-4.8182,36.37653],[-4.8178,36.3766],[-4.8176,36.37664],[-4.8172,36.37672],[-4.81685,36.3768],[-4.8166,36.37683],[-4.8162,36.37687],[-4.8158,36.3769],[-4.8154,36.37694],[-4.815,36.37697],[-4.81467,36.377],[-4.8144,36.37702],[-4.814,36.37706],[-4.8136,36.37709],[-4.8132,36.37712],[-4.8128,36.37715],[-4.8124,36.37719],[-4.8122,36.3772],[-4.8118,36.37724],[-4.8114,36.37727],[-4.811,36.3773],[-4.8106,36.37733],[-4.8102,36.37736],[-4.8098,36.37739],[-4.8096,36.37741],[-4.8092,36.37744],[-4.8088,36.37747],[-4.8084,36.3775],[-4.808,36.37753],[-4.8076,36.37755],[-4.8072,36.37758],[-4.80696,36.3776],[-4.8066,36.37763],[-4.8062,36.37765],[-4.8058,36.37769],[-4.8054,36.37776],[-4.8052,36.37781],[-4.8048,36.3779],[-4.8044,36.37799],[-4.8042,36.37804],[-4.8038,36.37813],[-4.80345,36.3782],[-4.8032,36.37824],[-4.8028,36.37831],[-4.8024,36.37838],[-4.8022,36.37841],[-4.8018,36.37848],[-4.8014,36.37854],[-4.80106,36.3786],[-4.8008,36.37864],[-4.8004,36.37871],[-4.8,36.37877],[-4.79979,36.3788],[-4.7994,36.37885],[-4.799,36.3789],[-4.7986,36.37895],[-4.79824,36.379],[-4.798,36.37903],[-4.7976,36.37908],[-4.7972,36.37913],[-4.7968,36.37917],[-4.79658,36.3792],[-4.7962,36.37925],[-4.7958,36.37929],[-4.7954,36.37934],[-4.795,36.37939],[-4.7948,36.37941],[-4.7944,36.37944],[-4.794,36.37945],[-4.7936,36.37946],[-4.7932,36.37947],[-4.7928,36.37947],[-4.7924,36.37948],[-4.792,36.37949],[-4.7916,36.3795],[-4.7912,36.37951],[-4.7908,36.37952],[-4.7904,36.37953],[-4.79,36.37955],[-4.7896,36.37959],[-4.7894,36.37962],[-4.789,36.37972],[-4.7886,36.37978],[-4.7884,36.3798],[-4.788,36.37986],[-4.7876,36.37992],[-4.7872,36.37997],[-4.78699,36.38],[-4.7866,36.38006],[-4.7862,36.38013],[-4.7858,36.38018],[-4.7856,36.38022],[-4.7852,36.38029],[-4.7848,36.38036],[-4.78453,36.3804],[-4.7842,36.38046],[-4.7838,36.38053],[-4.7834,36.38059],[-4.7832,36.38062],[-4.7828,36.38066],[-4.7824,36.38068],[-4.782,36.3807],[-4.7816,36.38072],[-4.7812,36.38074],[-4.7808,36.38075],[-4.7804,36.38077],[-4.78,36.38079],[-4.77977,36.3808],[-4.7794,36.38082],[-4.779,36.38084],[-4.7786,36.38086],[-4.7782,36.38087],[-4.7778,36.38089],[-4.7774,36.38092],[-4.777,36.38094],[-4.7766,36.38096],[-4.7762,36.38098],[-4.77584,36.381],[-4.7756,36.38101],[-4.7752,36.38104],[-4.7748,36.38107],[-4.7744,36.38113],[-4.774,36.3812],[-4.7738,36.38124],[-4.7734,36.38132],[-4.773,36.3814],[-4.7728,36.38144],[-4.7724,36.38151],[-4.772,36.38155],[-4.7716,36.38157],[-4.7712,36.38159],[-4.77086,36.3816],[-4.7706,36.38161],[-4.7702,36.38163],[-4.7698,36.38165],[-4.7694,36.38166],[-4.769,36.38168],[-4.7686,36.3817],[-4.7682,36.38172],[-4.7678,36.38174],[-4.7674,36.38177],[-4.767,36.38179],[-4.7668,36.38181],[-4.7664,36.38189],[-4.766,36.38198],[-4.7658,36.38204],[-4.7654,36.38217],[-4.7652,36.38223],[-4.7648,36.38235],[-4.7646,36.38241],[-4.7642,36.38253],[-4.76395,36.3826],[-4.7636,36.38268],[-4.7632,36.38272],[-4.7628,36.38274],[-4.7624,36.38276],[-4.762,36.38277],[-4.7616,36.38278],[-4.7612,36.38279],[-4.761,36.38281],[-4.7606,36.38289],[-4.7602,36.38296],[-4.75999,36.383],[-4.7596,36.38307],[-4.7592,36.38315],[-4.75894,36.3832],[-4.7586,36.38327],[-4.7582,36.38334],[-4.75791,36.3834],[-4.7576,36.38346],[-4.7572,36.38354],[-4.75692,36.3836],[-4.7566,36.38367],[-4.7562,36.38376],[-4.756,36.3838],[-4.7556,36.38389],[-4.7552,36.38396],[-4.75496,36.384],[-4.7546,36.38406],[-4.7542,36.38413],[-4.7538,36.3842],[-4.7536,36.38423],[-4.7532,36.3843],[-4.7528,36.38436],[-4.75258,36.3844],[-4.7522,36.38447],[-4.7518,36.38454],[-4.75147,36.3846],[-4.7512,36.38464],[-4.7508,36.3847],[-4.7504,36.38475],[-4.75,36.38479],[-4.7496,36.38476],[-4.7492,36.38473],[-4.7488,36.3847],[-4.7484,36.38467],[-4.748,36.38464],[-4.7476,36.3846],[-4.7474,36.38459],[-4.747,36.38457],[-4.7466,36.38454],[-4.7462,36.38452],[-4.7458,36.3845],[-4.7454,36.38448],[-4.745,36.38446],[-4.7446,36.38444],[-4.7442,36.38446],[-4.7438,36.38452],[-4.7434,36.38458],[-4.7432,36.38462],[-4.7428,36.38469],[-4.7424,36.38477],[-4.7422,36.38481],[-4.7418,36.38489],[-4.7414,36.38497],[-4.7412,36.38501],[-4.7408,36.38509],[-4.7404,36.38517],[-4.7402,36.38521],[-4.7398,36.38529],[-4.7394,36.38537],[-4.7392,36.38541],[-4.7388,36.38549],[-4.7384,36.38551],[-4.738,36.38554],[-4.7376,36.38556],[-4.7372,36.38558],[-4.7368,36.3856],[-4.7366,36.38561],[-4.7362,36.38563],[-4.7358,36.38565],[-4.7354,36.38566],[-4.735,36.38568],[-4.7346,36.3857],[-4.7342,36.38571],[-4.7338,36.38573],[-4.7334,36.38575],[-4.733,36.38574],[-4.7326,36.38571],[-4.7322,36.38567],[-4.7318,36.38564],[-4.7314,36.38561],[-4.7312,36.3856],[-4.7308,36.38556],[-4.7304,36.38553],[-4.73,36.3855],[-4.7296,36.38547],[-4.7292,36.38544],[-4.7288,36.38541],[-4.7286,36.38539],[-4.7282,36.38536],[-4.7278,36.38534],[-4.7274,36.38533],[-4.727,36.38533],[-4.7266,36.38534],[-4.7262,36.38534],[-4.7258,36.38535],[-4.7254,36.38535],[-4.725,36.38536],[-4.7246,36.38537],[-4.7242,36.38537],[-4.7238,36.38538],[-4.7234,36.38539],[-4.723,36.38539],[-4.72261,36.3854],[-4.7224,36.3854],[-4.722,36.38542],[-4.7216,36.38548],[-4.7212,36.38556],[-4.72096,36.3856],[-4.7206,36.38565],[-4.7202,36.38568],[-4.72,36.3857]]}},{"type":"Feature","properties":{"prof":400,"principal":false},"geometry":{"type":"LineString","coordinates":[[-4.98035,36.3],[-4.98,36.30015],[-4.9798,36.30024],[-4.97944,36.3004],[-4.9792,36.3005],[-4.97894,36.3006],[-4.9786,36.30075],[-4.9784,36.30087],[-4.97818,36.301],[-4.97784,36.3012],[-4.9776,36.30135],[-4.9774,36.30146],[-4.97717,36.3016],[-4.9768,36.30178],[-4.9766,36.30188],[-4.97638,36.302],[-4.9762,36.3024],[-4.976,36.30245],[-4.9756,36.30256],[-4.9754,36.30261],[-4.975,36.30274],[-4.9748,36.30283],[-4.97445,36.303],[-4.9742,36.30312],[-4.974,36.30322],[-4.9736,36.30339],[-4.97334,36.3032],[-4.97311,36.303],[-4.97291,36.303],[-4.9726,36.30319],[-4.9724,36.30332],[-4.9722,36.30345],[-4.97195,36.3036],[-4.97165,36.3038],[-4.9714,36.30397],[-4.9712,36.3041],[-4.971,36.30422],[-4.97069,36.3044],[-4.9704,36.30457],[-4.9702,36.3047],[-4.97,36.30483],[-4.96973,36.305],[-4.96942,36.3052],[-4.9692,36.30533],[-4.969,36.30546],[-4.96877,36.3056],[-4.96845,36.3058],[-4.9682,36.30595],[-4.968,36.30604],[-4.96785,36.3058],[-4.96776,36.3056],[-4.96762,36.3052],[-4.96745,36.305],[-4.96721,36.305],[-4.967,36.30509],[-4.96674,36.3052],[-4.9664,36.30533],[-4.9662,36.30541],[-4.9658,36.30558],[-4.9656,36.30566],[-4.9652,36.3058],[-4.965,36.30587],[-4.96464,36.306],[-4.9644,36.30608],[-4.96407,36.3062],[-4.9638,36.3063],[-4.96352,36.3064],[-4.9632,36.30652],[-4.96299,36.3066],[-4.9626,36.30675],[-4.9624,36.30683],[-4.962,36.30697],[-4.9618,36.30704],[-4.9614,36.30717],[-4.9612,36.30724],[-4.9608,36.30738],[-4.9606,36.30744],[-4.9602,36.30756],[-4.96,36.30763],[-4.9596,36.30775],[-4.9594,36.30781],[-4.959,36.30793],[-4.95877,36.308],[-4.9584,36.30811],[-4.95811,36.3082],[-4.9578,36.3083],[-4.95749,36.3084],[-4.9572,36.30849],[-4.95687,36.3086],[-4.9566,36.30868],[-4.95624,36.3088],[-4.956,36.30889],[-4.95571,36.309],[-4.9554,36.30913],[-4.9552,36.30921],[-4.9548,36.30938],[-4.9546,36.30947],[-4.95428,36.3096],[-4.954,36.30971],[-4.95377,36.3098],[-4.9534,36.30995],[-4.9532,36.31003],[-4.9528,36.31019],[-4.9526,36.31028],[-4.95231,36.3104],[-4.952,36.31053],[-4.9518,36.31061],[-4.9514,36.31077],[-4.9512,36.31085],[-4.95083,36.311],[-4.9506,36.31112],[-4.9504,36.31123],[-4.9501,36.3114],[-4.9498,36.31155],[-4.9496,36.31166],[-4.94932,36.3118],[-4.949,36.31198],[-4.9488,36.31209],[-4.9486,36.3122],[-4.9482,36.3124],[-4.948,36.31249],[-4.94776,36.3126],[-4.9474,36.31278],[-4.9472,36.31288],[-4.94695,36.313],[-4.9466,36.31318],[-4.9464,36.31327],[-4.94613,36.3134],[-4.9458,36.31356],[-4.9456,36.31366],[-4.94532,36.3138],[-4.94509,36.314],[-4.94492,36.3142],[-4.94476,36.3144],[-4.9446,36.3146],[-4.9444,36.31487],[-4.9442,36.31513],[-4.94419,36.3154],[-4.94439,36.3156],[-4.94427,36.316],[-4.94418,36.3162],[-4.944,36.3166],[-4.94392,36.3168],[-4.94392,36.3172],[-4.94408,36.3174],[-4.94403,36.3178],[-4.94397,36.318],[-4.94387,36.3184],[-4.94395,36.3188],[-4.94395,36.3192],[-4.9439,36.3196],[-4.94385,36.32],[-4.94385,36.3204],[-4.94391,36.3208],[-4.94392,36.3212],[-4.94393,36.3216],[-4.944,36.32192],[-4.94413,36.3222],[-4.94424,36.3224],[-4.9444,36.32271],[-4.94455,36.323],[-4.94465,36.3232],[-4.94474,36.3236],[-4.9448,36.324],[-4.94484,36.3242],[-4.94493,36.3246],[-4.945,36.32493],[-4.94506,36.3252],[-4.945,36.32551],[-4.945,36.32562],[-4.9452,36.3259],[-4.94532,36.3262],[-4.9454,36.3264],[-4.94555,36.3268],[-4.94562,36.327],[-4.94574,36.3274],[-4.9456,36.3278],[-4.94546,36.328],[-4.94531,36.3282],[-4.94509,36.3284],[-4.9448,36.32857],[-4.9446,36.32868],[-4.94438,36.3288],[-4.94405,36.329],[-4.9438,36.32915],[-4.9436,36.3293],[-4.9434,36.32947],[-4.9432,36.32964],[-4.943,36.3298],[-4.9428,36.33],[-4.9426,36.33025],[-4.9424,36.33049],[-4.9422,36.33071],[-4.942,36.33087],[-4.94178,36.331],[-4.94145,36.3312],[-4.9412,36.33133],[-4.941,36.33144],[-4.94072,36.3316],[-4.9404,36.33179],[-4.9402,36.33191],[-4.94,36.33206],[-4.93972,36.3322],[-4.93959,36.3322],[-4.9394,36.33187],[-4.93926,36.3316],[-4.93915,36.3314],[-4.939,36.33114],[-4.93883,36.3308],[-4.93873,36.3306],[-4.9386,36.33032],[-4.93846,36.33],[-4.93837,36.3298],[-4.9382,36.32943],[-4.93809,36.3292],[-4.938,36.329],[-4.9378,36.32863],[-4.93767,36.3284],[-4.93757,36.3282],[-4.9374,36.3279],[-4.93725,36.3276],[-4.93718,36.3274],[-4.937,36.327],[-4.93685,36.3268],[-4.93671,36.3266],[-4.9366,36.32636],[-4.93651,36.326],[-4.9364,36.3256],[-4.9362,36.32543],[-4.936,36.32531],[-4.9358,36.32519],[-4.93551,36.325],[-4.93541,36.3246],[-4.93537,36.3244],[-4.93528,36.324],[-4.9352,36.32372],[-4.9351,36.3234],[-4.935,36.32308],[-4.93491,36.3228],[-4.9348,36.32256],[-4.93463,36.3222],[-4.93454,36.322],[-4.9344,36.32167],[-4.93428,36.3214],[-4.93418,36.3212],[-4.9338,36.32103],[-4.9336,36.32098],[-4.9332,36.3209],[-4.9328,36.32081],[-4.9326,36.32077],[-4.9322,36.32069],[-4.9318,36.32062],[-4.9316,36.32058],[-4.9312,36.3205],[-4.9308,36.32042],[-4.9306,36.32038],[-4.9302,36.32024],[-4.93,36.32011],[-4.9298,36.31996],[-4.92959,36.3198],[-4.92931,36.3196],[-4.92905,36.3194],[-4.9288,36.31926],[-4.9286,36.31911],[-4.9284,36.31896],[-4.92801,36.319],[-4.9278,36.31903],[-4.9274,36.3191],[-4.927,36.31917],[-4.9268,36.3192],[-4.9264,36.31927],[-4.926,36.31934],[-4.92568,36.3194],[-4.9254,36.31945],[-4.925,36.31952],[-4.9246,36.31959],[-4.9244,36.31962],[-4.924,36.31969],[-4.9236,36.31975],[-4.92331,36.3198],[-4.923,36.31985],[-4.9226,36.31996],[-4.9224,36.32002],[-4.922,36.32015],[-4.9218,36.32021],[-4.9214,36.32034],[-4.9212,36.3204],[-4.9208,36.32052],[-4.92053,36.3206],[-4.9202,36.3207],[-4.91986,36.3208],[-4.9196,36.32088],[-4.91922,36.321],[-4.919,36.32107],[-4.91861,36.3212],[-4.9184,36.32127],[-4.918,36.3214],[-4.9178,36.32146],[-4.9174,36.32158],[-4.9172,36.32166],[-4.91684,36.3218],[-4.9166,36.3219],[-4.91634,36.322],[-4.916,36.32214],[-4.9158,36.32222],[-4.9154,36.32237],[-4.9152,36.32244],[-4.9148,36.3226],[-4.9146,36.32268],[-4.9143,36.3228],[-4.914,36.32292],[-4.9138,36.32301],[-4.9134,36.32315],[-4.9132,36.32321],[-4.9128,36.32334],[-4.9126,36.3234],[-4.9122,36.32353],[-4.912,36.3236],[-4.9116,36.32373],[-4.91136,36.3238],[-4.911,36.32391],[-4.9107,36.324],[-4.9104,36.32408],[-4.91,36.32419],[-4.9098,36.32425],[-4.9094,36.32436],[-4.9092,36.32442],[-4.9088,36.32454],[-4.9086,36.3246],[-4.9082,36.32472],[-4.90793,36.3248],[-4.9076,36.32489],[-4.90723,36.325],[-4.907,36.32506],[-4.9066,36.32517],[-4.9064,36.32523],[-4.906,36.32535],[-4.9058,36.32541],[-4.9054,36.32554],[-4.9052,36.3256],[-4.9048,36.32573],[-4.90456,36.3258],[-4.9042,36.32591],[-4.90388,36.326],[-4.9036,36.32608],[-4.90321,36.3262],[-4.903,36.32627],[-4.9026,36.3264],[-4.9024,36.32647],[-4.90208,36.3266],[-4.9018,36.32671],[-4.90156,36.3268],[-4.9012,36.32693],[-4.901,36.32701],[-4.9006,36.32716],[-4.9004,36.32725],[-4.9,36.3274],[-4.8998,36.32746],[-4.8994,36.32757],[-4.8992,36.32763],[-4.8988,36.32774],[-4.8986,36.3278],[-4.8982,36.32791],[-4.8979,36.328],[-4.8976,36.32809],[-4.89725,36.3282],[-4.897,36.32828],[-4.8966,36.32839],[-4.8964,36.32844],[-4.896,36.32855],[-4.89579,36.3286],[-4.8954,36.32869],[-4.895,36.32879],[-4.8948,36.32886],[-4.8944,36.329],[-4.8942,36.32907],[-4.89381,36.3292],[-4.8936,36.32927],[-4.89323,36.3294],[-4.893,36.32948],[-4.89261,36.3296],[-4.8924,36.32967],[-4.892,36.3298],[-4.8918,36.32987],[-4.8914,36.33],[-4.8912,36.33007],[-4.89081,36.3302],[-4.8906,36.33027],[-4.8902,36.3304],[-4.89,36.33046],[-4.8896,36.33058],[-4.8894,36.33065],[-4.889,36.33077],[-4.8888,36.33083],[-4.8884,36.33095],[-4.8882,36.33101],[-4.8878,36.33113],[-4.88755,36.3312],[-4.8872,36.3313],[-4.88685,36.3314],[-4.8866,36.33147],[-4.8862,36.33159],[-4.886,36.33165],[-4.8856,36.33178],[-4.8854,36.33184],[-4.885,36.33195],[-4.8848,36.33201],[-4.8844,36.33211],[-4.88407,36.3322],[-4.8838,36.33227],[-4.8834,36.3324],[-4.8832,36.33247],[-4.88284,36.3326],[-4.8826,36.33269],[-4.88228,36.3328],[-4.882,36.33289],[-4.88167,36.333],[-4.8814,36.33308],[-4.881,36.3332],[-4.8808,36.33326],[-4.8804,36.33338],[-4.8802,36.33344],[-4.8798,36.33357],[-4.8796,36.33363],[-4.8792,36.33377],[-4.879,36.33384],[-4.8786,36.33396],[-4.8784,36.33401],[-4.878,36.33411],[-4.8776,36.3342],[-4.8774,36.33425],[-4.877,36.33435],[-4.87677,36.3344],[-4.8764,36.33449],[-4.876,36.33459],[-4.8758,36.33464],[-4.8754,36.33474],[-4.87515,36.3348],[-4.8748,36.33488],[-4.8744,36.33497],[-4.8742,36.33502],[-4.8738,36.33512],[-4.87346,36.3352],[-4.8732,36.33526],[-4.8728,36.33537],[-4.8726,36.33543],[-4.8722,36.33557],[-4.872,36.33564],[-4.8716,36.33578],[-4.8714,36.33584],[-4.871,36.33597],[-4.8708,36.33603],[-4.8704,36.33617],[-4.8702,36.33624],[-4.8698,36.33638],[-4.8696,36.33645],[-4.8692,36.33658],[-4.869,36.33665],[-4.8686,36.33678],[-4.8684,36.33684],[-4.868,36.33697],[-4.8678,36.33704],[-4.8674,36.33718],[-4.8672,36.33725],[-4.8668,36.33737],[-4.8666,36.33743],[-4.8662,36.33754],[-4.866,36.3376],[-4.8656,36.33771],[-4.86529,36.3378],[-4.865,36.33788],[-4.8646,36.338],[-4.8644,36.33806],[-4.864,36.33818],[-4.8638,36.33824],[-4.8634,36.33836],[-4.8632,36.33841],[-4.8628,36.33849],[-4.8624,36.33857],[-4.8622,36.33861],[-4.8618,36.33869],[-4.8614,36.33876],[-4.86113,36.3388],[-4.8608,36.33886],[-4.8604,36.33892],[-4.86,36.33899],[-4.8598,36.33903],[-4.8594,36.33912],[-4.8591,36.3392],[-4.8588,36.33929],[-4.8584,36.3394],[-4.8582,36.33946],[-4.8578,36.33956],[-4.8576,36.33962],[-4.8572,36.33974],[-4.857,36.3398],[-4.8566,36.33992],[-4.85633,36.34],[-4.856,36.3401],[-4.85571,36.3402],[-4.8554,36.34031],[-4.85513,36.3404],[-4.8548,36.34052],[-4.85457,36.3406],[-4.8542,36.34074],[-4.854,36.34081],[-4.8536,36.34096],[-4.8534,36.34103],[-4.853,36.34117],[-4.8528,36.34123],[-4.8524,36.34132],[-4.85205,36.3414],[-4.8518,36.34146],[-4.8514,36.34155],[-4.85119,36.3416],[-4.8508,36.34169],[-4.8504,36.3418],[-4.8502,36.34187],[-4.84986,36.342],[-4.8496,36.34209],[-4.84928,36.3422],[-4.849,36.3423],[-4.84869,36.3424],[-4.8484,36.34249],[-4.84808,36.3426],[-4.8478,36.34269],[-4.84748,36.3428],[-4.8472,36.34291],[-4.84698,36.343],[-4.8466,36.34316],[-4.8464,36.34325],[-4.846,36.3434],[-4.8458,36.34346],[-4.8454,36.34358],[-4.8452,36.34364],[-4.8448,36.34376],[-4.8446,36.34382],[-4.8442,36.34393],[-4.84398,36.344],[-4.8436,36.34411],[-4.84326,36.3442],[-4.843,36.34426],[-4.8426,36.34434],[-4.84234,36.3444],[-4.842,36.34448],[-4.8416,36.34457],[-4.8414,36.34461],[-4.841,36.3447],[-4.8406,36.34479],[-4.8404,36.34483],[-4.84,36.34493],[-4.83966,36.345],[-4.8394,36.34505],[-4.839,36.34513],[-4.8386,36.3452],[-4.8384,36.34524],[-4.838,36.34531],[-4.8376,36.34539],[-4.8374,36.34542],[-4.837,36.3455],[-4.8366,36.34557],[-4.8364,36.3456],[-4.836,36.34567],[-4.8356,36.34574],[-4.83528,36.3458],[-4.835,36.34585],[-4.8346,36.34592],[-4.8342,36.346],[-4.834,36.34604],[-4.8336,36.34612],[-4.83327,36.3462],[-4.833,36.34627],[-4.8326,36.34636],[-4.8324,36.34641],[-4.832,36.34651],[-4.83161,36.3466],[-4.8314,36.34665],[-4.831,36.34674],[-4.83075,36.3468],[-4.8304,36.34689],[-4.83,36.34698],[-4.8298,36.34703],[-4.8294,36.34713],[-4.82914,36.3472],[-4.8288,36.34728],[-4.8284,36.34738],[-4.8282,36.34743],[-4.8278,36.34749],[-4.8274,36.34755],[-4.82707,36.3476],[-4.8268,36.34765],[-4.8264,36.34772],[-4.826,36.34778],[-4.8258,36.34782],[-4.8254,36.34789],[-4.825,36.34796],[-4.82478,36.348],[-4.8244,36.34807],[-4.824,36.34814],[-4.82365,36.3482],[-4.8234,36.34824],[-4.823,36.34831],[-4.8226,36.34838],[-4.8224,36.34841],[-4.822,36.34847],[-4.8216,36.34855],[-4.8214,36.3486],[-4.821,36.34871],[-4.8207,36.3488],[-4.8204,36.34888],[-4.82,36.34898],[-4.8198,36.34903],[-4.8194,36.34913],[-4.81913,36.3492],[-4.8188,36.34928],[-4.8184,36.34936],[-4.8182,36.34941],[-4.8178,36.3495],[-4.8174,36.34959],[-4.8172,36.34963],[-4.8168,36.34972],[-4.81647,36.3498],[-4.8162,36.34986],[-4.8158,36.34995],[-4.81558,36.35],[-4.8152,36.35007],[-4.8148,36.35015],[-4.81451,36.3502],[-4.8142,36.35026],[-4.8138,36.35033],[-4.81344,36.3504],[-4.8132,36.35045],[-4.8128,36.35053],[-4.81247,36.3506],[-4.8122,36.35066],[-4.8118,36.35073],[-4.81143,36.3508],[-4.8112,36.35085],[-4.8108,36.35096],[-4.8106,36.35101],[-4.8102,36.35111],[-4.80985,36.3512],[-4.8096,36.35127],[-4.8092,36.35137],[-4.809,36.35143],[-4.8086,36.35154],[-4.80837,36.3516],[-4.808,36.3517],[-4.80763,36.3518],[-4.8074,36.35185],[-4.807,36.35194],[-4.8067,36.352],[-4.8064,36.35206],[-4.806,36.35214],[-4.80568,36.3522],[-4.8054,36.35224],[-4.805,36.3523],[-4.8046,36.35237],[-4.80437,36.3524],[-4.804,36.35246],[-4.8036,36.35252],[-4.8032,36.35258],[-4.803,36.35261],[-4.8026,36.35267],[-4.8022,36.35273],[-4.8018,36.3528],[-4.8016,36.35283],[-4.8012,36.3529],[-4.8008,36.35297],[-4.8006,36.353],[-4.8002,36.35308],[-4.7998,36.35318],[-4.7996,36.35323],[-4.7992,36.35334],[-4.79899,36.3534],[-4.7986,36.3535],[-4.7982,36.35359],[-4.798,36.35362],[-4.7976,36.35369],[-4.7972,36.35375],[-4.7969,36.3538],[-4.7966,36.35385],[-4.7962,36.35391],[-4.7958,36.35398],[-4.7956,36.35401],[-4.7952,36.35409],[-4.7948,36.35417],[-4.7946,36.35422],[-4.79426,36.3544],[-4.794,36.35454],[-4.7938,36.35464],[-4.79348,36.3548],[-4.7932,36.35495],[-4.793,36.35506],[-4.79269,36.3552],[-4.7924,36.35528],[-4.792,36.35538],[-4.7918,36.35543],[-4.7914,36.35552],[-4.79106,36.3556],[-4.7908,36.35567],[-4.7904,36.35577],[-4.7902,36.35583],[-4.7898,36.35598],[-4.7896,36.35605],[-4.7892,36.35615],[-4.78895,36.3562],[-4.7886,36.35629],[-4.78824,36.3564],[-4.788,36.35647],[-4.7876,36.35659],[-4.7874,36.35665],[-4.787,36.35678],[-4.7868,36.35684],[-4.7864,36.35697],[-4.7862,36.35704],[-4.7858,36.35717],[-4.7856,36.35723],[-4.7852,36.35734],[-4.78498,36.3574],[-4.7846,36.35749],[-4.7842,36.35759],[-4.784,36.35765],[-4.7836,36.35775],[-4.7834,36.35781],[-4.783,36.35794],[-4.7828,36.358],[-4.7824,36.35813],[-4.78217,36.3582],[-4.7818,36.35831],[-4.7815,36.3584],[-4.7812,36.3585],[-4.78088,36.3586],[-4.7806,36.3587],[-4.78034,36.3588],[-4.78,36.35893],[-4.7798,36.35901],[-4.7794,36.35915],[-4.7792,36.3592],[-4.7788,36.35929],[-4.7784,36.35938],[-4.7782,36.35942],[-4.7778,36.35952],[-4.77742,36.3596],[-4.7772,36.35965],[-4.7768,36.35974],[-4.77653,36.3598],[-4.7762,36.35987],[-4.7758,36.35995],[-4.77555,36.36],[-4.7752,36.36006],[-4.7748,36.36013],[-4.77443,36.3602],[-4.7742,36.36024],[-4.7738,36.36032],[-4.7734,36.3604],[-4.7732,36.36043],[-4.7728,36.36051],[-4.7724,36.36059],[-4.7722,36.36063],[-4.7718,36.36072],[-4.77143,36.3608],[-4.7712,36.36085],[-4.7708,36.36093],[-4.77045,36.361],[-4.7702,36.36105],[-4.7698,36.36114],[-4.76949,36.3612],[-4.7692,36.36126],[-4.7688,36.36135],[-4.76858,36.3614],[-4.7682,36.36148],[-4.7678,36.36157],[-4.7676,36.36162],[-4.7672,36.3617],[-4.7668,36.36179],[-4.7666,36.36183],[-4.7662,36.36193],[-4.7659,36.362],[-4.7656,36.36208],[-4.7652,36.36219],[-4.765,36.36225],[-4.7646,36.36237],[-4.7644,36.36243],[-4.764,36.36255],[-4.7638,36.36261],[-4.7634,36.36272],[-4.76307,36.3628],[-4.7628,36.36286],[-4.7624,36.36294],[-4.76211,36.363],[-4.7618,36.36307],[-4.7614,36.36315],[-4.76119,36.3632],[-4.7608,36.3633],[-4.7604,36.3634],[-4.7602,36.36346],[-4.7598,36.3636],[-4.7596,36.36365],[-4.7592,36.36376],[-4.759,36.36381],[-4.7586,36.36392],[-4.75829,36.364],[-4.758,36.36408],[-4.7576,36.36419],[-4.7574,36.36424],[-4.757,36.36435],[-4.7568,36.3644],[-4.7564,36.3645],[-4.75601,36.3646],[-4.7558,36.36465],[-4.7554,36.36479],[-4.7552,36.36488],[-4.75494,36.365],[-4.75462,36.3652],[-4.7544,36.36535],[-4.7542,36.36548],[-4.754,36.36561],[-4.75373,36.3658],[-4.75345,36.366],[-4.7532,36.36618],[-4.753,36.3663],[-4.7528,36.3664],[-4.7524,36.36657],[-4.7522,36.36666],[-4.7519,36.3668],[-4.7516,36.36694],[-4.7514,36.36704],[-4.75106,36.3672],[-4.7508,36.36732],[-4.7506,36.36741],[-4.75022,36.3676],[-4.75,36.36769],[-4.7496,36.36761],[-4.7494,36.36756],[-4.749,36.36746],[-4.74874,36.3674],[-4.7484,36.36732],[-4.748,36.36724],[-4.7478,36.36719],[-4.7474,36.3671],[-4.747,36.367],[-4.7468,36.36696],[-4.7464,36.36687],[-4.74611,36.3668],[-4.7458,36.36673],[-4.7454,36.36664],[-4.7452,36.3666],[-4.7448,36.36652],[-4.7444,36.36647],[-4.744,36.36653],[-4.7436,36.3666],[-4.7434,36.36663],[-4.743,36.36671],[-4.7426,36.36679],[-4.7424,36.36684],[-4.742,36.36694],[-4.74179,36.367],[-4.7414,36.3671],[-4.74104,36.3672],[-4.7408,36.36726],[-4.7404,36.36736],[-4.7402,36.36741],[-4.7398,36.36753],[-4.73953,36.3676],[-4.7392,36.36769],[-4.73881,36.3678],[-4.7386,36.36785],[-4.7382,36.36794],[-4.73794,36.368],[-4.7376,36.36807],[-4.7372,36.36814],[-4.73691,36.3682],[-4.7366,36.36826],[-4.7362,36.36834],[-4.73589,36.3684],[-4.7356,36.36846],[-4.7352,36.36854],[-4.73491,36.3686],[-4.7346,36.36867],[-4.7342,36.36875],[-4.73394,36.3688],[-4.7336,36.36886],[-4.7332,36.36893],[-4.73288,36.369],[-4.7326,36.36905],[-4.7322,36.36913],[-4.73187,36.3692],[-4.7316,36.36926],[-4.7312,36.36934],[-4.73091,36.3694],[-4.7306,36.36947],[-4.7302,36.36955],[-4.72999,36.3696],[-4.7296,36.3697],[-4.72923,36.3698],[-4.729,36.36986],[-4.7286,36.36995],[-4.7284,36.37],[-4.728,36.37011],[-4.72763,36.3702],[-4.7274,36.37026],[-4.727,36.37036],[-4.7268,36.37041],[-4.7264,36.37053],[-4.7262,36.3706],[-4.7258,36.37072],[-4.72555,36.3708],[-4.7252,36.37089],[-4.72481,36.371],[-4.7246,36.37106],[-4.7242,36.37118],[-4.724,36.37123],[-4.7236,36.37135],[-4.7234,36.37141],[-4.723,36.37152],[-4.72271,36.3716],[-4.7224,36.37168],[-4.722,36.37176],[-4.7216,36.37176],[-4.7212,36.37176],[-4.7208,36.37176],[-4.7204,36.37176],[-4.72,36.37176],[-4.72,36.37176]]}},{"type":"Feature","properties":{"prof":400,"principal":false},"geometry":{"type":"LineString","coordinates":[[-4.9452,36.33222],[-4.9454,36.33248],[-4.9455,36.3328],[-4.94554,36.3332],[-4.94557,36.3336],[-4.9456,36.33392],[-4.94563,36.3342],[-4.94566,36.3346],[-4.94569,36.335],[-4.94573,36.3354],[-4.94563,36.3358],[-4.94552,36.336],[-4.9454,36.33624],[-4.94522,36.3366],[-4.945,36.33679],[-4.94478,36.3366],[-4.94458,36.3364],[-4.94438,36.3362],[-4.94419,36.336],[-4.94397,36.3358],[-4.94365,36.3356],[-4.9434,36.33551],[-4.94312,36.3354],[-4.9428,36.33528],[-4.94259,36.3352],[-4.9422,36.33506],[-4.942,36.33498],[-4.9416,36.33484],[-4.9414,36.33475],[-4.94108,36.3346],[-4.9412,36.33424],[-4.9414,36.33407],[-4.9416,36.33389],[-4.9418,36.33365],[-4.9418,36.33355],[-4.9416,36.3334],[-4.94122,36.3332],[-4.941,36.33309],[-4.9408,36.33298],[-4.94047,36.3328],[-4.9402,36.33265],[-4.94,36.33254],[-4.93978,36.3324],[-4.94,36.33234],[-4.9404,36.33232],[-4.9408,36.3323],[-4.9412,36.33229],[-4.9416,36.33228],[-4.942,36.33227],[-4.9424,36.33226],[-4.9428,36.33225],[-4.9432,36.33224],[-4.9436,36.33224],[-4.944,36.33223],[-4.9444,36.33222],[-4.9448,36.33222],[-4.9452,36.33222],[-4.9452,36.33222]]}},{"type":"Feature","properties":{"prof":400,"principal":false},"geometry":{"type":"LineString","coordinates":[[-4.9452,36.33798],[-4.9454,36.33815],[-4.9456,36.33832],[-4.9458,36.33849],[-4.946,36.33873],[-4.94603,36.339],[-4.94599,36.3392],[-4.94587,36.3396],[-4.9458,36.33982],[-4.94568,36.3402],[-4.9456,36.34046],[-4.94549,36.3408],[-4.94552,36.3412],[-4.94561,36.3414],[-4.94578,36.3418],[-4.94586,36.342],[-4.94586,36.3424],[-4.94572,36.3426],[-4.94556,36.3428],[-4.9454,36.34301],[-4.9452,36.34325],[-4.945,36.34319],[-4.9448,36.34295],[-4.9446,36.34268],[-4.9444,36.3424],[-4.94439,36.3422],[-4.94446,36.342],[-4.9446,36.3416],[-4.94467,36.3414],[-4.94477,36.341],[-4.94465,36.3406],[-4.94458,36.3404],[-4.94445,36.34],[-4.94438,36.3398],[-4.94425,36.3394],[-4.94418,36.3392],[-4.94404,36.3388],[-4.9442,36.33848],[-4.9444,36.33835],[-4.94462,36.3382],[-4.94492,36.338],[-4.9452,36.33798],[-4.9452,36.33798]]}},{"type":"Feature","properties":{"prof":500,"principal":true},"geometry":{"type":"LineString","coordinates":[[-4.93316,36.3],[-4.9332,36.3003],[-4.93326,36.3006],[-4.93335,36.301],[-4.9333,36.3014],[-4.9332,36.30165],[-4.93305,36.302],[-4.93297,36.3022],[-4.9328,36.30258],[-4.93265,36.3028],[-4.93252,36.303],[-4.9324,36.30326],[-4.93229,36.3036],[-4.9322,36.30392],[-4.93212,36.3042],[-4.9319,36.3044],[-4.93162,36.3046],[-4.9314,36.30477],[-4.93122,36.305],[-4.9314,36.30525],[-4.9316,36.30549],[-4.9318,36.30576],[-4.9318,36.30583],[-4.9315,36.306],[-4.9312,36.3061],[-4.9309,36.3062],[-4.9306,36.3063],[-4.93031,36.3064],[-4.93,36.30651],[-4.92976,36.3066],[-4.9294,36.30673],[-4.9292,36.3068],[-4.9288,36.30697],[-4.9286,36.30701],[-4.9284,36.307],[-4.928,36.30682],[-4.9278,36.30672],[-4.92755,36.3066],[-4.9272,36.30644],[-4.927,36.30635],[-4.92667,36.3062],[-4.9264,36.30608],[-4.9262,36.30599],[-4.9258,36.30581],[-4.9256,36.30571],[-4.92539,36.3056],[-4.92516,36.3054],[-4.925,36.3052],[-4.9248,36.30494],[-4.9246,36.30467],[-4.9244,36.30446],[-4.9242,36.3043],[-4.924,36.30415],[-4.9238,36.30395],[-4.9236,36.30362],[-4.92346,36.3034],[-4.92334,36.3032],[-4.9232,36.30295],[-4.923,36.30269],[-4.92262,36.3028],[-4.9224,36.30288],[-4.92206,36.303],[-4.9218,36.30309],[-4.9215,36.3032],[-4.9212,36.3033],[-4.92092,36.3034],[-4.9206,36.30351],[-4.92032,36.3036],[-4.92,36.30372],[-4.91979,36.3038],[-4.9194,36.30399],[-4.9192,36.30409],[-4.91896,36.3042],[-4.9186,36.30436],[-4.9184,36.30445],[-4.91808,36.3046],[-4.9178,36.30474],[-4.9176,36.30483],[-4.91729,36.305],[-4.917,36.30517],[-4.9168,36.30528],[-4.91658,36.3054],[-4.91625,36.3056],[-4.916,36.30575],[-4.9158,36.30587],[-4.91557,36.306],[-4.91526,36.3062],[-4.915,36.30638],[-4.9148,36.30652],[-4.9146,36.30666],[-4.9144,36.3068],[-4.91408,36.307],[-4.9138,36.30717],[-4.9136,36.30729],[-4.9134,36.30742],[-4.91311,36.3076],[-4.9128,36.3078],[-4.9126,36.30792],[-4.9124,36.30803],[-4.91212,36.3082],[-4.9118,36.30839],[-4.9116,36.30847],[-4.91122,36.3086],[-4.911,36.30866],[-4.9106,36.30877],[-4.9104,36.30883],[-4.91,36.30893],[-4.90972,36.309],[-4.9094,36.30909],[-4.90901,36.3092],[-4.9088,36.30926],[-4.9084,36.30937],[-4.9082,36.30943],[-4.9078,36.30954],[-4.90759,36.3096],[-4.9072,36.30971],[-4.90683,36.3098],[-4.9066,36.30986],[-4.9062,36.30995],[-4.90596,36.31],[-4.9056,36.31007],[-4.9052,36.31016],[-4.905,36.31021],[-4.9046,36.31029],[-4.9042,36.31037],[-4.904,36.31042],[-4.9036,36.3105],[-4.9032,36.31058],[-4.903,36.31062],[-4.9026,36.3107],[-4.9022,36.31078],[-4.902,36.31083],[-4.9016,36.31094],[-4.90139,36.311],[-4.901,36.31112],[-4.90071,36.3112],[-4.9004,36.31129],[-4.9,36.3114],[-4.8998,36.31145],[-4.8994,36.31155],[-4.89919,36.3116],[-4.8988,36.3117],[-4.89842,36.3118],[-4.8982,36.31187],[-4.8978,36.312],[-4.8976,36.31207],[-4.89727,36.3122],[-4.897,36.3123],[-4.89672,36.3124],[-4.8964,36.31251],[-4.89614,36.3126],[-4.8958,36.31272],[-4.89556,36.3128],[-4.8952,36.31292],[-4.89498,36.313],[-4.8946,36.31314],[-4.8944,36.31322],[-4.894,36.31336],[-4.8938,36.31343],[-4.8934,36.31357],[-4.8932,36.31365],[-4.8928,36.3138],[-4.8926,36.31388],[-4.89227,36.314],[-4.892,36.31409],[-4.89169,36.3142],[-4.8914,36.3143],[-4.89109,36.3144],[-4.8908,36.3145],[-4.89052,36.3146],[-4.8902,36.31471],[-4.88996,36.3148],[-4.8896,36.31493],[-4.8894,36.315],[-4.889,36.31513],[-4.88879,36.3152],[-4.8884,36.31537],[-4.8882,36.31548],[-4.88798,36.3156],[-4.8876,36.31579],[-4.8874,36.31588],[-4.88713,36.316],[-4.8868,36.31614],[-4.8866,36.31622],[-4.8862,36.3164],[-4.886,36.31649],[-4.88575,36.3166],[-4.8854,36.31675],[-4.8852,36.31684],[-4.8848,36.317],[-4.8846,36.31708],[-4.88431,36.3172],[-4.884,36.31734],[-4.8838,36.31742],[-4.8834,36.31758],[-4.8832,36.31766],[-4.88284,36.3178],[-4.8826,36.31789],[-4.88232,36.318],[-4.882,36.31814],[-4.8818,36.31822],[-4.8814,36.3184],[-4.8812,36.31848],[-4.88093,36.3186],[-4.8806,36.31873],[-4.8804,36.31881],[-4.88,36.31896],[-4.8798,36.31904],[-4.8794,36.3192],[-4.8792,36.31927],[-4.87889,36.3194],[-4.8786,36.31953],[-4.8784,36.31962],[-4.878,36.31973],[-4.8777,36.3198],[-4.8774,36.31987],[-4.877,36.31997],[-4.8768,36.32002],[-4.8764,36.32013],[-4.8762,36.3202],[-4.87581,36.3204],[-4.8756,36.32051],[-4.8754,36.3206],[-4.875,36.32076],[-4.8748,36.32083],[-4.8744,36.32093],[-4.87416,36.321],[-4.8738,36.32112],[-4.8736,36.3212],[-4.8732,36.32139],[-4.873,36.32149],[-4.87274,36.3216],[-4.8724,36.32171],[-4.87212,36.3218],[-4.8718,36.3219],[-4.87149,36.322],[-4.8712,36.32209],[-4.87086,36.3222],[-4.8706,36.32228],[-4.8702,36.32239],[-4.87,36.32245],[-4.8696,36.32257],[-4.8694,36.32263],[-4.869,36.32276],[-4.8688,36.32282],[-4.8684,36.32294],[-4.8682,36.32301],[-4.8678,36.32313],[-4.86756,36.3232],[-4.8672,36.3233],[-4.8668,36.32338],[-4.8666,36.32341],[-4.8662,36.32349],[-4.8658,36.32356],[-4.8656,36.3236],[-4.8652,36.32367],[-4.8648,36.32373],[-4.8644,36.32379],[-4.8642,36.32383],[-4.8638,36.32389],[-4.8634,36.32395],[-4.8631,36.324],[-4.8628,36.32404],[-4.8624,36.3241],[-4.862,36.32416],[-4.86176,36.3242],[-4.8614,36.32427],[-4.861,36.32436],[-4.8608,36.32441],[-4.8604,36.32452],[-4.86016,36.3246],[-4.8598,36.32473],[-4.8596,36.3248],[-4.8592,36.32493],[-4.859,36.325],[-4.8586,36.32511],[-4.8583,36.3252],[-4.858,36.32529],[-4.85764,36.3254],[-4.8574,36.32547],[-4.857,36.3256],[-4.8568,36.32566],[-4.8564,36.32578],[-4.8562,36.32584],[-4.8558,36.32599],[-4.8556,36.32607],[-4.85529,36.3262],[-4.855,36.32632],[-4.8548,36.32642],[-4.85451,36.3266],[-4.85426,36.3268],[-4.854,36.32696],[-4.8538,36.32708],[-4.85359,36.3272],[-4.8532,36.3274],[-4.853,36.3275],[-4.8528,36.32761],[-4.85241,36.3278],[-4.8522,36.32795],[-4.852,36.32811],[-4.8518,36.32829],[-4.8516,36.32846],[-4.8514,36.32862],[-4.85118,36.3288],[-4.85094,36.329],[-4.85071,36.3292],[-4.85047,36.3294],[-4.8502,36.32958],[-4.85,36.32968],[-4.84974,36.3298],[-4.8494,36.32992],[-4.84917,36.33],[-4.8488,36.33013],[-4.84859,36.3302],[-4.8482,36.33033],[-4.84798,36.3304],[-4.8476,36.33053],[-4.84736,36.3306],[-4.847,36.33073],[-4.84678,36.3308],[-4.8464,36.33094],[-4.8462,36.33101],[-4.8458,36.33114],[-4.8456,36.33121],[-4.8452,36.3313],[-4.8448,36.33136],[-4.8444,36.33134],[-4.844,36.33132],[-4.8436,36.33131],[-4.8432,36.33129],[-4.8428,36.33128],[-4.8424,36.33126],[-4.842,36.33125],[-4.8416,36.33124],[-4.8412,36.33122],[-4.8408,36.33121],[-4.8406,36.3312],[-4.8402,36.33118],[-4.8398,36.33116],[-4.8394,36.33115],[-4.8392,36.33121],[-4.8388,36.33134],[-4.8386,36.33141],[-4.8382,36.33154],[-4.838,36.3316],[-4.8376,36.33174],[-4.8374,36.3318],[-4.837,36.33194],[-4.8368,36.33201],[-4.8364,36.33214],[-4.8362,36.33221],[-4.8358,36.33233],[-4.83559,36.3324],[-4.8352,36.33254],[-4.835,36.33261],[-4.8346,36.33276],[-4.8344,36.33283],[-4.834,36.33298],[-4.8338,36.33305],[-4.8334,36.33313],[-4.833,36.33315],[-4.8326,36.33317],[-4.8322,36.33319],[-4.832,36.33321],[-4.8316,36.33323],[-4.8312,36.33326],[-4.8308,36.33329],[-4.8304,36.33333],[-4.83,36.33337],[-4.8298,36.3334],[-4.8294,36.33345],[-4.829,36.33351],[-4.8286,36.33356],[-4.82833,36.3336],[-4.828,36.33371],[-4.8278,36.33382],[-4.82746,36.334],[-4.8272,36.33413],[-4.827,36.33423],[-4.82665,36.3344],[-4.8264,36.33448],[-4.826,36.33459],[-4.8258,36.33465],[-4.8254,36.33477],[-4.8252,36.33482],[-4.8248,36.33493],[-4.82455,36.335],[-4.8242,36.3351],[-4.82383,36.3352],[-4.8236,36.33527],[-4.8232,36.33538],[-4.823,36.33544],[-4.8226,36.33556],[-4.8224,36.33561],[-4.822,36.33575],[-4.8218,36.33582],[-4.8214,36.33595],[-4.8212,36.33602],[-4.8208,36.33616],[-4.8206,36.33623],[-4.8202,36.33638],[-4.82,36.33645],[-4.8196,36.33659],[-4.8194,36.33666],[-4.819,36.33679],[-4.8188,36.33686],[-4.8184,36.33699],[-4.8182,36.33707],[-4.81785,36.3372],[-4.8176,36.3373],[-4.81734,36.3374],[-4.817,36.33751],[-4.8166,36.33759],[-4.8164,36.33762],[-4.816,36.33769],[-4.8156,36.33777],[-4.8154,36.3378],[-4.815,36.33788],[-4.8146,36.33795],[-4.81435,36.338],[-4.814,36.33806],[-4.8136,36.33812],[-4.8132,36.33818],[-4.813,36.33821],[-4.8126,36.33827],[-4.8122,36.33833],[-4.8118,36.33839],[-4.8116,36.33842],[-4.8112,36.33849],[-4.8108,36.33859],[-4.8106,36.33864],[-4.8102,36.33874],[-4.80994,36.3388],[-4.8096,36.33889],[-4.8092,36.33899],[-4.809,36.33905],[-4.8086,36.33915],[-4.8084,36.3392],[-4.808,36.33929],[-4.8076,36.33939],[-4.8074,36.33944],[-4.807,36.33953],[-4.80667,36.3396],[-4.8064,36.33967],[-4.806,36.33977],[-4.8058,36.33981],[-4.8054,36.33989],[-4.805,36.33997],[-4.8048,36.34001],[-4.8044,36.34009],[-4.804,36.34017],[-4.8038,36.3402],[-4.8034,36.3403],[-4.80304,36.3404],[-4.8028,36.34048],[-4.80246,36.3406],[-4.8022,36.3407],[-4.80192,36.3408],[-4.8016,36.34092],[-4.80137,36.341],[-4.801,36.34113],[-4.80079,36.3412],[-4.8004,36.34133],[-4.8002,36.34142],[-4.7998,36.34159],[-4.7996,36.34167],[-4.79927,36.3418],[-4.799,36.34191],[-4.79877,36.342],[-4.7984,36.34214],[-4.7982,36.34221],[-4.7978,36.34237],[-4.7976,36.34244],[-4.79721,36.3426],[-4.797,36.34269],[-4.79671,36.3428],[-4.7964,36.34291],[-4.79613,36.343],[-4.7958,36.34311],[-4.79553,36.3432],[-4.7952,36.34332],[-4.79498,36.3434],[-4.7946,36.34353],[-4.79435,36.3436],[-4.794,36.34369],[-4.7936,36.3438],[-4.7934,36.34386],[-4.793,36.34398],[-4.7928,36.34404],[-4.7924,36.34416],[-4.7922,36.34422],[-4.7918,36.34435],[-4.7916,36.34442],[-4.7912,36.34455],[-4.791,36.34461],[-4.7906,36.34474],[-4.79039,36.3448],[-4.79,36.34491],[-4.7897,36.345],[-4.7894,36.34509],[-4.78902,36.3452],[-4.7888,36.34527],[-4.7884,36.34539],[-4.7882,36.34545],[-4.7878,36.34557],[-4.7876,36.34563],[-4.7872,36.34574],[-4.787,36.3458],[-4.7866,36.34592],[-4.78636,36.346],[-4.786,36.34611],[-4.78574,36.3462],[-4.7854,36.34631],[-4.78512,36.3464],[-4.7848,36.3465],[-4.78446,36.3466],[-4.7842,36.34667],[-4.7838,36.34677],[-4.7836,36.34682],[-4.7832,36.34683],[-4.7828,36.34682],[-4.7824,36.34681],[-4.782,36.3468],[-4.7818,36.3468],[-4.7814,36.34679],[-4.781,36.34678],[-4.7806,36.34677],[-4.7802,36.34677],[-4.7798,36.34676],[-4.7794,36.34675],[-4.779,36.34675],[-4.7786,36.34677],[-4.7782,36.34679],[-4.778,36.34681],[-4.7776,36.34691],[-4.77728,36.347],[-4.777,36.34708],[-4.7766,36.34719],[-4.7764,36.34724],[-4.776,36.34735],[-4.7758,36.3474],[-4.7754,36.3475],[-4.77502,36.3476],[-4.7748,36.34765],[-4.7744,36.34774],[-4.77411,36.3478],[-4.7738,36.34787],[-4.7734,36.34795],[-4.77319,36.348],[-4.7728,36.34808],[-4.7724,36.34816],[-4.77202,36.3482],[-4.7718,36.34822],[-4.7714,36.34825],[-4.771,36.34828],[-4.7706,36.34831],[-4.7702,36.34834],[-4.7698,36.34838],[-4.76951,36.3484],[-4.7692,36.34843],[-4.7688,36.34847],[-4.7684,36.34851],[-4.768,36.34857],[-4.7678,36.3486],[-4.7674,36.34867],[-4.767,36.34874],[-4.76677,36.3488],[-4.7664,36.34898],[-4.7662,36.34908],[-4.76596,36.3492],[-4.7656,36.34937],[-4.7654,36.34946],[-4.76511,36.3496],[-4.7648,36.34974],[-4.7646,36.34982],[-4.7642,36.3499],[-4.7638,36.34998],[-4.7636,36.35001],[-4.7632,36.35007],[-4.7628,36.35013],[-4.7624,36.35019],[-4.7622,36.35022],[-4.7618,36.35028],[-4.7614,36.35034],[-4.76105,36.3504],[-4.7608,36.35046],[-4.7604,36.35054],[-4.76013,36.3506],[-4.7598,36.35067],[-4.7594,36.35076],[-4.7592,36.35081],[-4.7588,36.35089],[-4.7584,36.35099],[-4.7582,36.35104],[-4.7578,36.35116],[-4.7576,36.35123],[-4.7572,36.35136],[-4.757,36.35143],[-4.7566,36.35156],[-4.7564,36.35163],[-4.756,36.35177],[-4.7558,36.35183],[-4.75544,36.352],[-4.7552,36.35212],[-4.755,36.35223],[-4.75471,36.3524],[-4.7544,36.35257],[-4.7542,36.35268],[-4.75399,36.3528],[-4.7536,36.353],[-4.7534,36.35311],[-4.7532,36.35321],[-4.75286,36.3534],[-4.7526,36.35355],[-4.7524,36.35365],[-4.75212,36.3538],[-4.7518,36.354],[-4.7516,36.35414],[-4.7514,36.35428],[-4.7512,36.35441],[-4.7509,36.3546],[-4.7506,36.35478],[-4.7504,36.3549],[-4.7502,36.35503],[-4.7498,36.3551],[-4.7494,36.35512],[-4.749,36.35514],[-4.7486,36.35516],[-4.7482,36.35517],[-4.7478,36.35517],[-4.7474,36.35517],[-4.747,36.35517],[-4.7466,36.35517],[-4.7462,36.35516],[-4.7458,36.35516],[-4.7454,36.35516],[-4.745,36.35515],[-4.7446,36.35515],[-4.74431,36.3552],[-4.744,36.35528],[-4.7436,36.35538],[-4.7434,36.35543],[-4.743,36.35554],[-4.74278,36.3556],[-4.7424,36.35572],[-4.74213,36.3558],[-4.7418,36.35591],[-4.74152,36.356],[-4.7412,36.3561],[-4.74088,36.3562],[-4.7406,36.35628],[-4.7402,36.3564],[-4.74,36.35645],[-4.7396,36.35656],[-4.7394,36.35662],[-4.739,36.35673],[-4.7386,36.35678],[-4.7384,36.3568],[-4.738,36.35684],[-4.7376,36.35688],[-4.7372,36.35692],[-4.7368,36.35696],[-4.73646,36.357],[-4.7362,36.35703],[-4.7358,36.35706],[-4.7354,36.3571],[-4.735,36.35713],[-4.7346,36.35717],[-4.7342,36.3572],[-4.734,36.35721],[-4.7336,36.35724],[-4.7332,36.35726],[-4.7328,36.35726],[-4.7324,36.35727],[-4.732,36.35727],[-4.7316,36.35727],[-4.7312,36.35727],[-4.7308,36.35728],[-4.7304,36.35728],[-4.73,36.35728],[-4.7296,36.35727],[-4.7292,36.35727],[-4.7288,36.35727],[-4.7284,36.35727],[-4.728,36.35727],[-4.7276,36.35732],[-4.72735,36.3574],[-4.727,36.35751],[-4.72672,36.3576],[-4.7264,36.35771],[-4.7261,36.3578],[-4.7258,36.35789],[-4.7254,36.358],[-4.7252,36.35805],[-4.7248,36.35815],[-4.7246,36.35821],[-4.7242,36.35831],[-4.72385,36.3584],[-4.7236,36.35848],[-4.72321,36.3586],[-4.723,36.35866],[-4.7226,36.35877],[-4.7224,36.35882],[-4.722,36.35892],[-4.72163,36.359],[-4.7214,36.35905],[-4.721,36.35913],[-4.72066,36.3592],[-4.7204,36.35926],[-4.72,36.35934],[-4.72,36.35934]]}},{"type":"Feature","properties":{"prof":500,"principal":true},"geometry":{"type":"LineString","coordinates":[[-4.9342,36.30889],[-4.93429,36.3092],[-4.93436,36.3096],[-4.93441,36.3098],[-4.93451,36.3102],[-4.93458,36.3106],[-4.9346,36.31083],[-4.9348,36.31114],[-4.93499,36.3114],[-4.93514,36.3116],[-4.9353,36.3118],[-4.93542,36.312],[-4.93545,36.3124],[-4.93528,36.3126],[-4.9351,36.3128],[-4.93492,36.313],[-4.93475,36.3132],[-4.93456,36.3134],[-4.93437,36.3136],[-4.934,36.31376],[-4.9338,36.31358],[-4.93359,36.3134],[-4.93336,36.3132],[-4.93314,36.313],[-4.93292,36.3128],[-4.9327,36.3126],[-4.93252,36.3124],[-4.9324,36.3122],[-4.9322,36.31188],[-4.93206,36.3116],[-4.93226,36.3114],[-4.93257,36.3112],[-4.9328,36.31105],[-4.933,36.31093],[-4.9332,36.3108],[-4.9334,36.31057],[-4.93354,36.3102],[-4.93361,36.31],[-4.93376,36.3096],[-4.93383,36.3094],[-4.93383,36.309],[-4.9342,36.30889],[-4.9342,36.30889]]}},{"type":"Feature","properties":{"prof":600,"principal":false},"geometry":{"type":"LineString","coordinates":[[-4.87384,36.3],[-4.87379,36.3002],[-4.87357,36.3004],[-4.87335,36.3006],[-4.87311,36.3008],[-4.87286,36.301],[-4.8726,36.30117],[-4.8724,36.30127],[-4.87216,36.3014],[-4.8718,36.30157],[-4.8716,36.30166],[-4.87126,36.3018],[-4.871,36.30192],[-4.8708,36.30202],[-4.87041,36.3022],[-4.8702,36.30229],[-4.86994,36.3024],[-4.8696,36.30249],[-4.8692,36.30258],[-4.869,36.30263],[-4.8686,36.30273],[-4.8683,36.3028],[-4.868,36.30288],[-4.8676,36.30298],[-4.8674,36.30303],[-4.867,36.30314],[-4.86678,36.3032],[-4.8664,36.30333],[-4.8662,36.3034],[-4.8658,36.30354],[-4.8656,36.30361],[-4.8652,36.30376],[-4.865,36.30384],[-4.8646,36.30399],[-4.8644,36.30407],[-4.86403,36.3042],[-4.8638,36.30427],[-4.8634,36.30438],[-4.8632,36.30443],[-4.8628,36.30455],[-4.8626,36.30461],[-4.8622,36.30473],[-4.86197,36.3048],[-4.8616,36.3049],[-4.8612,36.30499],[-4.861,36.30502],[-4.8606,36.30509],[-4.8602,36.30514],[-4.8598,36.30518],[-4.8596,36.30521],[-4.8592,36.30525],[-4.8588,36.30529],[-4.8584,36.30533],[-4.858,36.30537],[-4.85771,36.3054],[-4.8574,36.30543],[-4.857,36.30548],[-4.8566,36.30552],[-4.8562,36.30558],[-4.856,36.30564],[-4.8556,36.30576],[-4.8554,36.30584],[-4.85504,36.306],[-4.8548,36.30611],[-4.85459,36.3062],[-4.8542,36.30638],[-4.854,36.30648],[-4.85375,36.3066],[-4.8534,36.30677],[-4.8532,36.30687],[-4.85293,36.307],[-4.8526,36.30715],[-4.8524,36.30724],[-4.85204,36.3074],[-4.8518,36.3075],[-4.85155,36.3076],[-4.8512,36.30774],[-4.851,36.30782],[-4.8506,36.30798],[-4.8504,36.30805],[-4.85,36.30819],[-4.8498,36.30823],[-4.8494,36.30832],[-4.84905,36.3084],[-4.8488,36.30846],[-4.8484,36.30855],[-4.8482,36.3086],[-4.8478,36.30869],[-4.8474,36.30878],[-4.8472,36.30883],[-4.8468,36.30891],[-4.8464,36.30899],[-4.8462,36.30904],[-4.8458,36.30913],[-4.84545,36.3092],[-4.8452,36.30925],[-4.8448,36.30937],[-4.8446,36.30945],[-4.8442,36.3096],[-4.844,36.30967],[-4.84364,36.3098],[-4.8434,36.30989],[-4.8431,36.31],[-4.8428,36.31011],[-4.84256,36.3102],[-4.8422,36.31033],[-4.84198,36.3104],[-4.8416,36.31053],[-4.84138,36.3106],[-4.841,36.31072],[-4.84075,36.3108],[-4.8404,36.31092],[-4.84017,36.311],[-4.8398,36.31113],[-4.8396,36.3112],[-4.8392,36.31138],[-4.839,36.3115],[-4.8388,36.31162],[-4.83851,36.3118],[-4.8382,36.312],[-4.838,36.31215],[-4.8378,36.31231],[-4.8376,36.31247],[-4.8374,36.31263],[-4.83717,36.3128],[-4.83691,36.313],[-4.83665,36.3132],[-4.8364,36.31337],[-4.8362,36.31351],[-4.836,36.31363],[-4.83575,36.3138],[-4.83544,36.314],[-4.8352,36.31415],[-4.835,36.31427],[-4.83479,36.3144],[-4.83452,36.3146],[-4.83425,36.3148],[-4.834,36.31494],[-4.8338,36.31505],[-4.8334,36.31519],[-4.8332,36.31527],[-4.83284,36.3154],[-4.8326,36.31549],[-4.83233,36.3156],[-4.832,36.31573],[-4.8318,36.31581],[-4.8314,36.31596],[-4.8312,36.31604],[-4.8308,36.3162],[-4.8306,36.31629],[-4.83034,36.3164],[-4.83,36.31654],[-4.8298,36.31662],[-4.8294,36.31676],[-4.8292,36.31682],[-4.8288,36.31696],[-4.8286,36.31702],[-4.8282,36.31716],[-4.828,36.31725],[-4.82771,36.3174],[-4.8274,36.31754],[-4.8272,36.31763],[-4.8268,36.31779],[-4.8266,36.31787],[-4.82629,36.318],[-4.826,36.31813],[-4.8258,36.31822],[-4.82541,36.3184],[-4.8252,36.3185],[-4.82498,36.3186],[-4.8246,36.31874],[-4.8244,36.31881],[-4.824,36.31893],[-4.82375,36.319],[-4.8234,36.31911],[-4.82312,36.3192],[-4.8228,36.3193],[-4.8224,36.3194],[-4.8222,36.31944],[-4.8218,36.31952],[-4.82143,36.3196],[-4.8212,36.31965],[-4.8208,36.31973],[-4.8205,36.3198],[-4.8202,36.31989],[-4.81982,36.32],[-4.8196,36.32007],[-4.8192,36.32019],[-4.819,36.32025],[-4.8186,36.32037],[-4.8184,36.32043],[-4.818,36.32054],[-4.8178,36.3206],[-4.8174,36.32072],[-4.81713,36.3208],[-4.8168,36.32097],[-4.8166,36.32108],[-4.8164,36.3212],[-4.81607,36.3214],[-4.8158,36.32156],[-4.8156,36.32168],[-4.81539,36.3218],[-4.81506,36.322],[-4.8148,36.32216],[-4.8146,36.32227],[-4.81436,36.3224],[-4.814,36.32257],[-4.8138,36.32266],[-4.81349,36.3228],[-4.8132,36.32293],[-4.813,36.32302],[-4.8126,36.3232],[-4.8124,36.32329],[-4.81215,36.3234],[-4.8118,36.32358],[-4.8116,36.32368],[-4.8112,36.32376],[-4.81097,36.3238],[-4.8106,36.32385],[-4.8102,36.32391],[-4.8098,36.32397],[-4.8096,36.324],[-4.8092,36.32406],[-4.8088,36.32412],[-4.8084,36.32417],[-4.80819,36.3242],[-4.8078,36.32426],[-4.8074,36.32432],[-4.807,36.32437],[-4.80677,36.3244],[-4.8064,36.32446],[-4.806,36.32453],[-4.80574,36.3246],[-4.80544,36.3248],[-4.8052,36.32497],[-4.805,36.3251],[-4.8048,36.32524],[-4.80458,36.3254],[-4.8043,36.3256],[-4.804,36.32578],[-4.8038,36.32589],[-4.8036,36.326],[-4.80325,36.3262],[-4.803,36.32639],[-4.8028,36.32655],[-4.8026,36.3267],[-4.8024,36.32684],[-4.80203,36.327],[-4.8018,36.32708],[-4.80149,36.3272],[-4.8012,36.32731],[-4.80096,36.3274],[-4.8006,36.32754],[-4.8004,36.32761],[-4.8,36.32761],[-4.7997,36.3276],[-4.7994,36.32758],[-4.799,36.32756],[-4.7986,36.32754],[-4.7982,36.32752],[-4.7978,36.3275],[-4.7974,36.32748],[-4.797,36.32746],[-4.7966,36.32744],[-4.7962,36.32742],[-4.79589,36.3274],[-4.7956,36.32738],[-4.7952,36.32734],[-4.7948,36.32731],[-4.7944,36.32738],[-4.7942,36.32743],[-4.7938,36.32753],[-4.79353,36.3276],[-4.7932,36.32768],[-4.7928,36.32777],[-4.7926,36.32782],[-4.7922,36.32792],[-4.79187,36.328],[-4.7916,36.32807],[-4.7912,36.32817],[-4.791,36.32822],[-4.7906,36.32833],[-4.79032,36.3284],[-4.79,36.32848],[-4.7896,36.32858],[-4.7894,36.32862],[-4.789,36.32874],[-4.7888,36.3288],[-4.7884,36.32894],[-4.7882,36.32901],[-4.7878,36.32916],[-4.7876,36.32923],[-4.7872,36.32937],[-4.787,36.32944],[-4.7866,36.32957],[-4.7864,36.32964],[-4.786,36.32977],[-4.7858,36.32983],[-4.7854,36.32997],[-4.7852,36.33004],[-4.7848,36.33017],[-4.7846,36.33024],[-4.7842,36.33037],[-4.784,36.33044],[-4.7836,36.33057],[-4.7834,36.33064],[-4.783,36.33079],[-4.7828,36.33086],[-4.78243,36.331],[-4.7822,36.33109],[-4.7819,36.3312],[-4.7816,36.3313],[-4.78131,36.3314],[-4.781,36.3315],[-4.78071,36.3316],[-4.7804,36.33171],[-4.78014,36.3318],[-4.7798,36.33192],[-4.77957,36.332],[-4.7792,36.33214],[-4.779,36.33221],[-4.7786,36.33234],[-4.77839,36.3324],[-4.778,36.33251],[-4.7776,36.33258],[-4.7774,36.33261],[-4.777,36.33268],[-4.7766,36.33275],[-4.77628,36.3328],[-4.776,36.33285],[-4.7756,36.33291],[-4.7752,36.33298],[-4.775,36.33301],[-4.7746,36.33307],[-4.7742,36.33313],[-4.7738,36.3332],[-4.7736,36.33323],[-4.7732,36.33332],[-4.77282,36.3334],[-4.7726,36.33345],[-4.7722,36.3336],[-4.772,36.33368],[-4.7717,36.3338],[-4.7714,36.33391],[-4.77118,36.334],[-4.7708,36.33414],[-4.7706,36.33421],[-4.7702,36.33435],[-4.77,36.33441],[-4.7696,36.33454],[-4.7694,36.3346],[-4.769,36.33473],[-4.76879,36.3348],[-4.7684,36.33491],[-4.76811,36.335],[-4.7678,36.3351],[-4.76746,36.3352],[-4.7672,36.33529],[-4.7668,36.33539],[-4.7666,36.33544],[-4.7662,36.33552],[-4.76584,36.3356],[-4.7656,36.33565],[-4.7652,36.33573],[-4.76487,36.3358],[-4.7646,36.33585],[-4.7642,36.33593],[-4.76384,36.336],[-4.7636,36.33605],[-4.7632,36.33614],[-4.76291,36.3362],[-4.7626,36.33627],[-4.7622,36.33635],[-4.76198,36.3364],[-4.7616,36.33648],[-4.7612,36.33656],[-4.76086,36.3366],[-4.7606,36.33663],[-4.7602,36.33668],[-4.7598,36.33673],[-4.7594,36.33678],[-4.7592,36.3368],[-4.7588,36.33685],[-4.7584,36.3369],[-4.758,36.33695],[-4.75761,36.337],[-4.7574,36.33703],[-4.757,36.33708],[-4.7566,36.33713],[-4.7562,36.33718],[-4.756,36.33721],[-4.7556,36.33726],[-4.7552,36.33732],[-4.7548,36.33738],[-4.7546,36.33741],[-4.7542,36.33748],[-4.7538,36.33754],[-4.75342,36.3376],[-4.7532,36.33763],[-4.7528,36.3377],[-4.7524,36.33776],[-4.75214,36.3378],[-4.7518,36.33786],[-4.7514,36.33792],[-4.751,36.33799],[-4.7508,36.33802],[-4.7504,36.33809],[-4.75005,36.3382],[-4.7498,36.33836],[-4.7496,36.33852],[-4.7494,36.33868],[-4.7492,36.33884],[-4.749,36.339],[-4.74875,36.3392],[-4.74849,36.3394],[-4.74821,36.3396],[-4.748,36.33977],[-4.7478,36.33998],[-4.74764,36.3402],[-4.74748,36.3404],[-4.74733,36.3406],[-4.74718,36.3408],[-4.747,36.34103],[-4.7468,36.34127],[-4.7466,36.34148],[-4.7464,36.34166],[-4.7462,36.34181],[-4.7458,36.34197],[-4.7456,36.34204],[-4.7452,36.34218],[-4.745,36.34224],[-4.7446,36.34239],[-4.7444,36.34246],[-4.74401,36.3426],[-4.7438,36.34268],[-4.74346,36.3428],[-4.7432,36.3429],[-4.74293,36.343],[-4.7426,36.34318],[-4.7424,36.34331],[-4.7422,36.34344],[-4.74195,36.3436],[-4.74162,36.3438],[-4.7414,36.34392],[-4.7412,36.34403],[-4.74088,36.3442],[-4.7406,36.34436],[-4.7404,36.34447],[-4.74014,36.3446],[-4.7398,36.34476],[-4.7396,36.34485],[-4.73926,36.345],[-4.739,36.34507],[-4.73869,36.345],[-4.7384,36.34494],[-4.738,36.34485],[-4.73779,36.3448],[-4.7374,36.34471],[-4.73705,36.3446],[-4.7368,36.34448],[-4.7366,36.34438],[-4.73624,36.3442],[-4.736,36.34408],[-4.7358,36.34399],[-4.7354,36.34381],[-4.7352,36.34373],[-4.73491,36.3436],[-4.7346,36.34347],[-4.7344,36.34338],[-4.73401,36.3432],[-4.7338,36.34311],[-4.7334,36.34301],[-4.73304,36.3432],[-4.7328,36.34335],[-4.7326,36.34346],[-4.73233,36.3436],[-4.732,36.34376],[-4.7318,36.34386],[-4.73151,36.344],[-4.7312,36.34418],[-4.731,36.34431],[-4.7308,36.34443],[-4.73053,36.3446],[-4.7302,36.34479],[-4.73,36.34487],[-4.72961,36.345],[-4.7294,36.34508],[-4.72905,36.3452],[-4.7288,36.34529],[-4.72848,36.3454],[-4.7282,36.3455],[-4.72791,36.3456],[-4.7276,36.3457],[-4.72729,36.3458],[-4.727,36.34591],[-4.72676,36.346],[-4.7264,36.34615],[-4.7262,36.34624],[-4.72581,36.3464],[-4.7256,36.34649],[-4.72532,36.3466],[-4.725,36.34674],[-4.7248,36.34686],[-4.7246,36.34702],[-4.72438,36.3472],[-4.72412,36.3474],[-4.72385,36.3476],[-4.7236,36.34776],[-4.7234,36.34788],[-4.7232,36.34802],[-4.723,36.34821],[-4.7228,36.3484],[-4.72258,36.3486],[-4.72238,36.3488],[-4.72213,36.349],[-4.7218,36.34919],[-4.7216,36.34929],[-4.72139,36.3494],[-4.72101,36.3496],[-4.7208,36.34972],[-4.7206,36.34983],[-4.72028,36.35],[-4.72,36.35009],[-4.72,36.35009]]}},{"type":"Feature","properties":{"prof":700,"principal":false},"geometry":{"type":"LineString","coordinates":[[-4.81865,36.3],[-4.819,36.30013],[-4.819,36.30034],[-4.8188,36.30056],[-4.8186,36.30076],[-4.8184,36.30096],[-4.8182,36.30117],[-4.818,36.30136],[-4.8178,36.30154],[-4.8176,36.3017],[-4.8174,36.30186],[-4.8172,36.30201],[-4.8168,36.30217],[-4.8166,36.30224],[-4.8162,36.30236],[-4.816,36.30243],[-4.8156,36.30255],[-4.8154,36.30261],[-4.815,36.30273],[-4.81477,36.3028],[-4.8144,36.3029],[-4.814,36.30298],[-4.8138,36.30302],[-4.8134,36.3031],[-4.813,36.30317],[-4.8128,36.30321],[-4.8124,36.30328],[-4.812,36.30335],[-4.81171,36.3034],[-4.8114,36.30342],[-4.811,36.30343],[-4.8106,36.30344],[-4.8102,36.30345],[-4.8098,36.30346],[-4.8094,36.30347],[-4.809,36.30347],[-4.8086,36.30348],[-4.8082,36.30349],[-4.8078,36.30351],[-4.8074,36.30352],[-4.807,36.30354],[-4.8066,36.30356],[-4.8062,36.30359],[-4.806,36.3036],[-4.8056,36.30362],[-4.8052,36.30363],[-4.8048,36.30364],[-4.8044,36.30365],[-4.804,36.30366],[-4.8036,36.30367],[-4.8032,36.30368],[-4.8028,36.30369],[-4.8024,36.3037],[-4.802,36.30371],[-4.8016,36.30372],[-4.8012,36.30373],[-4.8008,36.30374],[-4.8004,36.30377],[-4.8002,36.30384],[-4.7998,36.304],[-4.7996,36.30408],[-4.7993,36.3042],[-4.799,36.30431],[-4.79877,36.3044],[-4.7984,36.30454],[-4.7982,36.30462],[-4.7978,36.30478],[-4.7976,36.30487],[-4.79729,36.305],[-4.797,36.30512],[-4.7968,36.30521],[-4.7964,36.30537],[-4.7962,36.30545],[-4.79586,36.3056],[-4.7956,36.30572],[-4.7954,36.3058],[-4.795,36.30597],[-4.7948,36.30603],[-4.7944,36.30613],[-4.79412,36.3062],[-4.7938,36.30628],[-4.7934,36.30638],[-4.7932,36.30643],[-4.7928,36.30654],[-4.79256,36.3066],[-4.7922,36.3067],[-4.7918,36.3068],[-4.7916,36.30685],[-4.7912,36.30695],[-4.791,36.307],[-4.7906,36.30712],[-4.79034,36.3072],[-4.79,36.30733],[-4.7898,36.30741],[-4.7894,36.30757],[-4.7892,36.30763],[-4.7888,36.30766],[-4.7884,36.30768],[-4.788,36.30771],[-4.7876,36.30773],[-4.7872,36.30775],[-4.7868,36.30777],[-4.7864,36.30779],[-4.7862,36.3078],[-4.7858,36.30782],[-4.7854,36.30784],[-4.785,36.30786],[-4.7846,36.30787],[-4.7842,36.30789],[-4.7838,36.3079],[-4.78349,36.308],[-4.7832,36.30813],[-4.783,36.30822],[-4.78262,36.3084],[-4.7824,36.30851],[-4.7822,36.3086],[-4.7818,36.3088],[-4.7816,36.30889],[-4.78137,36.309],[-4.781,36.30919],[-4.7808,36.30928],[-4.78057,36.3094],[-4.7802,36.30958],[-4.78,36.30968],[-4.77975,36.3098],[-4.7794,36.30998],[-4.7792,36.31008],[-4.77897,36.3102],[-4.7786,36.3104],[-4.7784,36.3105],[-4.77818,36.3106],[-4.7778,36.31068],[-4.7774,36.31075],[-4.77704,36.3108],[-4.7768,36.31083],[-4.7764,36.31089],[-4.776,36.31095],[-4.77562,36.311],[-4.7754,36.31103],[-4.775,36.31109],[-4.7746,36.31115],[-4.77422,36.3112],[-4.774,36.31123],[-4.7736,36.31129],[-4.7732,36.31135],[-4.77282,36.3114],[-4.7726,36.31143],[-4.7722,36.31154],[-4.77198,36.3116],[-4.7716,36.31171],[-4.77129,36.3118],[-4.771,36.31189],[-4.77061,36.312],[-4.7704,36.31206],[-4.77,36.31218],[-4.7698,36.31224],[-4.7694,36.31236],[-4.7692,36.31241],[-4.7688,36.31254],[-4.7686,36.31261],[-4.7682,36.31277],[-4.768,36.31286],[-4.76766,36.313],[-4.7674,36.31311],[-4.76718,36.3132],[-4.7668,36.31336],[-4.7666,36.31345],[-4.76628,36.3136],[-4.766,36.31375],[-4.7658,36.31386],[-4.76553,36.314],[-4.7652,36.31417],[-4.765,36.31427],[-4.76475,36.3144],[-4.7644,36.31459],[-4.7642,36.31469],[-4.76395,36.3148],[-4.7636,36.31494],[-4.7634,36.31502],[-4.763,36.31517],[-4.7628,36.31524],[-4.7624,36.3154],[-4.7622,36.31548],[-4.7619,36.3156],[-4.7616,36.31572],[-4.7614,36.3158],[-4.761,36.316],[-4.7608,36.31609],[-4.76056,36.3162],[-4.7602,36.31638],[-4.76,36.31648],[-4.75975,36.3166],[-4.7594,36.31678],[-4.7592,36.31687],[-4.75892,36.317],[-4.7586,36.31715],[-4.7584,36.31725],[-4.75811,36.3174],[-4.7578,36.31756],[-4.7576,36.31766],[-4.7573,36.3178],[-4.757,36.31794],[-4.7568,36.31804],[-4.75647,36.3182],[-4.7562,36.31834],[-4.756,36.31844],[-4.7556,36.31854],[-4.75522,36.3186],[-4.755,36.31862],[-4.7546,36.31865],[-4.7542,36.31868],[-4.7538,36.31871],[-4.7534,36.31874],[-4.753,36.31877],[-4.75266,36.3188],[-4.7524,36.31882],[-4.752,36.31885],[-4.7516,36.31887],[-4.7512,36.3189],[-4.7508,36.31893],[-4.7504,36.31897],[-4.75,36.31893],[-4.7496,36.31886],[-4.74927,36.3188],[-4.749,36.31876],[-4.7486,36.31869],[-4.7482,36.31862],[-4.748,36.31858],[-4.7476,36.31851],[-4.7472,36.31844],[-4.747,36.3184],[-4.7466,36.31833],[-4.7462,36.31826],[-4.7459,36.3182],[-4.7456,36.31815],[-4.7452,36.31807],[-4.74484,36.318],[-4.7446,36.318],[-4.7444,36.31805],[-4.744,36.31818],[-4.7438,36.31825],[-4.7434,36.31837],[-4.7432,36.31844],[-4.7428,36.31856],[-4.7426,36.31862],[-4.7422,36.31874],[-4.74199,36.3188],[-4.7416,36.31891],[-4.74131,36.319],[-4.741,36.3191],[-4.74069,36.3192],[-4.7404,36.31931],[-4.74015,36.3194],[-4.7398,36.31953],[-4.7396,36.3196],[-4.7392,36.31975],[-4.739,36.31992],[-4.7388,36.3201],[-4.7386,36.32028],[-4.7384,36.32045],[-4.7382,36.32061],[-4.73795,36.3208],[-4.7377,36.321],[-4.73745,36.3212],[-4.7372,36.32139],[-4.737,36.32154],[-4.7368,36.32169],[-4.7366,36.32186],[-4.7364,36.32206],[-4.7362,36.32225],[-4.736,36.32243],[-4.7358,36.32262],[-4.7356,36.32281],[-4.73539,36.323],[-4.73516,36.3232],[-4.73492,36.3234],[-4.73472,36.3236],[-4.73452,36.3238],[-4.73432,36.324],[-4.73411,36.3242],[-4.7339,36.3244],[-4.7337,36.3246],[-4.7334,36.32476],[-4.73315,36.3246],[-4.73283,36.3244],[-4.7326,36.32427],[-4.7324,36.32415],[-4.73214,36.324],[-4.73182,36.3238],[-4.7316,36.32368],[-4.7314,36.32358],[-4.73101,36.3234],[-4.7308,36.32331],[-4.73056,36.3232],[-4.7302,36.32302],[-4.73,36.32291],[-4.7298,36.3228],[-4.72944,36.3226],[-4.7292,36.3225],[-4.72897,36.3224],[-4.7286,36.32225],[-4.7284,36.32217],[-4.728,36.32204],[-4.7276,36.32208],[-4.7272,36.32214],[-4.7268,36.32219],[-4.7266,36.32221],[-4.7262,36.32226],[-4.7258,36.32231],[-4.7254,36.32235],[-4.725,36.3224],[-4.7248,36.32242],[-4.7244,36.32247],[-4.724,36.32252],[-4.7236,36.32257],[-4.72337,36.3226],[-4.723,36.32266],[-4.7226,36.32272],[-4.72236,36.3228],[-4.72211,36.323],[-4.72187,36.3232],[-4.72162,36.3234],[-4.7214,36.32359],[-4.7212,36.32376],[-4.721,36.32395],[-4.7209,36.3242],[-4.7208,36.32457],[-4.72063,36.3248],[-4.72043,36.325],[-4.72023,36.3252],[-4.72004,36.3254],[-4.72,36.32544]]}}]}