{"type":"FeatureCollection","features":[{"type":"Feature","properties":{},"geometry":{"type":"MultiPolygon","coordinates":[[[[-5.08512,36.44928],[-5.08578,36.44902],[-5.08837,36.44747],[-5.08863,36.44745],[-5.08785,36.44796],[-5.08572,36.44912],[-5.08512,36.44928]]],[[[-5.0871,36.44945],[-5.08649,36.44872],[-5.08684,36.44853],[-5.08744,36.44929],[-5.0871,36.44945]]],[[[-5.05189,36.45238],[-5.05266,36.45242],[-5.05304,36.45264],[-5.05295,36.4532],[-5.05301,36.45391],[-5.05244,36.45389],[-5.05198,36.45401],[-5.05153,36.45325],[-5.05116,36.45281],[-5.05136,36.4526],[-5.05189,36.45238]]],[[[-5.06271,36.45409],[-5.06166,36.45438],[-5.05983,36.45533],[-5.05959,36.45472],[-5.05924,36.45466],[-5.05848,36.45407],[-5.05787,36.45302],[-5.05747,36.45213],[-5.05782,36.45201],[-5.05797,36.45232],[-5.05925,36.45193],[-5.05935,36.4522],[-5.05947,36.45343],[-5.06249,36.45294],[-5.06272,36.4531],[-5.06276,36.45338],[-5.06296,36.45336],[-5.06305,36.45395],[-5.06373,36.45388],[-5.06374,36.45398],[-5.06271,36.45409]]],[[[-5.05656,36.45276],[-5.05678,36.45267],[-5.05675,36.45254],[-5.05708,36.45263],[-5.05899,36.45548],[-5.05931,36.45562],[-5.05824,36.4562],[-5.05587,36.4571],[-5.05571,36.45642],[-5.05766,36.45604],[-5.05771,36.45574],[-5.05566,36.45617],[-5.05517,36.45374],[-5.05523,36.45359],[-5.05564,36.45336],[-5.05597,36.45302],[-5.05596,36.4525],[-5.056,36.45241],[-5.05616,36.45239],[-5.05615,36.4525],[-5.05656,36.45276]]],[[[-5.04508,36.4569],[-5.0462,36.45627],[-5.0463,36.45625],[-5.0464,36.45634],[-5.04547,36.45678],[-5.04265,36.45845],[-5.04224,36.45856],[-5.04211,36.45841],[-5.04297,36.45785],[-5.04508,36.4569]]],[[[-5.04931,36.4608],[-5.04926,36.46068],[-5.05041,36.46015],[-5.05065,36.46028],[-5.04931,36.4608]]],[[[-5.02591,36.46107],[-5.02555,36.46171],[-5.02616,36.46289],[-5.02587,36.46293],[-5.0257,36.46285],[-5.02516,36.46296],[-5.02504,36.46254],[-5.02539,36.4613],[-5.02557,36.46095],[-5.02591,36.46107]]],[[[-5.05193,36.4624],[-5.05291,36.46278],[-5.05193,36.46339],[-5.0516,36.46373],[-5.05143,36.46347],[-5.05101,36.46332],[-5.05005,36.46268],[-5.0499,36.46248],[-5.04991,36.46195],[-5.04974,36.46164],[-5.05048,36.46148],[-5.05123,36.46147],[-5.05177,36.46123],[-5.05196,36.46183],[-5.05193,36.4624]]],[[[-5.04407,36.46325],[-5.0444,36.4632],[-5.0442,36.46262],[-5.04536,36.46231],[-5.04571,36.46251],[-5.04543,36.46331],[-5.04484,36.46396],[-5.04462,36.46409],[-5.04439,36.46413],[-5.04407,36.46325]]],[[[-5.05992,36.46387],[-5.05873,36.46439],[-5.05853,36.46468],[-5.0573,36.46515],[-5.05783,36.46378],[-5.0587,36.46391],[-5.05965,36.46352],[-5.05992,36.46387]]],[[[-5.05964,36.46517],[-5.0599,36.46407],[-5.06032,36.46388],[-5.06077,36.46441],[-5.06083,36.4646],[-5.06043,36.46537],[-5.06018,36.46542],[-5.05964,36.46517]]],[[[-5.05318,36.46272],[-5.05278,36.46353],[-5.05263,36.46358],[-5.05246,36.46391],[-5.05259,36.46408],[-5.05568,36.46348],[-5.05602,36.46386],[-5.05539,36.46418],[-5.05575,36.4647],[-5.05601,36.46461],[-5.0563,36.46505],[-5.05529,36.4653],[-5.05548,36.46575],[-5.05649,36.46551],[-5.05668,36.46592],[-5.05615,36.46601],[-5.05603,36.46669],[-5.0536,36.46734],[-5.0522,36.46764],[-5.05254,36.46628],[-5.05244,36.46598],[-5.05184,36.4657],[-5.05086,36.46538],[-5.05083,36.46522],[-5.05103,36.4647],[-5.0515,36.46393],[-5.05198,36.46342],[-5.05314,36.46266],[-5.05318,36.46272]]],[[[-5.06026,36.46701],[-5.06019,36.46734],[-5.05943,36.46726],[-5.05943,36.46706],[-5.05911,36.46647],[-5.05991,36.46622],[-5.06013,36.46629],[-5.06009,36.46658],[-5.06026,36.46701]]],[[[-5.06028,36.46742],[-5.06039,36.46687],[-5.0602,36.46656],[-5.061,36.46632],[-5.06116,36.46675],[-5.06082,36.46724],[-5.06086,36.46741],[-5.06028,36.46742]]],[[[-5.02705,36.4685],[-5.02676,36.46849],[-5.0266,36.46788],[-5.02686,36.46782],[-5.02771,36.468],[-5.02788,36.4684],[-5.02709,36.46855],[-5.02705,36.4685]]],[[[-5.02885,36.46904],[-5.02882,36.46875],[-5.02947,36.46858],[-5.02927,36.46819],[-5.02995,36.46803],[-5.03011,36.46871],[-5.02961,36.46885],[-5.02885,36.46904]]],[[[-5.02399,36.46878],[-5.02403,36.46839],[-5.02409,36.46831],[-5.02562,36.46893],[-5.02598,36.46869],[-5.02616,36.4691],[-5.02553,36.46942],[-5.02399,36.46878]]],[[[-5.02206,36.471],[-5.02154,36.47116],[-5.02067,36.46969],[-5.02158,36.46953],[-5.0216,36.46883],[-5.02243,36.46813],[-5.02275,36.46806],[-5.02282,36.46721],[-5.02503,36.46673],[-5.02527,36.46718],[-5.02443,36.46761],[-5.0241,36.46753],[-5.02351,36.46765],[-5.02307,36.46839],[-5.02228,36.46878],[-5.02207,36.46897],[-5.02216,36.46921],[-5.02203,36.46928],[-5.02218,36.47028],[-5.02229,36.47031],[-5.02233,36.47092],[-5.02273,36.47151],[-5.02256,36.47163],[-5.02206,36.471]]],[[[-5.05154,36.46997],[-5.05117,36.47001],[-5.05206,36.46944],[-5.05207,36.46911],[-5.05227,36.46954],[-5.0522,36.46971],[-5.05196,36.46981],[-5.05192,36.46998],[-5.05244,36.47008],[-5.05243,36.47019],[-5.0521,36.47026],[-5.05169,36.47012],[-5.05154,36.46997]]],[[[-5.03807,36.46489],[-5.03791,36.46526],[-5.03816,36.46591],[-5.03846,36.46605],[-5.03913,36.46663],[-5.03992,36.46666],[-5.04005,36.46683],[-5.04004,36.46744],[-5.04026,36.46775],[-5.04068,36.46801],[-5.04102,36.46891],[-5.04139,36.46942],[-5.04182,36.46974],[-5.04189,36.46988],[-5.04186,36.47027],[-5.04202,36.47075],[-5.04227,36.47094],[-5.04207,36.47105],[-5.04258,36.472],[-5.04238,36.47249],[-5.04202,36.47291],[-5.04236,36.47342],[-5.04143,36.47537],[-5.04132,36.47546],[-5.04087,36.4754],[-5.04051,36.47558],[-5.04011,36.47529],[-5.04024,36.47452],[-5.03956,36.47435],[-5.03679,36.47664],[-5.03632,36.47601],[-5.03641,36.4759],[-5.036,36.47546],[-5.03563,36.47574],[-5.03569,36.47585],[-5.03499,36.47632],[-5.03473,36.47605],[-5.03527,36.47494],[-5.03493,36.47399],[-5.03526,36.47326],[-5.03581,36.47311],[-5.0362,36.47283],[-5.03629,36.47251],[-5.03676,36.47164],[-5.03659,36.46965],[-5.03615,36.46956],[-5.03558,36.46933],[-5.03564,36.46898],[-5.03507,36.46866],[-5.03454,36.4685],[-5.03421,36.46896],[-5.03412,36.46895],[-5.03342,36.46696],[-5.03478,36.46443],[-5.03638,36.46406],[-5.03649,36.46429],[-5.03715,36.46488],[-5.03721,36.46502],[-5.03807,36.46489]]],[[[-5.02986,36.47089],[-5.02994,36.47106],[-5.02973,36.47107],[-5.02944,36.47092],[-5.02948,36.4707],[-5.02906,36.47012],[-5.02947,36.46991],[-5.0299,36.47028],[-5.0297,36.47085],[-5.02986,36.47089]]],[[[-5.03455,36.47112],[-5.03393,36.47114],[-5.03388,36.47097],[-5.03334,36.47109],[-5.03323,36.47081],[-5.03377,36.47071],[-5.03362,36.47031],[-5.03432,36.47017],[-5.03455,36.47112]]],[[[-5.02504,36.4746],[-5.02493,36.4749],[-5.02431,36.47503],[-5.02414,36.47417],[-5.02393,36.47374],[-5.02425,36.47366],[-5.02469,36.47389],[-5.02497,36.4742],[-5.02504,36.4746]]],[[[-5.04258,36.48041],[-5.04309,36.47974],[-5.04331,36.47928],[-5.04327,36.47904],[-5.04282,36.47872],[-5.04215,36.47849],[-5.043,36.47781],[-5.0433,36.47737],[-5.04399,36.4777],[-5.0434,36.47832],[-5.04332,36.47857],[-5.04365,36.4788],[-5.0437,36.47914],[-5.04367,36.47945],[-5.04347,36.47985],[-5.04348,36.48008],[-5.04326,36.48023],[-5.04332,36.4806],[-5.04127,36.48075],[-5.04116,36.48037],[-5.04122,36.48031],[-5.04126,36.48046],[-5.04139,36.48051],[-5.04148,36.48066],[-5.0419,36.48049],[-5.04198,36.48058],[-5.04221,36.48058],[-5.04258,36.48041]]],[[[-5.02417,36.48371],[-5.02399,36.48251],[-5.02357,36.48096],[-5.02487,36.48078],[-5.02548,36.48108],[-5.02693,36.48137],[-5.02735,36.48176],[-5.02737,36.4819],[-5.02825,36.4823],[-5.02837,36.48262],[-5.02887,36.48286],[-5.02417,36.48371]]],[[[-5.03094,36.48525],[-5.03098,36.4851],[-5.03109,36.48504],[-5.03085,36.48476],[-5.03119,36.48471],[-5.03096,36.4842],[-5.03098,36.484],[-5.03128,36.4838],[-5.03139,36.48379],[-5.03143,36.48389],[-5.03141,36.484],[-5.0312,36.48413],[-5.03136,36.4853],[-5.03131,36.4858],[-5.03144,36.48603],[-5.03164,36.48627],[-5.03236,36.48642],[-5.03251,36.48636],[-5.03234,36.48612],[-5.03237,36.48598],[-5.03264,36.48621],[-5.03286,36.48627],[-5.03336,36.4862],[-5.03376,36.48669],[-5.03337,36.48692],[-5.03191,36.48666],[-5.03183,36.48656],[-5.03174,36.48662],[-5.03165,36.48657],[-5.03132,36.48614],[-5.0312,36.48579],[-5.03122,36.48557],[-5.03072,36.48578],[-5.03067,36.48536],[-5.03094,36.48525]]],[[[-5.02725,36.4887],[-5.0275,36.48861],[-5.0273,36.48836],[-5.02749,36.48815],[-5.02756,36.48779],[-5.02771,36.48758],[-5.02797,36.4878],[-5.02768,36.48819],[-5.02786,36.48855],[-5.02782,36.48896],[-5.02769,36.48938],[-5.02747,36.48958],[-5.02754,36.48981],[-5.02762,36.48983],[-5.02781,36.48973],[-5.02803,36.48947],[-5.02817,36.48947],[-5.02865,36.48781],[-5.02867,36.48788],[-5.02847,36.48885],[-5.02853,36.48948],[-5.0283,36.4897],[-5.02802,36.4898],[-5.02792,36.48998],[-5.02811,36.49011],[-5.02809,36.49031],[-5.02846,36.49066],[-5.02853,36.49124],[-5.02837,36.49196],[-5.02802,36.49255],[-5.02783,36.49244],[-5.02788,36.49217],[-5.02804,36.49199],[-5.02798,36.49149],[-5.02772,36.49095],[-5.02761,36.49099],[-5.02721,36.49062],[-5.02693,36.48976],[-5.02696,36.48946],[-5.0272,36.4891],[-5.02705,36.48903],[-5.02702,36.48891],[-5.02725,36.4887]]],[[[-5.03237,36.48963],[-5.03332,36.48939],[-5.03358,36.48917],[-5.03372,36.48924],[-5.03373,36.48939],[-5.03389,36.4893],[-5.03382,36.48991],[-5.03303,36.48981],[-5.03271,36.48983],[-5.03261,36.49027],[-5.03318,36.49037],[-5.0335,36.49029],[-5.03352,36.49039],[-5.03375,36.49047],[-5.03381,36.49066],[-5.03329,36.49101],[-5.0334,36.49111],[-5.0333,36.49145],[-5.03282,36.49164],[-5.03266,36.49156],[-5.03267,36.49138],[-5.03211,36.49144],[-5.03221,36.49178],[-5.03206,36.49185],[-5.0321,36.49215],[-5.03239,36.49249],[-5.0326,36.49247],[-5.03297,36.49258],[-5.03301,36.49274],[-5.03268,36.49283],[-5.03257,36.49295],[-5.03268,36.49328],[-5.03135,36.49343],[-5.03101,36.49334],[-5.031,36.49311],[-5.03175,36.49321],[-5.0318,36.49306],[-5.03156,36.49293],[-5.03171,36.49288],[-5.03176,36.49272],[-5.03173,36.49261],[-5.03148,36.49244],[-5.03153,36.49209],[-5.03122,36.49177],[-5.03134,36.49149],[-5.03128,36.49138],[-5.03111,36.49132],[-5.03082,36.49084],[-5.0312,36.49069],[-5.03128,36.49033],[-5.03089,36.49014],[-5.0305,36.49019],[-5.0301,36.49012],[-5.03014,36.48998],[-5.03147,36.48971],[-5.03124,36.48912],[-5.03105,36.48921],[-5.03075,36.48884],[-5.03164,36.48879],[-5.0317,36.48858],[-5.03156,36.4882],[-5.03141,36.48804],[-5.0312,36.48801],[-5.03135,36.48778],[-5.03131,36.48771],[-5.0315,36.48765],[-5.03146,36.48755],[-5.03123,36.48749],[-5.03135,36.4872],[-5.03151,36.48704],[-5.03164,36.48705],[-5.03191,36.48666],[-5.03175,36.48734],[-5.03205,36.48751],[-5.0319,36.48831],[-5.03206,36.48892],[-5.0319,36.48912],[-5.03184,36.48941],[-5.03222,36.48938],[-5.03219,36.48955],[-5.03237,36.48963]]],[[[-5.02553,36.49127],[-5.02535,36.4914],[-5.02483,36.49141],[-5.02477,36.49122],[-5.02542,36.49096],[-5.02553,36.49127]]],[[[-5.02619,36.4921],[-5.02609,36.49226],[-5.02554,36.4921],[-5.02559,36.49182],[-5.02542,36.49152],[-5.0255,36.49135],[-5.02636,36.49098],[-5.02655,36.4911],[-5.02659,36.49186],[-5.0265,36.49191],[-5.02611,36.49187],[-5.02619,36.4921]]],[[[-5.0259,36.49597],[-5.02585,36.49602],[-5.02571,36.49598],[-5.02545,36.49635],[-5.02535,36.49628],[-5.02541,36.49509],[-5.02489,36.49376],[-5.02488,36.4935],[-5.02513,36.49272],[-5.02521,36.4927],[-5.02552,36.49317],[-5.02524,36.49317],[-5.0253,36.49364],[-5.02561,36.49361],[-5.0255,36.49466],[-5.02553,36.495],[-5.0259,36.49597]]],[[[-5.042,36.51669],[-5.04189,36.51661],[-5.04191,36.5163],[-5.04227,36.51608],[-5.04224,36.5159],[-5.04217,36.51567],[-5.04155,36.51528],[-5.04171,36.5152],[-5.04271,36.5151],[-5.04388,36.51512],[-5.04415,36.51506],[-5.04432,36.51492],[-5.04563,36.51527],[-5.04601,36.51556],[-5.04604,36.51571],[-5.04545,36.5159],[-5.04528,36.51604],[-5.04538,36.5162],[-5.04567,36.51627],[-5.04572,36.51643],[-5.04514,36.51667],[-5.04483,36.51647],[-5.04477,36.5163],[-5.04463,36.51627],[-5.04476,36.5159],[-5.04406,36.51576],[-5.0428,36.51611],[-5.04254,36.5163],[-5.0426,36.51649],[-5.042,36.51669]]],[[[-5.03293,36.51799],[-5.03227,36.51817],[-5.03193,36.51816],[-5.03179,36.51805],[-5.03155,36.51801],[-5.03141,36.51816],[-5.03102,36.51822],[-5.03084,36.51811],[-5.03077,36.51796],[-5.03084,36.51764],[-5.03104,36.51744],[-5.03175,36.51756],[-5.03244,36.51728],[-5.03266,36.51736],[-5.03346,36.51737],[-5.03374,36.51725],[-5.03379,36.51707],[-5.03272,36.51677],[-5.03239,36.51662],[-5.0322,36.51643],[-5.0322,36.51625],[-5.03283,36.51595],[-5.03307,36.5159],[-5.03479,36.51629],[-5.03522,36.51629],[-5.03527,36.51659],[-5.03541,36.51671],[-5.03564,36.51671],[-5.03626,36.51638],[-5.03641,36.51622],[-5.03646,36.51603],[-5.03662,36.51609],[-5.03677,36.51636],[-5.0367,36.51654],[-5.03645,36.51672],[-5.03617,36.51719],[-5.03592,36.51732],[-5.03617,36.51758],[-5.03625,36.51782],[-5.03611,36.51814],[-5.03457,36.51844],[-5.03433,36.51827],[-5.03431,36.51811],[-5.03443,36.51793],[-5.03487,36.51769],[-5.03508,36.51722],[-5.03487,36.51713],[-5.03438,36.51719],[-5.03363,36.51752],[-5.03367,36.51759],[-5.0333,36.51784],[-5.03329,36.51797],[-5.03293,36.51799]]],[[[-5.04365,36.51709],[-5.04359,36.5172],[-5.04366,36.51747],[-5.04345,36.51749],[-5.04314,36.51712],[-5.04461,36.51665],[-5.04487,36.51662],[-5.045,36.51679],[-5.04414,36.51689],[-5.04365,36.51709]]],[[[-5.05972,36.51796],[-5.05982,36.51778],[-5.06026,36.51785],[-5.06035,36.51773],[-5.06037,36.51736],[-5.06061,36.51726],[-5.0607,36.51701],[-5.06055,36.51691],[-5.06061,36.5168],[-5.06103,36.51672],[-5.06126,36.51677],[-5.06144,36.51694],[-5.06147,36.51711],[-5.06112,36.51714],[-5.06124,36.5173],[-5.06167,36.51711],[-5.06215,36.51677],[-5.06189,36.51662],[-5.06214,36.51644],[-5.06273,36.51623],[-5.06282,36.5161],[-5.06326,36.51617],[-5.06328,36.51655],[-5.06303,36.51678],[-5.06317,36.51669],[-5.06335,36.51678],[-5.06338,36.51692],[-5.06282,36.51716],[-5.06284,36.51736],[-5.06301,36.51757],[-5.06273,36.51785],[-5.06252,36.5179],[-5.06233,36.51814],[-5.06213,36.51811],[-5.06215,36.51831],[-5.06198,36.51838],[-5.06168,36.5182],[-5.06168,36.51804],[-5.06184,36.51795],[-5.06177,36.51786],[-5.06164,36.51786],[-5.06125,36.51812],[-5.06105,36.51805],[-5.06114,36.51784],[-5.06072,36.51791],[-5.06014,36.51814],[-5.05997,36.51833],[-5.05974,36.51834],[-5.05966,36.51852],[-5.05946,36.51841],[-5.05922,36.51844],[-5.05892,36.51805],[-5.05906,36.51782],[-5.05972,36.51796]]],[[[-5.04558,36.51851],[-5.04568,36.51814],[-5.04603,36.5181],[-5.04653,36.51819],[-5.04675,36.5181],[-5.04671,36.51824],[-5.04648,36.51827],[-5.04639,36.51837],[-5.04643,36.51883],[-5.0459,36.51874],[-5.04593,36.51856],[-5.04558,36.51851]]],[[[-5.04387,36.51889],[-5.0441,36.51848],[-5.04408,36.51818],[-5.04389,36.51796],[-5.04402,36.51788],[-5.04421,36.51829],[-5.04419,36.51862],[-5.04442,36.51888],[-5.04448,36.51921],[-5.0445,36.5198],[-5.04436,36.51999],[-5.04414,36.52007],[-5.04255,36.5197],[-5.04387,36.51889]]],[[[-5.04512,36.52004],[-5.04541,36.52041],[-5.04505,36.52042],[-5.04508,36.51883],[-5.04521,36.51863],[-5.0452,36.51882],[-5.04545,36.51885],[-5.04543,36.51957],[-5.04512,36.52004]]],[[[-5.06265,36.51966],[-5.062,36.51964],[-5.06169,36.51955],[-5.06152,36.51932],[-5.06133,36.5193],[-5.06131,36.5191],[-5.06143,36.51905],[-5.06163,36.51912],[-5.06168,36.51903],[-5.06165,36.51872],[-5.0629,36.51856],[-5.06298,36.51881],[-5.0633,36.51896],[-5.06351,36.5193],[-5.06341,36.51978],[-5.06325,36.52002],[-5.06308,36.51998],[-5.06289,36.51977],[-5.06265,36.51966]]],[[[-5.03541,36.51905],[-5.03548,36.51925],[-5.03528,36.51961],[-5.03542,36.52006],[-5.03534,36.52043],[-5.03563,36.52126],[-5.036,36.52167],[-5.03607,36.52204],[-5.03562,36.52178],[-5.03554,36.52138],[-5.03499,36.52111],[-5.03458,36.52079],[-5.03448,36.52065],[-5.03447,36.52018],[-5.03462,36.51997],[-5.03454,36.51978],[-5.03434,36.51966],[-5.03407,36.51914],[-5.03412,36.51901],[-5.03502,36.51897],[-5.03541,36.51905]]],[[[-5.02888,36.5198],[-5.02889,36.51962],[-5.02908,36.51961],[-5.02936,36.51971],[-5.02952,36.51939],[-5.02987,36.5196],[-5.02993,36.51974],[-5.02956,36.51969],[-5.02998,36.52004],[-5.02963,36.52007],[-5.02963,36.52015],[-5.02984,36.52041],[-5.02998,36.52041],[-5.03047,36.52072],[-5.03054,36.52082],[-5.03049,36.52113],[-5.03031,36.52105],[-5.03007,36.52108],[-5.02937,36.52132],[-5.02908,36.52155],[-5.02899,36.5218],[-5.02875,36.52184],[-5.02877,36.52147],[-5.02888,36.52139],[-5.02873,36.5211],[-5.02836,36.52078],[-5.02865,36.52086],[-5.02899,36.52081],[-5.029,36.52067],[-5.02886,36.52048],[-5.02908,36.52043],[-5.02916,36.52025],[-5.02888,36.5198]]],[[[-5.03239,36.52181],[-5.03232,36.52162],[-5.03121,36.52148],[-5.03093,36.52136],[-5.03096,36.51998],[-5.03168,36.5197],[-5.03269,36.51965],[-5.03362,36.52039],[-5.03368,36.52052],[-5.03253,36.52062],[-5.03209,36.52076],[-5.03198,36.52094],[-5.03218,36.52106],[-5.03325,36.52121],[-5.0335,36.52134],[-5.0335,36.52212],[-5.03335,36.5223],[-5.03337,36.52238],[-5.03254,36.5226],[-5.03167,36.52252],[-5.03131,36.52235],[-5.03239,36.52181]]],[[[-5.04247,36.52538],[-5.04247,36.52544],[-5.04212,36.52536],[-5.0413,36.52508],[-5.0412,36.52525],[-5.03999,36.52493],[-5.03896,36.52481],[-5.03851,36.52465],[-5.03803,36.52459],[-5.03738,36.52429],[-5.03667,36.52384],[-5.03632,36.52349],[-5.03618,36.52316],[-5.03657,36.52268],[-5.03672,36.52214],[-5.03701,36.52188],[-5.03766,36.5218],[-5.03807,36.52197],[-5.03838,36.52194],[-5.03885,36.52172],[-5.039,36.52145],[-5.039,36.52116],[-5.03941,36.52059],[-5.04049,36.51978],[-5.04118,36.51968],[-5.04144,36.51987],[-5.04157,36.51955],[-5.04281,36.51851],[-5.04312,36.51871],[-5.04208,36.51941],[-5.04162,36.51998],[-5.04149,36.52074],[-5.04165,36.52141],[-5.04133,36.52149],[-5.04124,36.52127],[-5.04107,36.52135],[-5.04106,36.52157],[-5.04086,36.52161],[-5.04069,36.52254],[-5.04087,36.52276],[-5.04125,36.52287],[-5.04188,36.52263],[-5.04137,36.52161],[-5.0414,36.52155],[-5.04166,36.52148],[-5.04189,36.52186],[-5.042,36.52197],[-5.04218,36.52199],[-5.04242,36.52276],[-5.04274,36.52272],[-5.0428,36.52285],[-5.04262,36.52338],[-5.04299,36.52408],[-5.04283,36.52424],[-5.04292,36.52512],[-5.04297,36.52521],[-5.04348,36.52545],[-5.04359,36.52541],[-5.04362,36.52546],[-5.04339,36.5256],[-5.04362,36.52567],[-5.04488,36.52563],[-5.0448,36.52596],[-5.04388,36.52594],[-5.04389,36.52601],[-5.04304,36.52595],[-5.04274,36.52584],[-5.04263,36.52554],[-5.04247,36.52538]],[[-5.04338,36.5256],[-5.04305,36.52547],[-5.04339,36.5256],[-5.04338,36.5256]]],[[[-5.0344,36.52151],[-5.03454,36.52135],[-5.03503,36.52123],[-5.03529,36.52147],[-5.03528,36.52172],[-5.03517,36.52194],[-5.03467,36.52212],[-5.03446,36.52256],[-5.03452,36.5228],[-5.03511,36.5231],[-5.03529,36.52331],[-5.03546,36.52406],[-5.03457,36.52538],[-5.03431,36.52531],[-5.03434,36.52523],[-5.034,36.52494],[-5.03379,36.52493],[-5.03282,36.52519],[-5.03298,36.52499],[-5.03338,36.52482],[-5.0338,36.5243],[-5.0339,36.52401],[-5.03394,36.52335],[-5.0341,36.52302],[-5.03397,36.52246],[-5.0341,36.52242],[-5.03425,36.52197],[-5.03434,36.52201],[-5.03455,36.52191],[-5.0344,36.52151]]],[[[-5.04499,36.52353],[-5.04463,36.524],[-5.04432,36.52419],[-5.04455,36.52429],[-5.04505,36.52416],[-5.04498,36.52453],[-5.04429,36.52448],[-5.04421,36.52457],[-5.04381,36.52461],[-5.04351,36.52441],[-5.04347,36.52445],[-5.04291,36.52377],[-5.04273,36.52335],[-5.04284,36.52304],[-5.04314,36.52313],[-5.04345,36.5231],[-5.04359,36.52338],[-5.04393,36.52332],[-5.04412,36.52346],[-5.04467,36.52328],[-5.04499,36.52353]]],[[[-5.04513,36.52599],[-5.04489,36.52602],[-5.04501,36.52557],[-5.04552,36.52571],[-5.04583,36.52595],[-5.04533,36.52614],[-5.04513,36.52599]]],[[[-5.0357,36.52938],[-5.03556,36.52894],[-5.03501,36.52876],[-5.03474,36.52936],[-5.03452,36.52948],[-5.0345,36.53001],[-5.03419,36.52991],[-5.03394,36.53002],[-5.03368,36.52993],[-5.03328,36.52994],[-5.03301,36.52957],[-5.0331,36.52939],[-5.03365,36.52875],[-5.03383,36.52839],[-5.03434,36.52792],[-5.03485,36.527],[-5.03569,36.52641],[-5.03585,36.52581],[-5.03624,36.52506],[-5.03612,36.52445],[-5.03613,36.52394],[-5.03646,36.52394],[-5.03729,36.52447],[-5.03749,36.52446],[-5.03781,36.52457],[-5.03811,36.52482],[-5.0381,36.52497],[-5.03866,36.5252],[-5.03894,36.52519],[-5.0389,36.52564],[-5.0387,36.52571],[-5.03826,36.52568],[-5.03806,36.52558],[-5.03801,36.52575],[-5.03809,36.52599],[-5.03762,36.52669],[-5.03717,36.52673],[-5.03613,36.52711],[-5.03605,36.52727],[-5.03606,36.52793],[-5.03592,36.52814],[-5.0359,36.5284],[-5.036,36.52885],[-5.03586,36.52925],[-5.0357,36.52938]]],[[[-5.02839,36.5286],[-5.02837,36.52852],[-5.02894,36.52834],[-5.02947,36.52842],[-5.02971,36.52823],[-5.0298,36.528],[-5.0301,36.528],[-5.03024,36.52754],[-5.03066,36.52715],[-5.03091,36.52675],[-5.0308,36.52647],[-5.03037,36.52649],[-5.0305,36.52636],[-5.03109,36.52621],[-5.03157,36.52635],[-5.03177,36.52632],[-5.03226,36.52704],[-5.03238,36.5273],[-5.03234,36.5274],[-5.0321,36.52773],[-5.03132,36.52833],[-5.03094,36.52898],[-5.03068,36.52903],[-5.03043,36.52891],[-5.03027,36.52894],[-5.03008,36.52921],[-5.02993,36.52925],[-5.02977,36.52916],[-5.02948,36.52914],[-5.02938,36.52874],[-5.02924,36.52865],[-5.02901,36.52858],[-5.02839,36.5286]]],[[[-5.03823,36.53158],[-5.03793,36.53181],[-5.03776,36.53174],[-5.03752,36.53143],[-5.03654,36.5312],[-5.03649,36.53064],[-5.03671,36.53037],[-5.0367,36.53027],[-5.03647,36.53016],[-5.03652,36.53001],[-5.03661,36.53007],[-5.03677,36.52988],[-5.03757,36.53058],[-5.03771,36.53053],[-5.03817,36.53068],[-5.03813,36.53102],[-5.03823,36.53158]]],[[[-5.07346,36.59965],[-5.07324,36.60012],[-5.07322,36.60122],[-5.07278,36.60191],[-5.07243,36.60226],[-5.07179,36.60269],[-5.07125,36.60234],[-5.07056,36.60154],[-5.07053,36.60108],[-5.07064,36.60087],[-5.07122,36.60028],[-5.0722,36.59961],[-5.07256,36.59947],[-5.07295,36.59942],[-5.07334,36.59946],[-5.07346,36.59965]]],[[[-5.0738,36.62223],[-5.0725,36.62343],[-5.07237,36.62383],[-5.07149,36.62474],[-5.07119,36.62537],[-5.07072,36.62587],[-5.07013,36.62618],[-5.06845,36.62662],[-5.06857,36.62716],[-5.06766,36.6272],[-5.06705,36.62706],[-5.06754,36.62629],[-5.06734,36.62602],[-5.06682,36.62607],[-5.06631,36.62669],[-5.06518,36.62679],[-5.06494,36.62655],[-5.06497,36.62621],[-5.06553,36.62598],[-5.06607,36.62557],[-5.06622,36.62512],[-5.06545,36.62475],[-5.06524,36.62452],[-5.0652,36.62426],[-5.06565,36.62386],[-5.06626,36.62375],[-5.06675,36.62354],[-5.06704,36.62317],[-5.06714,36.62247],[-5.06691,36.62216],[-5.06519,36.62241],[-5.06514,36.62198],[-5.06558,36.62156],[-5.06583,36.62093],[-5.06585,36.62014],[-5.06673,36.61965],[-5.06705,36.61931],[-5.06746,36.61941],[-5.06837,36.61864],[-5.06899,36.61854],[-5.06988,36.61866],[-5.07045,36.61897],[-5.07172,36.61883],[-5.07228,36.61901],[-5.07274,36.61957],[-5.07293,36.62046],[-5.07366,36.62128],[-5.07407,36.62157],[-5.07426,36.62193],[-5.0738,36.62223]]],[[[-5.08634,36.6437],[-5.08683,36.64332],[-5.08861,36.64277],[-5.08899,36.64207],[-5.089,36.64184],[-5.08949,36.64147],[-5.09136,36.64176],[-5.09235,36.64233],[-5.09232,36.64293],[-5.09164,36.64324],[-5.09228,36.64388],[-5.09111,36.64419],[-5.09144,36.64482],[-5.08998,36.64574],[-5.09031,36.6466],[-5.08966,36.6469],[-5.08889,36.64701],[-5.08819,36.64833],[-5.08804,36.64782],[-5.08577,36.64599],[-5.0867,36.64599],[-5.0887,36.64687],[-5.08901,36.64671],[-5.0895,36.64599],[-5.08881,36.64541],[-5.08815,36.64461],[-5.08634,36.6437]]],[[[-5.06426,36.67088],[-5.06462,36.67094],[-5.06553,36.67072],[-5.06652,36.67088],[-5.06692,36.67121],[-5.06853,36.6708],[-5.06796,36.67034],[-5.0677,36.66988],[-5.07003,36.66995],[-5.07279,36.6704],[-5.07454,36.66989],[-5.07611,36.66982],[-5.0771,36.67005],[-5.07502,36.67125],[-5.0728,36.67161],[-5.07136,36.67095],[-5.0714,36.67254],[-5.07037,36.67311],[-5.0679,36.67361],[-5.06671,36.67464],[-5.06581,36.67564],[-5.06341,36.67448],[-5.06304,36.67422],[-5.06352,36.67363],[-5.06351,36.67326],[-5.0643,36.67254],[-5.06382,36.67216],[-5.06426,36.67088]]],[[[-5.11126,36.67243],[-5.11152,36.67181],[-5.11279,36.67148],[-5.11317,36.6718],[-5.11263,36.672],[-5.11272,36.67303],[-5.11225,36.67315],[-5.11146,36.67244],[-5.11126,36.67243]]],[[[-5.11277,36.67519],[-5.11196,36.67625],[-5.11179,36.67523],[-5.11108,36.67524],[-5.10923,36.67544],[-5.10948,36.67473],[-5.111,36.67437],[-5.11151,36.674],[-5.11296,36.67377],[-5.11352,36.67348],[-5.11406,36.67293],[-5.11431,36.67351],[-5.11277,36.67519]]],[[[-5.11787,36.67857],[-5.11667,36.67964],[-5.11734,36.67826],[-5.11719,36.67791],[-5.1162,36.67756],[-5.11544,36.67771],[-5.11506,36.67673],[-5.11605,36.67659],[-5.11644,36.67618],[-5.11585,36.67602],[-5.11573,36.67528],[-5.11596,36.67473],[-5.11697,36.67434],[-5.11697,36.6736],[-5.11745,36.67351],[-5.11761,36.67472],[-5.11712,36.67507],[-5.11699,36.67569],[-5.11751,36.67566],[-5.11841,36.67543],[-5.11884,36.67569],[-5.11826,36.67675],[-5.11787,36.67857]]],[[[-5.05803,36.67899],[-5.05784,36.67864],[-5.06138,36.67768],[-5.06081,36.67861],[-5.06206,36.67844],[-5.06193,36.67989],[-5.06173,36.68009],[-5.05703,36.68009],[-5.05803,36.67899]]],[[[-5.03677,36.67909],[-5.03661,36.68012],[-5.03609,36.68012],[-5.03677,36.67909]]],[[[-5.03853,36.6793],[-5.03745,36.68012],[-5.03692,36.68012],[-5.03811,36.67921],[-5.03853,36.6793]]],[[[-5.04289,36.68011],[-5.0407,36.68011],[-5.0411,36.67989],[-5.04198,36.67975],[-5.04277,36.67995],[-5.04289,36.68011]]],[[[-5.11522,36.67956],[-5.11484,36.67934],[-5.11442,36.67931],[-5.11446,36.67867],[-5.11501,36.6785],[-5.11538,36.67861],[-5.11545,36.67945],[-5.11522,36.67956]]],[[[-5.01882,36.46241],[-5.01967,36.46226],[-5.01957,36.46198],[-5.01904,36.46204],[-5.01902,36.46196],[-5.01972,36.46172],[-5.02335,36.46103],[-5.02341,36.46126],[-5.02352,36.46124],[-5.02377,36.46243],[-5.02387,36.46244],[-5.02382,36.46256],[-5.01827,36.46344],[-5.01791,36.46217],[-5.01834,36.46206],[-5.01843,36.46217],[-5.01864,36.4621],[-5.01882,36.46241]]],[[[-5.00157,36.46701],[-5.00122,36.46718],[-5.00041,36.46604],[-5.00032,36.46609],[-4.99963,36.46494],[-4.99958,36.46473],[-5.00012,36.46444],[-5.00089,36.46576],[-5.0007,36.46587],[-5.00157,36.46701]]],[[[-5.00877,36.46572],[-5.00908,36.46651],[-5.00919,36.46692],[-5.00916,36.46727],[-5.00852,36.46861],[-5.00823,36.46888],[-5.00803,36.46959],[-5.0079,36.46957],[-5.0079,36.46932],[-5.00892,36.46728],[-5.00892,36.46686],[-5.0086,36.46544],[-5.00865,36.46487],[-5.00859,36.4645],[-5.00825,36.46415],[-5.0064,36.4635],[-5.00557,36.46301],[-5.00541,36.46198],[-5.00564,36.46304],[-5.0063,36.46337],[-5.00797,36.46392],[-5.00852,36.46432],[-5.00864,36.46451],[-5.00877,36.46572]]],[[[-5.00581,36.46299],[-5.00566,36.4624],[-5.0057,36.46197],[-5.00588,36.4629],[-5.00849,36.46392],[-5.009,36.4644],[-5.00949,36.46699],[-5.00948,36.46755],[-5.0091,36.46847],[-5.00871,36.46896],[-5.00834,36.46964],[-5.00836,36.46953],[-5.0082,36.4695],[-5.00824,36.46936],[-5.00844,36.46915],[-5.0086,36.46876],[-5.00884,36.46856],[-5.00931,36.46764],[-5.00943,36.46704],[-5.00929,36.4663],[-5.00899,36.46556],[-5.00903,36.46541],[-5.00886,36.46456],[-5.00841,36.46392],[-5.00646,36.46332],[-5.00581,36.46299]]],[[[-4.9983,36.46525],[-4.99863,36.46609],[-4.99864,36.46735],[-4.99811,36.46727],[-4.99819,36.46619],[-4.99777,36.46544],[-4.9983,36.46525]]],[[[-5.02041,36.46616],[-5.02255,36.46571],[-5.02276,36.46545],[-5.02366,36.46524],[-5.02376,36.46547],[-5.02282,36.46675],[-5.02253,36.46661],[-5.02174,36.46664],[-5.02051,36.46683],[-5.02041,36.46616]]],[[[-4.99777,36.4697],[-4.99836,36.46938],[-4.99861,36.46967],[-4.99802,36.46999],[-4.99777,36.4697]]],[[[-5.01218,36.46971],[-5.01297,36.46949],[-5.01208,36.47015],[-5.01201,36.47],[-5.01178,36.46992],[-5.01218,36.46971]]],[[[-5.02274,36.47216],[-5.02284,36.47235],[-5.02241,36.47235],[-5.02243,36.47198],[-5.0223,36.47188],[-5.02287,36.47174],[-5.02274,36.47216]]],[[[-5.00137,36.47307],[-5.0018,36.4729],[-5.00191,36.47309],[-5.00189,36.47348],[-5.00162,36.47349],[-5.00137,36.47307]]],[[[-5.01935,36.47307],[-5.01905,36.47304],[-5.019,36.4732],[-5.01878,36.47335],[-5.01844,36.47313],[-5.01845,36.47307],[-5.019,36.47293],[-5.01895,36.47258],[-5.01913,36.4725],[-5.01911,36.47259],[-5.01924,36.47264],[-5.01928,36.47257],[-5.01945,36.47255],[-5.01958,36.47285],[-5.01935,36.47296],[-5.01935,36.47307]]],[[[-5.00558,36.4732],[-5.00835,36.47281],[-5.00836,36.4729],[-5.00707,36.47312],[-5.00647,36.47375],[-5.00647,36.47347],[-5.0061,36.47353],[-5.00573,36.47323],[-5.00558,36.47326],[-5.00558,36.4732]]],[[[-5.0143,36.47354],[-5.01432,36.47325],[-5.01574,36.4711],[-5.01612,36.47128],[-5.01647,36.47131],[-5.01648,36.47115],[-5.01673,36.47115],[-5.01706,36.47348],[-5.01827,36.47322],[-5.01857,36.4736],[-5.0186,36.47394],[-5.01786,36.47402],[-5.01792,36.47444],[-5.01758,36.47454],[-5.01717,36.47441],[-5.01712,36.47501],[-5.01756,36.47498],[-5.01757,36.4753],[-5.01739,36.47551],[-5.01637,36.47566],[-5.0153,36.47433],[-5.0152,36.47362],[-5.01431,36.47367],[-5.01434,36.47385],[-5.01386,36.47389],[-5.01381,36.47358],[-5.0143,36.47354]]],[[[-5.02247,36.47451],[-5.02277,36.47457],[-5.02278,36.47442],[-5.02305,36.47444],[-5.023,36.47496],[-5.02232,36.4749],[-5.02247,36.47451]]],[[[-5.00911,36.47279],[-5.00914,36.47267],[-5.0103,36.47255],[-5.01114,36.47287],[-5.0112,36.47296],[-5.01102,36.47303],[-5.01094,36.47319],[-5.01043,36.47326],[-5.01069,36.47378],[-5.01182,36.47352],[-5.01215,36.47441],[-5.01219,36.47506],[-5.01276,36.47655],[-5.00977,36.477],[-5.00973,36.47746],[-5.00958,36.47746],[-5.0094,36.47639],[-5.00931,36.47332],[-5.00911,36.47279]]],[[[-4.99532,36.47523],[-4.99587,36.47587],[-4.99549,36.47636],[-4.99525,36.47622],[-4.99531,36.47613],[-4.99504,36.47591],[-4.99486,36.47548],[-4.99485,36.47492],[-4.99524,36.47481],[-4.99532,36.47523]]],[[[-4.99804,36.47566],[-4.99793,36.47594],[-4.9975,36.47635],[-4.99686,36.47581],[-4.996,36.47486],[-4.99689,36.47524],[-4.99696,36.47534],[-4.99759,36.47558],[-4.99804,36.47566]]],[[[-4.99269,36.4763],[-4.99322,36.47601],[-4.99336,36.47682],[-4.99298,36.47691],[-4.99308,36.4772],[-4.99294,36.47724],[-4.99269,36.4763]]],[[[-5.01788,36.47662],[-5.01784,36.47682],[-5.01707,36.477],[-5.017,36.47646],[-5.01821,36.47622],[-5.01821,36.47657],[-5.01788,36.47662]]],[[[-5.02042,36.47698],[-5.01984,36.47699],[-5.01988,36.4771],[-5.01962,36.47715],[-5.01942,36.47698],[-5.01945,36.47618],[-5.02056,36.47628],[-5.02115,36.47625],[-5.02127,36.47638],[-5.02138,36.47639],[-5.02149,36.47699],[-5.02119,36.47718],[-5.02084,36.47688],[-5.02042,36.47698]]],[[[-5.02186,36.4778],[-5.02158,36.47685],[-5.02157,36.47635],[-5.02169,36.47634],[-5.0221,36.47682],[-5.02228,36.47719],[-5.02231,36.47778],[-5.02186,36.4778]]],[[[-5.0136,36.47675],[-5.01346,36.47681],[-5.01358,36.47715],[-5.01375,36.47721],[-5.01381,36.47753],[-5.01372,36.47754],[-5.01374,36.47761],[-5.01398,36.47757],[-5.0142,36.47782],[-5.01437,36.47777],[-5.0144,36.47769],[-5.01462,36.47773],[-5.01475,36.47783],[-5.01482,36.47812],[-5.01468,36.47839],[-5.01504,36.47833],[-5.01508,36.47852],[-5.01554,36.47849],[-5.01569,36.47895],[-5.01545,36.47903],[-5.0156,36.47948],[-5.01419,36.4797],[-5.01382,36.4784],[-5.01274,36.47558],[-5.01282,36.47535],[-5.01318,36.47527],[-5.01339,36.47536],[-5.01352,36.47562],[-5.01371,36.47567],[-5.01372,36.47572],[-5.01343,36.47577],[-5.01348,36.47589],[-5.01341,36.47592],[-5.0136,36.47675]]],[[[-5.01311,36.47865],[-5.01272,36.47779],[-5.01304,36.47768],[-5.01347,36.47858],[-5.01311,36.47865]]],[[[-5.01694,36.47814],[-5.01723,36.47918],[-5.01637,36.47932],[-5.01624,36.47901],[-5.01584,36.47909],[-5.01561,36.47861],[-5.01568,36.47838],[-5.01584,36.47825],[-5.01694,36.47814]]],[[[-5.01925,36.47905],[-5.01958,36.48054],[-5.01946,36.48057],[-5.01919,36.47964],[-5.01865,36.47974],[-5.0182,36.47885],[-5.01809,36.47834],[-5.01872,36.47882],[-5.01925,36.47905]]],[[[-5.01593,36.47995],[-5.01564,36.4801],[-5.0153,36.48],[-5.01487,36.47968],[-5.01572,36.47952],[-5.01593,36.47995]]],[[[-5.0182,36.47995],[-5.018,36.47999],[-5.01794,36.47981],[-5.01852,36.47958],[-5.01889,36.48068],[-5.01844,36.48076],[-5.0182,36.47995]]],[[[-5.02051,36.48048],[-5.02101,36.48042],[-5.02078,36.48126],[-5.02055,36.48123],[-5.02051,36.48048]]],[[[-5.01347,36.48421],[-5.01398,36.48559],[-5.01372,36.48562],[-5.01301,36.48391],[-5.01248,36.48336],[-5.01196,36.48296],[-5.01161,36.48176],[-5.01109,36.48102],[-5.01008,36.47987],[-5.01011,36.47981],[-5.01033,36.47995],[-5.0114,36.48087],[-5.01234,36.48254],[-5.01306,36.48274],[-5.01341,36.48352],[-5.0132,36.48349],[-5.01369,36.48422],[-5.01347,36.48421]]],[[[-5.00868,36.48664],[-5.00833,36.48603],[-5.00804,36.48506],[-5.00786,36.48476],[-5.00799,36.48471],[-5.00918,36.48527],[-5.00938,36.48545],[-5.00972,36.48486],[-5.00973,36.48457],[-5.01217,36.48418],[-5.01177,36.48334],[-5.01136,36.48272],[-5.01157,36.48265],[-5.01228,36.48399],[-5.01281,36.48437],[-5.01325,36.48502],[-5.01338,36.48553],[-5.01332,36.4863],[-5.01276,36.48866],[-5.01263,36.48959],[-5.01267,36.48996],[-5.01257,36.48999],[-5.01243,36.48974],[-5.01209,36.48977],[-5.01224,36.48947],[-5.01125,36.48955],[-5.01083,36.48895],[-5.01216,36.48869],[-5.01207,36.48839],[-5.01149,36.4885],[-5.01146,36.48839],[-5.01189,36.48823],[-5.01162,36.48748],[-5.01119,36.48756],[-5.01114,36.48744],[-5.01156,36.48735],[-5.01095,36.48618],[-5.00919,36.48653],[-5.00924,36.48686],[-5.00899,36.48694],[-5.00868,36.48664]]],[[[-5.00686,36.4875],[-5.007,36.4875],[-5.00763,36.48721],[-5.00854,36.48936],[-5.00801,36.48944],[-5.00803,36.48923],[-5.00793,36.48919],[-5.0073,36.48936],[-5.00686,36.4875]]],[[[-5.00772,36.48956],[-5.00872,36.49063],[-5.00733,36.49076],[-5.00732,36.49116],[-5.00647,36.49088],[-5.00687,36.49055],[-5.00672,36.48972],[-5.00772,36.48956]]],[[[-5.01258,36.49088],[-5.01228,36.49108],[-5.01178,36.49056],[-5.01159,36.49067],[-5.01109,36.49019],[-5.01181,36.49002],[-5.01258,36.49088]]],[[[-5.02003,36.49698],[-5.01875,36.49708],[-5.01813,36.4956],[-5.01782,36.49531],[-5.01667,36.49516],[-5.0162,36.49491],[-5.0154,36.49396],[-5.01484,36.49301],[-5.01313,36.49066],[-5.0129,36.49018],[-5.01287,36.48891],[-5.01313,36.48788],[-5.01371,36.48636],[-5.01371,36.48571],[-5.01564,36.48532],[-5.01699,36.4902],[-5.01706,36.49072],[-5.01681,36.49218],[-5.01648,36.49268],[-5.01673,36.49297],[-5.017,36.49352],[-5.0178,36.49449],[-5.01863,36.4951],[-5.01993,36.49557],[-5.02041,36.49586],[-5.02084,36.49623],[-5.02142,36.49699],[-5.02003,36.49698]]],[[[-5.00626,36.49098],[-5.0062,36.4911],[-5.00672,36.49135],[-5.00674,36.49163],[-5.00661,36.49213],[-5.00525,36.49236],[-5.005,36.49197],[-5.00466,36.49204],[-5.00431,36.49232],[-5.00387,36.49117],[-5.00398,36.49085],[-5.00427,36.49079],[-5.00528,36.49091],[-5.00569,36.49102],[-5.00574,36.49096],[-5.00556,36.49083],[-5.00603,36.4909],[-5.00626,36.49098]]],[[[-5.01927,36.49303],[-5.01853,36.49238],[-5.01881,36.49204],[-5.01977,36.49256],[-5.01971,36.49289],[-5.0196,36.493],[-5.01927,36.49303]]],[[[-5.02173,36.49414],[-5.02205,36.49432],[-5.02128,36.49461],[-5.02075,36.49469],[-5.02084,36.49407],[-5.02162,36.49398],[-5.02173,36.49414]]],[[[-5.01153,36.49856],[-5.01187,36.49809],[-5.01206,36.49706],[-5.01188,36.49574],[-5.012,36.4954],[-5.01279,36.49563],[-5.01308,36.49563],[-5.0134,36.4955],[-5.01395,36.49488],[-5.01445,36.49388],[-5.01424,36.494],[-5.01417,36.49389],[-5.01388,36.49394],[-5.01358,36.49369],[-5.01423,36.49319],[-5.01398,36.49286],[-5.01427,36.49265],[-5.01581,36.4948],[-5.01634,36.49527],[-5.01672,36.49542],[-5.01772,36.4955],[-5.01798,36.4957],[-5.01827,36.49625],[-5.01844,36.49714],[-5.01699,36.49743],[-5.01339,36.49853],[-5.01156,36.49887],[-5.01153,36.49856]],[[-5.01387,36.49784],[-5.01405,36.49691],[-5.01254,36.49649],[-5.01288,36.49713],[-5.01273,36.49777],[-5.01387,36.49784]]],[[[-5.01922,36.50207],[-5.01808,36.50146],[-5.01774,36.50067],[-5.01758,36.50002],[-5.01716,36.49916],[-5.01725,36.4987],[-5.01819,36.49843],[-5.02036,36.49906],[-5.02007,36.4991],[-5.01996,36.49924],[-5.01993,36.50009],[-5.01921,36.50017],[-5.01903,36.50072],[-5.01906,36.50097],[-5.01967,36.50136],[-5.01983,36.50202],[-5.01994,36.5021],[-5.01922,36.50207]]],[[[-5.00784,36.50861],[-5.00748,36.50866],[-5.00743,36.50848],[-5.0077,36.50826],[-5.00782,36.50804],[-5.0077,36.50789],[-5.00766,36.50756],[-5.00784,36.5073],[-5.00796,36.5073],[-5.0078,36.50745],[-5.00789,36.50753],[-5.00792,36.50799],[-5.008,36.50806],[-5.0083,36.50803],[-5.00857,36.50782],[-5.00887,36.50776],[-5.00881,36.50767],[-5.00832,36.50746],[-5.00836,36.50741],[-5.00926,36.5076],[-5.00976,36.50739],[-5.0099,36.50772],[-5.01005,36.50784],[-5.01242,36.50782],[-5.01183,36.50834],[-5.01113,36.5086],[-5.011,36.50851],[-5.0107,36.50856],[-5.01037,36.50872],[-5.01017,36.50843],[-5.01004,36.50838],[-5.00992,36.50841],[-5.0099,36.50851],[-5.00858,36.50831],[-5.00784,36.50861]]],[[[-5.00676,36.50701],[-5.00687,36.50692],[-5.0071,36.50721],[-5.00728,36.5081],[-5.00707,36.50836],[-5.00693,36.5089],[-5.00693,36.5098],[-5.00647,36.50994],[-5.00625,36.51018],[-5.00613,36.5102],[-5.00579,36.51004],[-5.00578,36.50961],[-5.00592,36.50935],[-5.0063,36.50918],[-5.00651,36.50893],[-5.00628,36.50852],[-5.00649,36.50823],[-5.0062,36.50792],[-5.00616,36.50779],[-5.0063,36.50767],[-5.0061,36.50745],[-5.00653,36.50728],[-5.00672,36.5074],[-5.00676,36.50701]]],[[[-5.00139,36.50957],[-5.00129,36.50949],[-5.00104,36.50945],[-5.00098,36.50952],[-5.00087,36.5095],[-5.00083,36.50936],[-5.00096,36.50927],[-5.00101,36.509],[-5.0012,36.50895],[-5.00136,36.50878],[-5.00174,36.50909],[-5.0016,36.50945],[-5.00163,36.50982],[-5.00124,36.51038],[-5.00139,36.50957]]],[[[-5.00286,36.50867],[-5.00296,36.50851],[-5.00313,36.50845],[-5.00292,36.50881],[-5.00253,36.50863],[-5.00234,36.50884],[-5.00236,36.50897],[-5.00277,36.50901],[-5.00276,36.50915],[-5.00246,36.50926],[-5.00286,36.50954],[-5.00284,36.50969],[-5.00308,36.50983],[-5.00313,36.51018],[-5.00321,36.50993],[-5.00334,36.51014],[-5.00354,36.5102],[-5.00385,36.51018],[-5.00384,36.51039],[-5.00421,36.51034],[-5.00425,36.51041],[-5.00392,36.51059],[-5.00349,36.51057],[-5.00339,36.51066],[-5.00331,36.5113],[-5.00344,36.51138],[-5.00363,36.51134],[-5.00366,36.51122],[-5.00399,36.51113],[-5.00405,36.51143],[-5.00455,36.51157],[-5.005,36.51062],[-5.0053,36.51054],[-5.00543,36.51064],[-5.00506,36.51149],[-5.00444,36.51186],[-5.00401,36.51178],[-5.00371,36.51155],[-5.00343,36.51152],[-5.00305,36.51176],[-5.00284,36.5114],[-5.0028,36.51109],[-5.00259,36.511],[-5.00257,36.51078],[-5.00277,36.51063],[-5.00258,36.51016],[-5.00226,36.50991],[-5.00212,36.50991],[-5.00191,36.50908],[-5.00208,36.50829],[-5.00229,36.50822],[-5.00286,36.50867]]],[[[-5.00975,36.51125],[-5.00942,36.51094],[-5.00907,36.51093],[-5.00831,36.51063],[-5.00831,36.51041],[-5.00862,36.51001],[-5.00882,36.50934],[-5.009,36.5093],[-5.00907,36.50917],[-5.00891,36.50881],[-5.00925,36.50896],[-5.00953,36.50952],[-5.00988,36.50977],[-5.00992,36.50989],[-5.00983,36.51007],[-5.00995,36.51038],[-5.01049,36.51089],[-5.01087,36.51106],[-5.01112,36.51099],[-5.01167,36.51103],[-5.01196,36.51128],[-5.01224,36.51137],[-5.01283,36.51178],[-5.01294,36.51198],[-5.01275,36.51215],[-5.01192,36.51217],[-5.01114,36.51203],[-5.01077,36.51206],[-5.01015,36.51182],[-5.01004,36.51196],[-5.00934,36.51223],[-5.00893,36.51231],[-5.00887,36.51224],[-5.00892,36.51213],[-5.00919,36.51204],[-5.00968,36.51168],[-5.00975,36.51146],[-5.00975,36.51125]]],[[[-4.99666,36.5116],[-4.99653,36.51217],[-4.99614,36.51247],[-4.99612,36.51275],[-4.99636,36.51342],[-4.9963,36.51348],[-4.99589,36.51251],[-4.99597,36.51238],[-4.99578,36.51215],[-4.99627,36.51167],[-4.99668,36.51147],[-4.99669,36.51135],[-4.99713,36.51109],[-4.99731,36.51107],[-4.99736,36.51121],[-4.9972,36.51133],[-4.99666,36.5116]]],[[[-4.99742,36.51291],[-4.99757,36.51284],[-4.99743,36.51261],[-4.99751,36.51257],[-4.99742,36.51236],[-4.99718,36.51202],[-4.99719,36.51186],[-4.99752,36.51178],[-4.99749,36.51229],[-4.99773,36.51285],[-4.99795,36.51283],[-4.99801,36.51299],[-4.99815,36.51298],[-4.99799,36.51323],[-4.99781,36.51324],[-4.99742,36.51291]]],[[[-5.00135,36.51351],[-5.00137,36.51365],[-5.00105,36.51384],[-5.00001,36.51339],[-4.9995,36.51326],[-4.99949,36.51311],[-4.99906,36.51297],[-4.9989,36.51287],[-4.99889,36.51273],[-4.99905,36.51284],[-4.9991,36.51278],[-4.99969,36.51293],[-5.00009,36.51292],[-5.00003,36.51275],[-5.00033,36.51258],[-5.00056,36.51264],[-5.00074,36.51273],[-5.00094,36.51296],[-5.00135,36.51351]]],[[[-5.00069,36.51435],[-5.00094,36.51451],[-5.00097,36.51468],[-5.00066,36.51469],[-4.99902,36.5143],[-4.9991,36.51408],[-4.99851,36.51373],[-4.9984,36.5138],[-4.9978,36.51335],[-4.99807,36.51327],[-4.99827,36.51305],[-4.99814,36.51253],[-4.99847,36.5125],[-4.99856,36.51243],[-4.99867,36.51247],[-4.99882,36.51258],[-4.99891,36.51307],[-4.99865,36.51323],[-4.99947,36.51387],[-5.00069,36.51435]]],[[[-5.00263,36.51421],[-5.00224,36.5141],[-5.00205,36.51418],[-5.00193,36.51398],[-5.00212,36.51394],[-5.0022,36.51367],[-5.00245,36.51358],[-5.00233,36.51314],[-5.0021,36.51294],[-5.00242,36.51283],[-5.00269,36.51317],[-5.00293,36.51309],[-5.00309,36.51333],[-5.00287,36.51374],[-5.00269,36.5138],[-5.00271,36.51409],[-5.00263,36.51421]]],[[[-5.00791,36.51218],[-5.00779,36.51234],[-5.00788,36.51251],[-5.00779,36.51275],[-5.00711,36.51427],[-5.0067,36.51471],[-5.00593,36.51528],[-5.00592,36.5156],[-5.00548,36.51587],[-5.00511,36.51588],[-5.00512,36.5162],[-5.00493,36.51644],[-5.00448,36.51645],[-5.00432,36.51637],[-5.00428,36.51619],[-5.00472,36.51589],[-5.00561,36.51507],[-5.00691,36.51356],[-5.00702,36.51312],[-5.00722,36.5129],[-5.00741,36.51216],[-5.00836,36.51162],[-5.00836,36.51182],[-5.00813,36.51216],[-5.00791,36.51218]]],[[[-5.00889,36.51333],[-5.00893,36.51346],[-5.00858,36.51358],[-5.00837,36.51385],[-5.00817,36.51456],[-5.00699,36.51659],[-5.00706,36.51614],[-5.00793,36.51447],[-5.00804,36.51402],[-5.00833,36.51365],[-5.0086,36.51309],[-5.00909,36.5127],[-5.0097,36.51246],[-5.00959,36.51265],[-5.00909,36.51298],[-5.00889,36.51333]]],[[[-4.99983,36.5151],[-4.99997,36.51508],[-5.00034,36.51525],[-5.00064,36.51531],[-5.0007,36.51518],[-5.00142,36.51516],[-5.00162,36.51521],[-5.00179,36.51539],[-5.00038,36.51547],[-4.99974,36.51531],[-4.9966,36.51449],[-4.99651,36.51441],[-4.9966,36.51404],[-4.99688,36.51432],[-4.99699,36.51424],[-4.99714,36.51445],[-4.99764,36.51442],[-4.99858,36.5147],[-4.99879,36.51468],[-4.99902,36.5149],[-4.99947,36.5149],[-4.99983,36.5151]]],[[[-5.0061,36.51604],[-5.006,36.51599],[-5.00599,36.51588],[-5.00673,36.51528],[-5.00697,36.51491],[-5.00647,36.51599],[-5.0061,36.51604]]],[[[-5.00601,36.51613],[-5.00631,36.51615],[-5.00633,36.51622],[-5.00599,36.51663],[-5.00527,36.51677],[-5.00503,36.51655],[-5.00516,36.51644],[-5.0055,36.51638],[-5.00601,36.51613]]],[[[-5.00751,36.5168],[-5.00706,36.51672],[-5.0075,36.5166],[-5.0078,36.51636],[-5.00784,36.51597],[-5.00808,36.51573],[-5.00788,36.51615],[-5.00801,36.51619],[-5.00806,36.51633],[-5.00796,36.51646],[-5.00816,36.51649],[-5.00816,36.51666],[-5.00831,36.51669],[-5.0083,36.51679],[-5.00808,36.51689],[-5.00824,36.51693],[-5.00821,36.51698],[-5.00704,36.51719],[-5.00655,36.51754],[-5.00638,36.51755],[-5.00634,36.51722],[-5.00651,36.51713],[-5.00654,36.51689],[-5.00661,36.51683],[-5.00678,36.51683],[-5.00709,36.51693],[-5.00751,36.5168]]],[[[-5.00312,36.51723],[-5.00325,36.51742],[-5.00275,36.51745],[-5.00241,36.51728],[-5.00215,36.51696],[-5.00278,36.51698],[-5.00318,36.51682],[-5.00333,36.51668],[-5.00385,36.51687],[-5.00385,36.51697],[-5.00355,36.51699],[-5.00312,36.51723]]],[[[-5.00146,36.51698],[-5.00125,36.51665],[-5.00136,36.51655],[-5.00144,36.51658],[-5.00213,36.51722],[-5.00237,36.51739],[-5.00291,36.51758],[-5.0029,36.51763],[-5.00246,36.5176],[-5.0019,36.51732],[-5.00146,36.51698]]],[[[-5.00491,36.51798],[-5.00453,36.518],[-5.00451,36.51768],[-5.00467,36.51741],[-5.00529,36.51729],[-5.00569,36.51701],[-5.00587,36.51698],[-5.00491,36.51798]]],[[[-5.00522,36.51838],[-5.00555,36.51833],[-5.00561,36.51824],[-5.00543,36.51803],[-5.0068,36.51833],[-5.00719,36.51831],[-5.0069,36.5185],[-5.00705,36.5188],[-5.00695,36.5188],[-5.00692,36.51899],[-5.00668,36.51918],[-5.00657,36.51917],[-5.00659,36.51902],[-5.00635,36.51884],[-5.00615,36.51857],[-5.00572,36.51841],[-5.0054,36.51853],[-5.00489,36.51838],[-5.00468,36.51841],[-5.00464,36.51823],[-5.00445,36.5181],[-5.00461,36.51807],[-5.00499,36.51819],[-5.0049,36.51823],[-5.00522,36.51838]]],[[[-5.0093,36.51819],[-5.00931,36.51859],[-5.00999,36.51906],[-5.01024,36.51967],[-5.01019,36.51977],[-5.01007,36.51982],[-5.00999,36.51978],[-5.00996,36.51951],[-5.00987,36.51949],[-5.00958,36.51908],[-5.00882,36.5187],[-5.00869,36.51854],[-5.00868,36.51815],[-5.00888,36.51803],[-5.00898,36.51766],[-5.00904,36.51766],[-5.00913,36.51774],[-5.00914,36.51805],[-5.0093,36.51819]]],[[[-5.01388,36.51929],[-5.01439,36.51904],[-5.01472,36.519],[-5.01484,36.51863],[-5.01548,36.51816],[-5.01637,36.51803],[-5.01697,36.5177],[-5.01709,36.51751],[-5.01789,36.5174],[-5.01841,36.51711],[-5.01848,36.517],[-5.0187,36.51697],[-5.01884,36.51708],[-5.01901,36.51704],[-5.01938,36.51672],[-5.01972,36.51662],[-5.01975,36.51679],[-5.01968,36.5169],[-5.02045,36.51813],[-5.01988,36.51951],[-5.0199,36.51962],[-5.02007,36.5197],[-5.02008,36.51985],[-5.02021,36.51998],[-5.0205,36.51994],[-5.02057,36.52003],[-5.02075,36.52006],[-5.02061,36.52047],[-5.02068,36.52065],[-5.02097,36.52084],[-5.02065,36.52083],[-5.02076,36.52093],[-5.02028,36.52102],[-5.02015,36.52111],[-5.01952,36.52089],[-5.01929,36.52091],[-5.01917,36.52098],[-5.0192,36.52121],[-5.01958,36.52157],[-5.01956,36.52169],[-5.01933,36.52177],[-5.01862,36.52179],[-5.01831,36.52174],[-5.01798,36.52155],[-5.01766,36.52161],[-5.01749,36.5217],[-5.0173,36.52221],[-5.01709,36.52217],[-5.01673,36.52172],[-5.01622,36.52149],[-5.01595,36.52169],[-5.01579,36.52194],[-5.01539,36.52176],[-5.01485,36.52191],[-5.01387,36.52202],[-5.01339,36.52245],[-5.01339,36.52265],[-5.01262,36.52281],[-5.01239,36.52279],[-5.01252,36.5225],[-5.01278,36.52243],[-5.01303,36.52136],[-5.01346,36.52104],[-5.01369,36.52096],[-5.01387,36.52059],[-5.01395,36.52024],[-5.01379,36.51974],[-5.01388,36.51929]]],[[[-5.00091,36.58971],[-5.00041,36.58938],[-4.99975,36.58921],[-4.99971,36.58901],[-5.00049,36.58792],[-5.00045,36.58766],[-5.00082,36.5876],[-5.00161,36.58774],[-5.00294,36.58924],[-5.00357,36.59076],[-5.00368,36.5923],[-5.00354,36.59397],[-5.00403,36.59482],[-5.00343,36.59482],[-5.00311,36.59433],[-5.00281,36.59436],[-5.00252,36.59496],[-5.00289,36.59509],[-5.00302,36.59575],[-5.00272,36.59684],[-5.0018,36.59739],[-5.00313,36.59721],[-5.00401,36.59864],[-5.00271,36.59944],[-5.00228,36.59907],[-5.00281,36.59835],[-5.00236,36.59781],[-5.00101,36.59814],[-5.00012,36.5993],[-4.99962,36.59882],[-4.99932,36.59787],[-4.99848,36.59833],[-4.99778,36.59784],[-4.99654,36.59673],[-4.99595,36.59751],[-4.99509,36.59696],[-4.99403,36.5959],[-4.99266,36.59427],[-4.99323,36.59343],[-4.99381,36.59404],[-4.9971,36.59286],[-4.9989,36.59508],[-5.00129,36.59513],[-5.00233,36.59489],[-5.00234,36.59438],[-5.00271,36.59392],[-5.00299,36.59385],[-5.00291,36.59355],[-5.00207,36.5936],[-5.00127,36.59339],[-5.00096,36.59277],[-5.0005,36.59289],[-5.00005,36.59246],[-4.99997,36.59182],[-5.00042,36.59164],[-5.00019,36.59118],[-5.00084,36.59087],[-5.00027,36.59032],[-5.00091,36.58971]]],[[[-4.99004,36.47147],[-4.99026,36.47167],[-4.98981,36.47206],[-4.98993,36.47218],[-4.99009,36.47216],[-4.99026,36.47235],[-4.98871,36.47336],[-4.98841,36.47263],[-4.98851,36.47253],[-4.98842,36.47246],[-4.98885,36.47217],[-4.98882,36.47198],[-4.98856,36.47206],[-4.98851,36.47221],[-4.98826,36.47186],[-4.98864,36.47188],[-4.9889,36.47179],[-4.98929,36.47122],[-4.98951,36.47111],[-4.98971,36.47085],[-4.98986,36.47099],[-4.99,36.4709],[-4.99004,36.47147]]],[[[-4.98788,36.47509],[-4.98809,36.47495],[-4.98827,36.47515],[-4.98754,36.47562],[-4.98739,36.47504],[-4.98767,36.47488],[-4.98788,36.47509]]],[[[-4.98974,36.47648],[-4.99075,36.47581],[-4.99059,36.47542],[-4.9897,36.47456],[-4.99165,36.4733],[-4.99238,36.47292],[-4.99312,36.47558],[-4.99267,36.47587],[-4.99263,36.47575],[-4.99238,36.47568],[-4.99228,36.47574],[-4.99246,36.47599],[-4.99219,36.47617],[-4.9916,36.47627],[-4.99133,36.47648],[-4.99124,36.47677],[-4.98834,36.47869],[-4.98776,36.47647],[-4.98794,36.47643],[-4.98824,36.47715],[-4.98846,36.47719],[-4.98967,36.47642],[-4.98974,36.47648]]],[[[-4.99228,36.47672],[-4.9923,36.47654],[-4.99259,36.47638],[-4.99276,36.47702],[-4.99222,36.47736],[-4.9921,36.47687],[-4.99228,36.47672]]],[[[-4.98456,36.47756],[-4.98707,36.47649],[-4.98713,36.4767],[-4.98669,36.47677],[-4.9847,36.47775],[-4.98456,36.47756]]],[[[-4.99194,36.47694],[-4.99209,36.47755],[-4.99133,36.47803],[-4.99113,36.47734],[-4.99174,36.47692],[-4.99194,36.47694]]],[[[-4.99137,36.4782],[-4.99215,36.47771],[-4.99229,36.47838],[-4.99152,36.47886],[-4.99137,36.4782]]],[[[-4.97303,36.47861],[-4.97306,36.47978],[-4.9729,36.47958],[-4.97282,36.47891],[-4.97268,36.47865],[-4.97303,36.47861]]],[[[-4.99251,36.47922],[-4.99174,36.47972],[-4.99156,36.47902],[-4.99233,36.47855],[-4.99251,36.47922]]],[[[-4.97018,36.48008],[-4.97048,36.4796],[-4.97087,36.48025],[-4.97133,36.48018],[-4.9716,36.48088],[-4.9713,36.48113],[-4.97056,36.48083],[-4.97018,36.48008]]],[[[-4.98238,36.48118],[-4.98173,36.48058],[-4.98285,36.47981],[-4.9835,36.48043],[-4.98238,36.48118]]],[[[-4.98155,36.4807],[-4.98222,36.48131],[-4.98173,36.48165],[-4.98107,36.48104],[-4.98155,36.4807]]],[[[-4.98253,36.48135],[-4.98364,36.48059],[-4.98457,36.48145],[-4.98356,36.4823],[-4.98253,36.48135]]],[[[-4.97914,36.48209],[-4.97807,36.48254],[-4.97782,36.48214],[-4.97874,36.4814],[-4.97914,36.48209]]],[[[-4.9834,36.48245],[-4.98297,36.48276],[-4.98188,36.48178],[-4.98235,36.48145],[-4.9834,36.48245]]],[[[-4.97503,36.48585],[-4.97495,36.48586],[-4.97436,36.48538],[-4.97376,36.48382],[-4.9738,36.48358],[-4.97372,36.48352],[-4.97327,36.48238],[-4.97336,36.48236],[-4.97324,36.48147],[-4.97267,36.48003],[-4.97285,36.47996],[-4.97307,36.48079],[-4.97328,36.48112],[-4.974,36.48355],[-4.97503,36.48585]]],[[[-4.98293,36.48327],[-4.9832,36.48353],[-4.98186,36.48447],[-4.98158,36.4842],[-4.98293,36.48327]]],[[[-4.96675,36.48573],[-4.96672,36.4856],[-4.96649,36.48563],[-4.96608,36.48392],[-4.96672,36.48383],[-4.96674,36.48393],[-4.96687,36.48391],[-4.96691,36.48401],[-4.96762,36.48389],[-4.96799,36.48537],[-4.96774,36.48541],[-4.96779,36.4857],[-4.96699,36.48581],[-4.96696,36.48571],[-4.96675,36.48573]]],[[[-4.96546,36.48507],[-4.96631,36.48515],[-4.96657,36.48629],[-4.96581,36.48649],[-4.96546,36.48507]]],[[[-4.96695,36.48597],[-4.96717,36.48691],[-4.96715,36.48706],[-4.9669,36.48704],[-4.96679,36.48691],[-4.96658,36.48602],[-4.96695,36.48597]]],[[[-4.96437,36.48742],[-4.96414,36.48737],[-4.96387,36.487],[-4.96399,36.48684],[-4.96492,36.48676],[-4.96509,36.48733],[-4.96437,36.48742]]],[[[-4.9744,36.48927],[-4.97302,36.48948],[-4.97265,36.4883],[-4.97393,36.48773],[-4.9744,36.48927]]],[[[-4.98502,36.48889],[-4.98419,36.48919],[-4.98567,36.49206],[-4.98476,36.49236],[-4.98226,36.48752],[-4.98223,36.48696],[-4.98257,36.48679],[-4.98283,36.48675],[-4.98336,36.48777],[-4.98407,36.48754],[-4.98446,36.48826],[-4.98465,36.4882],[-4.98502,36.48889]]],[[[-4.95041,36.49194],[-4.95041,36.49181],[-4.95072,36.49168],[-4.95119,36.4922],[-4.95118,36.49236],[-4.95062,36.49272],[-4.95055,36.49265],[-4.9506,36.49216],[-4.95041,36.49194]]],[[[-4.95539,36.49533],[-4.95513,36.49453],[-4.95299,36.49499],[-4.95204,36.49505],[-4.95198,36.49351],[-4.95522,36.4903],[-4.95624,36.48954],[-4.9567,36.49058],[-4.95666,36.4908],[-4.95631,36.49115],[-4.95636,36.49164],[-4.95615,36.49212],[-4.95676,36.49285],[-4.95707,36.49306],[-4.95757,36.49313],[-4.95808,36.49338],[-4.95905,36.49354],[-4.95948,36.49391],[-4.95879,36.49483],[-4.9585,36.49451],[-4.95777,36.49457],[-4.95539,36.49533]]],[[[-4.94562,36.49433],[-4.94562,36.49401],[-4.94586,36.49393],[-4.94619,36.49495],[-4.94694,36.49598],[-4.94727,36.49667],[-4.94704,36.4967],[-4.947,36.49635],[-4.94676,36.49589],[-4.94649,36.49546],[-4.94616,36.49522],[-4.94562,36.49433]]],[[[-4.94606,36.49568],[-4.94571,36.49516],[-4.94565,36.49518],[-4.94514,36.49419],[-4.94579,36.49524],[-4.94622,36.4955],[-4.94622,36.49564],[-4.94653,36.49577],[-4.94684,36.49652],[-4.94672,36.49668],[-4.94688,36.49671],[-4.94669,36.49673],[-4.94606,36.49568]]],[[[-4.99083,36.49447],[-4.99179,36.49655],[-4.9887,36.49758],[-4.98721,36.49491],[-4.98684,36.49413],[-4.98688,36.49395],[-4.98835,36.49416],[-4.98923,36.49495],[-4.99032,36.49441],[-4.99083,36.49447]]],[[[-4.94911,36.4985],[-4.94889,36.49789],[-4.94829,36.49737],[-4.94861,36.49699],[-4.94922,36.49663],[-4.95098,36.49612],[-4.9515,36.49606],[-4.95179,36.49636],[-4.95197,36.49746],[-4.95119,36.49777],[-4.95021,36.49802],[-4.94952,36.4983],[-4.94931,36.4985],[-4.94911,36.4985]]],[[[-4.94759,36.49708],[-4.94762,36.4974],[-4.94776,36.49764],[-4.94735,36.49863],[-4.94696,36.49733],[-4.94669,36.497],[-4.9474,36.49687],[-4.94759,36.49708]]],[[[-4.95237,36.49817],[-4.95245,36.49816],[-4.95235,36.49806],[-4.95217,36.49689],[-4.95287,36.49738],[-4.95346,36.49745],[-4.95441,36.49741],[-4.95476,36.49794],[-4.95457,36.49798],[-4.95388,36.49811],[-4.95407,36.49859],[-4.95377,36.49866],[-4.95356,36.49818],[-4.95302,36.49829],[-4.95322,36.49878],[-4.95256,36.49891],[-4.95241,36.49855],[-4.95237,36.49817]]],[[[-4.95476,36.49841],[-4.95457,36.49798],[-4.95519,36.49786],[-4.95512,36.49833],[-4.95476,36.49841]]],[[[-4.95202,36.49763],[-4.95208,36.49855],[-4.9499,36.49914],[-4.94967,36.49932],[-4.94938,36.49871],[-4.94941,36.49855],[-4.94962,36.49834],[-4.95195,36.49759],[-4.95202,36.49763]]],[[[-4.95414,36.49955],[-4.95441,36.49963],[-4.95455,36.50015],[-4.95366,36.5003],[-4.95323,36.50018],[-4.95296,36.49985],[-4.95414,36.49955]]],[[[-4.95306,36.50029],[-4.95232,36.50022],[-4.95229,36.49991],[-4.95279,36.49981],[-4.95309,36.50023],[-4.95306,36.50029]]],[[[-4.93232,36.50058],[-4.93243,36.50052],[-4.93236,36.50091],[-4.93222,36.50091],[-4.93222,36.50075],[-4.93184,36.50074],[-4.93176,36.50051],[-4.93138,36.50034],[-4.93189,36.50036],[-4.93232,36.50058]]],[[[-4.93143,36.50251],[-4.93239,36.50245],[-4.93256,36.50251],[-4.93264,36.50287],[-4.93229,36.5032],[-4.93205,36.50319],[-4.93167,36.50283],[-4.93099,36.50278],[-4.92974,36.50325],[-4.92951,36.50315],[-4.93143,36.50251]]],[[[-4.94755,36.49914],[-4.94788,36.4981],[-4.94873,36.50077],[-4.94913,36.50453],[-4.94898,36.50618],[-4.94931,36.50789],[-4.94972,36.50893],[-4.94963,36.50951],[-4.94984,36.50974],[-4.94986,36.51015],[-4.94943,36.51037],[-4.94913,36.50957],[-4.94886,36.50812],[-4.94845,36.50667],[-4.94838,36.50619],[-4.94849,36.50442],[-4.94814,36.50098],[-4.94755,36.49914]]],[[[-4.95014,36.50359],[-4.95033,36.50351],[-4.95043,36.50357],[-4.95252,36.50372],[-4.95271,36.50386],[-4.95322,36.50479],[-4.9532,36.50497],[-4.95025,36.50438],[-4.95007,36.50408],[-4.95014,36.50359]]],[[[-4.93583,36.50693],[-4.93543,36.50677],[-4.93429,36.50734],[-4.9341,36.50784],[-4.93393,36.50799],[-4.93369,36.5079],[-4.93382,36.50734],[-4.93329,36.50709],[-4.93304,36.50706],[-4.93295,36.50687],[-4.93273,36.50693],[-4.93271,36.50719],[-4.9326,36.50725],[-4.93233,36.50696],[-4.93224,36.50651],[-4.93197,36.50589],[-4.93207,36.50588],[-4.93233,36.50648],[-4.93249,36.50635],[-4.9324,36.50617],[-4.93271,36.50602],[-4.93256,36.50584],[-4.93228,36.50589],[-4.93201,36.50555],[-4.93188,36.50565],[-4.93165,36.50491],[-4.93192,36.50402],[-4.93232,36.50367],[-4.93263,36.50313],[-4.93273,36.50286],[-4.93265,36.50248],[-4.93298,36.50248],[-4.93295,36.50296],[-4.93311,36.50301],[-4.93313,36.50405],[-4.93278,36.50465],[-4.93269,36.50511],[-4.93338,36.50584],[-4.93351,36.50577],[-4.93342,36.50563],[-4.93359,36.50552],[-4.9347,36.50658],[-4.93532,36.50662],[-4.9359,36.50681],[-4.93583,36.50693]]],[[[-4.9366,36.51015],[-4.93642,36.51024],[-4.93625,36.51048],[-4.93607,36.51054],[-4.93598,36.51075],[-4.93559,36.51065],[-4.93539,36.51109],[-4.93499,36.51108],[-4.93433,36.51071],[-4.9349,36.51143],[-4.93475,36.51173],[-4.93443,36.51159],[-4.93439,36.51139],[-4.93403,36.51119],[-4.93297,36.51093],[-4.93227,36.51114],[-4.93166,36.5115],[-4.93172,36.51116],[-4.93198,36.51101],[-4.93222,36.51072],[-4.93253,36.50942],[-4.93365,36.5088],[-4.93404,36.50809],[-4.93449,36.5078],[-4.93457,36.50784],[-4.9352,36.50849],[-4.93513,36.50855],[-4.93533,36.50874],[-4.93541,36.5087],[-4.93665,36.50989],[-4.93649,36.51],[-4.9366,36.51015]]],[[[-4.98717,36.50693],[-4.98763,36.50778],[-4.98807,36.50808],[-4.98908,36.50992],[-4.99018,36.51136],[-4.98975,36.51177],[-4.98829,36.50948],[-4.98794,36.50868],[-4.98712,36.50765],[-4.98676,36.50704],[-4.98717,36.50693]]],[[[-4.95417,36.51221],[-4.95621,36.51222],[-4.9572,36.51241],[-4.95795,36.51285],[-4.95879,36.51292],[-4.95895,36.5133],[-4.95896,36.51377],[-4.95884,36.51404],[-4.95902,36.51471],[-4.95644,36.51521],[-4.95421,36.51538],[-4.95382,36.5155],[-4.95324,36.51547],[-4.95296,36.51511],[-4.95179,36.51521],[-4.95092,36.51344],[-4.95086,36.51247],[-4.9537,36.51294],[-4.95409,36.51215],[-4.95417,36.51221]]],[[[-4.93169,36.51565],[-4.93152,36.51562],[-4.93108,36.5149],[-4.93149,36.51481],[-4.93185,36.51537],[-4.93185,36.51557],[-4.93169,36.51565]]],[[[-4.96052,36.5165],[-4.96112,36.51735],[-4.96141,36.51744],[-4.96185,36.51778],[-4.96207,36.51773],[-4.96266,36.5181],[-4.96326,36.51802],[-4.96333,36.51819],[-4.96251,36.51835],[-4.96278,36.51873],[-4.96282,36.51909],[-4.96308,36.51959],[-4.96278,36.52051],[-4.96221,36.52049],[-4.96215,36.52071],[-4.96222,36.52091],[-4.96192,36.52125],[-4.96173,36.5212],[-4.96128,36.52071],[-4.96046,36.52098],[-4.96038,36.52112],[-4.96015,36.52125],[-4.95988,36.52118],[-4.95944,36.52024],[-4.95914,36.51991],[-4.95927,36.51946],[-4.9599,36.51856],[-4.96051,36.51877],[-4.96238,36.51845],[-4.96231,36.51834],[-4.96106,36.51853],[-4.96143,36.51806],[-4.96062,36.51736],[-4.96033,36.5167],[-4.95988,36.51608],[-4.96052,36.5165]]],[[[-4.95424,36.52268],[-4.95531,36.52466],[-4.95619,36.52533],[-4.95669,36.52587],[-4.95461,36.5262],[-4.95341,36.52631],[-4.95329,36.52576],[-4.95243,36.52484],[-4.9521,36.52436],[-4.95197,36.52349],[-4.95216,36.52351],[-4.9518,36.52318],[-4.951,36.52301],[-4.95084,36.52293],[-4.95075,36.52278],[-4.95082,36.5224],[-4.95134,36.52164],[-4.95112,36.52076],[-4.95115,36.52059],[-4.9515,36.52022],[-4.95166,36.51975],[-4.95136,36.51889],[-4.95052,36.51794],[-4.95048,36.5171],[-4.95092,36.51708],[-4.95036,36.51607],[-4.95031,36.51503],[-4.94966,36.51366],[-4.95021,36.5135],[-4.95028,36.51358],[-4.95046,36.51493],[-4.95058,36.51518],[-4.95135,36.51566],[-4.95178,36.51619],[-4.95186,36.51651],[-4.95168,36.51671],[-4.95163,36.51704],[-4.95183,36.51756],[-4.95189,36.51805],[-4.9518,36.51844],[-4.95197,36.51908],[-4.9521,36.51932],[-4.95284,36.52006],[-4.95323,36.52159],[-4.95424,36.52268]]],[[[-4.93211,36.51947],[-4.93252,36.51989],[-4.93253,36.52003],[-4.9323,36.52045],[-4.93116,36.52121],[-4.93055,36.52137],[-4.9308,36.52107],[-4.93102,36.52097],[-4.93108,36.5211],[-4.93125,36.52105],[-4.93211,36.52025],[-4.93218,36.52001],[-4.93193,36.51975],[-4.93211,36.51947]]],[[[-4.96239,36.52356],[-4.96299,36.52162],[-4.9637,36.52165],[-4.96385,36.52105],[-4.96369,36.52049],[-4.96342,36.51999],[-4.96414,36.51984],[-4.96464,36.51945],[-4.96477,36.51897],[-4.96403,36.51814],[-4.96454,36.51766],[-4.9647,36.5173],[-4.96535,36.51771],[-4.96644,36.51792],[-4.96697,36.51877],[-4.96641,36.51866],[-4.96618,36.51883],[-4.96603,36.51913],[-4.96618,36.51969],[-4.96612,36.52007],[-4.96628,36.52093],[-4.9665,36.52125],[-4.96652,36.52162],[-4.96622,36.52233],[-4.96635,36.52313],[-4.96626,36.52416],[-4.96571,36.52481],[-4.96525,36.52487],[-4.96429,36.52467],[-4.96385,36.52404],[-4.96347,36.52385],[-4.96294,36.52395],[-4.96239,36.52356]],[[-4.96554,36.52073],[-4.96486,36.52046],[-4.96476,36.52072],[-4.96476,36.52106],[-4.9648,36.52119],[-4.9652,36.52146],[-4.9649,36.52177],[-4.96484,36.52199],[-4.9646,36.52229],[-4.96469,36.52245],[-4.96477,36.52318],[-4.96463,36.52342],[-4.96467,36.52348],[-4.9649,36.52346],[-4.96539,36.52399],[-4.96553,36.52402],[-4.96586,36.5239],[-4.96591,36.5235],[-4.96574,36.52261],[-4.96592,36.52229],[-4.96567,36.52191],[-4.96622,36.52153],[-4.96625,36.52123],[-4.96606,36.52124],[-4.96598,36.52104],[-4.96581,36.52091],[-4.96554,36.52096],[-4.96548,36.52087],[-4.96554,36.52073]]],[[[-4.96045,36.52575],[-4.96368,36.52611],[-4.96357,36.52658],[-4.9675,36.52661],[-4.96927,36.52649],[-4.97031,36.52666],[-4.97117,36.52633],[-4.97174,36.52599],[-4.97425,36.52515],[-4.97725,36.52365],[-4.97953,36.52373],[-4.9806,36.52392],[-4.98088,36.52423],[-4.98271,36.52502],[-4.9836,36.52584],[-4.98562,36.52841],[-4.98685,36.52925],[-4.98786,36.52921],[-4.9882,36.52867],[-4.98951,36.52727],[-4.991,36.52626],[-4.99175,36.52635],[-4.99276,36.52634],[-4.99404,36.52846],[-4.99404,36.52924],[-4.99284,36.5299],[-4.99227,36.53143],[-4.99247,36.53304],[-4.99344,36.53361],[-4.99485,36.53405],[-4.99511,36.53515],[-4.99565,36.53637],[-4.99628,36.5375],[-4.99565,36.53869],[-4.99585,36.54063],[-4.99518,36.54164],[-4.99434,36.54269],[-4.99535,36.54317],[-4.99304,36.54317],[-4.99187,36.54269],[-4.99157,36.5413],[-4.99087,36.54046],[-4.99033,36.53944],[-4.98913,36.53831],[-4.98856,36.53789],[-4.98833,36.53831],[-4.98966,36.53977],[-4.99036,36.54114],[-4.9901,36.54202],[-4.98946,36.54242],[-4.98816,36.54347],[-4.98649,36.54363],[-4.98448,36.54341],[-4.98415,36.54359],[-4.98525,36.54441],[-4.98535,36.54513],[-4.98455,36.54535],[-4.98381,36.54489],[-4.98344,36.54402],[-4.98241,36.54426],[-4.98227,36.54535],[-4.98281,36.54648],[-4.98428,36.54684],[-4.98542,36.54664],[-4.98639,36.54707],[-4.98595,36.54791],[-4.98485,36.5486],[-4.98512,36.54927],[-4.98598,36.5495],[-4.98695,36.55061],[-4.98642,36.55165],[-4.98451,36.55256],[-4.98408,36.55327],[-4.98498,36.55482],[-4.98465,36.55655],[-4.98485,36.55913],[-4.98431,36.5598],[-4.98254,36.56074],[-4.98114,36.56243],[-4.97967,36.56252],[-4.97796,36.56188],[-4.97762,36.56102],[-4.97733,36.55969],[-4.97789,36.55898],[-4.98121,36.55783],[-4.98106,36.55659],[-4.97979,36.55592],[-4.97774,36.55593],[-4.97669,36.55665],[-4.97482,36.55704],[-4.97389,36.55656],[-4.9752,36.55505],[-4.97561,36.55427],[-4.97531,36.55355],[-4.97068,36.55199],[-4.96929,36.55145],[-4.96907,36.5504],[-4.96802,36.55038],[-4.96795,36.54986],[-4.96843,36.54893],[-4.96799,36.54807],[-4.96743,36.54734],[-4.96701,36.54663],[-4.96586,36.54674],[-4.96616,36.54588],[-4.96694,36.54582],[-4.96847,36.54594],[-4.96877,36.54554],[-4.96679,36.54451],[-4.96623,36.54412],[-4.96638,36.54379],[-4.96731,36.54367],[-4.96821,36.54421],[-4.96896,36.54435],[-4.97038,36.54438],[-4.97022,36.54351],[-4.96858,36.54298],[-4.96827,36.54231],[-4.96796,36.54211],[-4.96653,36.54185],[-4.96613,36.54167],[-4.96573,36.54135],[-4.96526,36.54109],[-4.96581,36.54093],[-4.96686,36.54101],[-4.96737,36.5409],[-4.96732,36.54057],[-4.96642,36.53997],[-4.96618,36.53974],[-4.96708,36.53924],[-4.96765,36.53882],[-4.96803,36.53835],[-4.96782,36.53813],[-4.96699,36.53819],[-4.96659,36.53806],[-4.96606,36.53824],[-4.96563,36.53815],[-4.96487,36.53734],[-4.96501,36.53698],[-4.96467,36.53671],[-4.96456,36.53631],[-4.96621,36.5361],[-4.96698,36.53584],[-4.96724,36.5354],[-4.96636,36.53484],[-4.96461,36.53461],[-4.96362,36.53481],[-4.96321,36.53468],[-4.96262,36.53424],[-4.9618,36.53278],[-4.96003,36.53213],[-4.95864,36.53149],[-4.95823,36.53106],[-4.95811,36.53054],[-4.95823,36.52964],[-4.95813,36.52881],[-4.95825,36.5278],[-4.95823,36.52718],[-4.95769,36.5261],[-4.9589,36.52595],[-4.96077,36.52624],[-4.96088,36.52615],[-4.96048,36.52603],[-4.96045,36.52575]],[[-4.97041,36.52776],[-4.97027,36.5276],[-4.97007,36.52757],[-4.96999,36.52785],[-4.97038,36.52789],[-4.97041,36.52776]]],[[[-4.94699,36.55321],[-4.94628,36.55311],[-4.94589,36.55294],[-4.94568,36.55241],[-4.94533,36.55225],[-4.94503,36.5523],[-4.94469,36.55218],[-4.94417,36.55172],[-4.94406,36.55148],[-4.94424,36.55137],[-4.94457,36.5514],[-4.94499,36.55154],[-4.94539,36.55155],[-4.9454,36.55092],[-4.94559,36.55094],[-4.94588,36.55121],[-4.94618,36.55129],[-4.9466,36.55155],[-4.94712,36.55156],[-4.94797,36.5513],[-4.94962,36.55004],[-4.95095,36.54976],[-4.95252,36.54978],[-4.95279,36.54964],[-4.95289,36.54919],[-4.95311,36.54915],[-4.95338,36.54922],[-4.95338,36.54942],[-4.95352,36.54956],[-4.95382,36.54878],[-4.95431,36.54856],[-4.95446,36.54901],[-4.95435,36.54946],[-4.95403,36.54993],[-4.95348,36.5505],[-4.95318,36.55064],[-4.9527,36.55066],[-4.95218,36.55054],[-4.95169,36.55055],[-4.95093,36.55071],[-4.95044,36.55113],[-4.94967,36.5516],[-4.94881,36.55186],[-4.94845,36.55209],[-4.94844,36.55216],[-4.9489,36.55217],[-4.94878,36.55238],[-4.94837,36.55251],[-4.94797,36.55299],[-4.94766,36.55316],[-4.94699,36.55321]]],[[[-4.95254,36.5733],[-4.95185,36.5731],[-4.95164,36.57265],[-4.95248,36.57238],[-4.95261,36.57197],[-4.95279,36.57175],[-4.95395,36.5717],[-4.95642,36.57143],[-4.95699,36.57195],[-4.95747,36.57204],[-4.95865,36.57123],[-4.95874,36.5719],[-4.95821,36.5729],[-4.95693,36.57272],[-4.95634,36.5724],[-4.95561,36.57255],[-4.95453,36.5724],[-4.95373,36.5725],[-4.95319,36.57304],[-4.95254,36.5733]]],[[[-4.95419,36.57442],[-4.95285,36.57476],[-4.95349,36.57429],[-4.9535,36.57367],[-4.95324,36.5735],[-4.9543,36.57309],[-4.95776,36.57323],[-4.95775,36.57336],[-4.9574,36.5736],[-4.9567,36.57351],[-4.95571,36.57363],[-4.95486,36.57398],[-4.95419,36.57442]]],[[[-4.95185,36.5802],[-4.9528,36.57989],[-4.95325,36.57937],[-4.95387,36.5791],[-4.95385,36.57868],[-4.95331,36.57851],[-4.95245,36.57837],[-4.95219,36.57864],[-4.9517,36.57868],[-4.95181,36.57898],[-4.95174,36.57934],[-4.95069,36.57896],[-4.94987,36.57968],[-4.94925,36.57905],[-4.94952,36.5787],[-4.95018,36.57841],[-4.95095,36.57793],[-4.95126,36.57831],[-4.95231,36.57806],[-4.95326,36.57746],[-4.95445,36.57713],[-4.95503,36.57644],[-4.95483,36.57561],[-4.95404,36.57584],[-4.95382,36.57577],[-4.95321,36.57602],[-4.95324,36.57628],[-4.95213,36.57644],[-4.95181,36.57629],[-4.95212,36.576],[-4.9521,36.57582],[-4.95264,36.57536],[-4.95394,36.57518],[-4.95607,36.57426],[-4.95731,36.57364],[-4.95761,36.5737],[-4.95751,36.57383],[-4.95764,36.57445],[-4.95758,36.57498],[-4.95789,36.57516],[-4.95775,36.57525],[-4.95791,36.57538],[-4.9579,36.57558],[-4.95736,36.57674],[-4.95719,36.57789],[-4.95588,36.57809],[-4.95463,36.57892],[-4.95304,36.58088],[-4.95129,36.58136],[-4.94984,36.58079],[-4.95014,36.58033],[-4.95185,36.5802]]],[[[-4.94088,36.58099],[-4.94039,36.58093],[-4.9401,36.58143],[-4.9383,36.58174],[-4.93795,36.58143],[-4.93834,36.5807],[-4.9389,36.58049],[-4.93962,36.58052],[-4.93974,36.58007],[-4.93952,36.57984],[-4.93958,36.57927],[-4.94013,36.57883],[-4.9407,36.57877],[-4.94103,36.57921],[-4.94195,36.5796],[-4.94226,36.57999],[-4.94203,36.57993],[-4.94088,36.58099]]],[[[-5.05511,36.6117],[-5.0564,36.61112],[-5.05455,36.61084],[-5.0546,36.60948],[-5.05151,36.61067],[-5.05097,36.60991],[-5.05292,36.60798],[-5.04934,36.60838],[-5.05153,36.60649],[-5.0541,36.60568],[-5.05322,36.60504],[-5.05389,36.60423],[-5.05284,36.60339],[-5.05164,36.60325],[-5.05022,36.60435],[-5.05009,36.60159],[-5.0541,36.60046],[-5.05865,36.60035],[-5.06073,36.60128],[-5.06241,36.6028],[-5.06367,36.60445],[-5.06131,36.60588],[-5.06352,36.60888],[-5.06262,36.60952],[-5.06194,36.61158],[-5.06082,36.61348],[-5.05769,36.61749],[-5.05692,36.62083],[-5.05756,36.62283],[-5.05732,36.6239],[-5.05516,36.62779],[-5.05521,36.62785],[-5.055,36.62874],[-5.05523,36.62934],[-5.05552,36.63111],[-5.05523,36.63221],[-5.05381,36.63291],[-5.05282,36.63356],[-5.05302,36.63359],[-5.05261,36.63517],[-5.05162,36.63533],[-5.05177,36.63603],[-5.05108,36.63628],[-5.05132,36.63689],[-5.05106,36.63752],[-5.0512,36.63796],[-5.04935,36.6375],[-5.04959,36.63888],[-5.05072,36.63963],[-5.0516,36.64005],[-5.05063,36.63995],[-5.04978,36.64013],[-5.04964,36.6406],[-5.04961,36.64122],[-5.05034,36.64132],[-5.05007,36.64222],[-5.04935,36.64226],[-5.0497,36.64268],[-5.05077,36.64307],[-5.0502,36.64433],[-5.04959,36.64535],[-5.04903,36.64586],[-5.04995,36.64637],[-5.05112,36.64657],[-5.05144,36.64746],[-5.0496,36.64706],[-5.0493,36.64773],[-5.04831,36.64786],[-5.04777,36.64751],[-5.04804,36.64835],[-5.04802,36.64869],[-5.0484,36.649],[-5.04841,36.64934],[-5.04754,36.64946],[-5.04742,36.65016],[-5.04821,36.6498],[-5.04862,36.64979],[-5.0487,36.64996],[-5.0482,36.65023],[-5.04807,36.65113],[-5.04531,36.65308],[-5.04667,36.65416],[-5.0454,36.65471],[-5.04495,36.65631],[-5.04497,36.65836],[-5.04418,36.65802],[-5.04357,36.6584],[-5.04176,36.65997],[-5.04234,36.66142],[-5.04212,36.66161],[-5.04199,36.66131],[-5.04172,36.66138],[-5.04064,36.66136],[-5.03988,36.66183],[-5.03842,36.66214],[-5.03715,36.66237],[-5.03523,36.66245],[-5.03448,36.66276],[-5.03401,36.66313],[-5.03367,36.66313],[-5.03162,36.66371],[-5.03174,36.66444],[-5.03078,36.6654],[-5.03027,36.66651],[-5.02987,36.66676],[-5.02937,36.66676],[-5.02892,36.6661],[-5.02795,36.66587],[-5.02673,36.66528],[-5.0258,36.66473],[-5.02562,36.66451],[-5.02539,36.66473],[-5.02508,36.66331],[-5.02547,36.66316],[-5.0255,36.66266],[-5.02598,36.66252],[-5.02527,36.66202],[-5.02438,36.66206],[-5.02426,36.66357],[-5.02447,36.66518],[-5.02284,36.66541],[-5.02426,36.66608],[-5.02392,36.66697],[-5.0237,36.66719],[-5.02303,36.66743],[-5.02237,36.66782],[-5.01976,36.66868],[-5.01951,36.66627],[-5.01886,36.66598],[-5.01642,36.66555],[-5.01468,36.66452],[-5.01445,36.66352],[-5.01232,36.66689],[-5.01104,36.66731],[-5.01084,36.6683],[-5.01417,36.66996],[-5.01353,36.67038],[-5.01328,36.67149],[-5.01415,36.67149],[-5.01561,36.67165],[-5.01649,36.67285],[-5.01749,36.67214],[-5.01858,36.67423],[-5.01898,36.67525],[-5.01838,36.67644],[-5.0165,36.67825],[-5.0155,36.67773],[-5.01563,36.67689],[-5.0128,36.67305],[-5.01383,36.67464],[-5.01308,36.67514],[-5.01473,36.67724],[-5.01499,36.67925],[-5.0148,36.67979],[-5.01329,36.68014],[-5.01278,36.68014],[-5.00971,36.67898],[-5.00781,36.6787],[-5.00624,36.6778],[-5.00602,36.6781],[-5.00461,36.6778],[-5.00282,36.67727],[-5.0016,36.67703],[-5.00144,36.67721],[-5.00052,36.6774],[-5.0003,36.67776],[-5.00089,36.67783],[-5.00101,36.67836],[-5.00026,36.67828],[-5.00055,36.67881],[-5.00012,36.67925],[-4.99974,36.67948],[-4.99915,36.67953],[-4.99864,36.67931],[-4.99825,36.67985],[-4.9984,36.68015],[-4.99739,36.68015],[-4.99721,36.68],[-4.997,36.68015],[-4.99503,36.68015],[-4.99497,36.68002],[-4.99608,36.67947],[-4.99658,36.67885],[-4.99759,36.6785],[-4.9981,36.67842],[-4.99731,36.67778],[-4.99817,36.67731],[-4.99866,36.67757],[-4.9992,36.67747],[-4.99943,36.67765],[-5.00003,36.67752],[-5.00031,36.67677],[-4.99956,36.67662],[-4.99844,36.67659],[-4.99766,36.67614],[-4.99655,36.67599],[-4.9976,36.67386],[-4.99825,36.67283],[-4.99832,36.67041],[-4.99806,36.66831],[-4.99527,36.66646],[-4.99486,36.66572],[-4.99622,36.66506],[-4.99851,36.66574],[-4.99959,36.66558],[-5.00022,36.6665],[-5.00002,36.66725],[-4.9989,36.66785],[-5.00037,36.66854],[-5.00092,36.66996],[-5.00115,36.66953],[-5.00361,36.6706],[-5.00491,36.66992],[-5.00574,36.66898],[-5.00531,36.66821],[-5.003,36.66624],[-5.00194,36.66631],[-4.99974,36.66235],[-4.99929,36.66214],[-4.99931,36.66181],[-4.99977,36.66175],[-5.00017,36.662],[-5.00123,36.66228],[-5.00143,36.66253],[-5.00148,36.66315],[-5.0016,36.66333],[-5.00161,36.66389],[-5.00216,36.664],[-5.00285,36.66329],[-5.0051,36.6644],[-5.00382,36.66544],[-5.0049,36.66568],[-5.00655,36.66451],[-5.00732,36.66552],[-5.00597,36.66728],[-5.00684,36.66891],[-5.00722,36.66871],[-5.00713,36.66819],[-5.00752,36.66595],[-5.00877,36.66571],[-5.00712,36.66335],[-5.0071,36.66243],[-5.00604,36.66195],[-5.00607,36.66159],[-5.00589,36.66127],[-5.00582,36.66085],[-5.00612,36.66044],[-5.00669,36.66002],[-5.00647,36.65964],[-5.00589,36.65919],[-5.00605,36.65872],[-5.00666,36.6584],[-5.00752,36.65841],[-5.00797,36.6583],[-5.0082,36.65813],[-5.0086,36.65752],[-5.00664,36.65706],[-5.00599,36.65756],[-5.00536,36.65717],[-5.00541,36.65666],[-5.00495,36.65634],[-5.00444,36.65566],[-5.00465,36.6556],[-5.00378,36.65554],[-5.00348,36.65524],[-5.00371,36.65549],[-5.00295,36.65525],[-5.00296,36.65468],[-5.00226,36.65463],[-5.00212,36.65518],[-5.0017,36.65518],[-5.00027,36.65473],[-4.99849,36.65469],[-4.9992,36.65615],[-4.99936,36.65703],[-4.99901,36.65738],[-4.99853,36.65749],[-4.99766,36.65741],[-4.99709,36.65758],[-4.99699,36.65788],[-4.99664,36.65833],[-4.99623,36.65907],[-4.99682,36.65956],[-4.99692,36.66051],[-4.99736,36.66121],[-4.99661,36.66122],[-4.99604,36.66052],[-4.99577,36.65944],[-4.99584,36.65867],[-4.99579,36.65883],[-4.99438,36.65837],[-4.99406,36.6577],[-4.99423,36.65714],[-4.99314,36.65704],[-4.99324,36.65608],[-4.99188,36.65689],[-4.98862,36.65631],[-4.98852,36.6562],[-4.98832,36.65735],[-4.98633,36.65664],[-4.98566,36.65799],[-4.98508,36.65879],[-4.98145,36.6612],[-4.98035,36.66277],[-4.98067,36.66352],[-4.98109,36.66423],[-4.98073,36.66427],[-4.98113,36.66465],[-4.98282,36.66519],[-4.98432,36.66501],[-4.98535,36.66578],[-4.98518,36.66597],[-4.98423,36.66568],[-4.98398,36.66602],[-4.98405,36.66626],[-4.98374,36.66633],[-4.98394,36.66634],[-4.98455,36.66706],[-4.98425,36.66801],[-4.98376,36.66785],[-4.9835,36.66762],[-4.9837,36.66726],[-4.98309,36.66684],[-4.98307,36.66751],[-4.98267,36.66731],[-4.9822,36.6681],[-4.98142,36.66818],[-4.98129,36.66883],[-4.98272,36.66969],[-4.98195,36.67084],[-4.98239,36.67244],[-4.98154,36.67331],[-4.98208,36.67391],[-4.9817,36.6739],[-4.98114,36.67361],[-4.98021,36.67379],[-4.97927,36.6725],[-4.97914,36.67224],[-4.97912,36.67188],[-4.97859,36.67192],[-4.97751,36.67104],[-4.97742,36.67086],[-4.97611,36.67011],[-4.97546,36.67151],[-4.97487,36.672],[-4.97271,36.67541],[-4.97332,36.67574],[-4.97538,36.6744],[-4.97572,36.67446],[-4.97575,36.67475],[-4.97536,36.67564],[-4.97529,36.6762],[-4.97588,36.67611],[-4.97616,36.67554],[-4.97747,36.67509],[-4.97848,36.67535],[-4.97875,36.67634],[-4.97813,36.67799],[-4.97732,36.67794],[-4.97623,36.67759],[-4.97614,36.67834],[-4.9769,36.6796],[-4.97674,36.6799],[-4.97635,36.67996],[-4.9757,36.67973],[-4.97536,36.67935],[-4.97396,36.67873],[-4.97328,36.67868],[-4.97233,36.67907],[-4.97151,36.67861],[-4.97154,36.67892],[-4.97036,36.6785],[-4.97123,36.67943],[-4.97103,36.6796],[-4.97127,36.67971],[-4.97294,36.67983],[-4.97409,36.67946],[-4.97413,36.68017],[-4.93445,36.68018],[-4.93509,36.67939],[-4.93556,36.67902],[-4.93625,36.67865],[-4.93696,36.67959],[-4.9373,36.67937],[-4.93727,36.67902],[-4.93829,36.67884],[-4.93836,36.67877],[-4.93879,36.67887],[-4.93922,36.6786],[-4.93451,36.67607],[-4.93514,36.67676],[-4.93355,36.67647],[-4.93283,36.67653],[-4.93236,36.67503],[-4.93252,36.67463],[-4.93253,36.67396],[-4.93162,36.6739],[-4.93151,36.6736],[-4.93185,36.67342],[-4.93204,36.67305],[-4.93126,36.67269],[-4.93101,36.67214],[-4.93027,36.67211],[-4.93076,36.67159],[-4.93175,36.67118],[-4.93299,36.67103],[-4.93297,36.67086],[-4.93274,36.67088],[-4.93278,36.67066],[-4.93293,36.6706],[-4.93516,36.67018],[-4.93495,36.67028],[-4.93497,36.67047],[-4.93516,36.67056],[-4.93539,36.67037],[-4.93558,36.67075],[-4.93673,36.67103],[-4.93766,36.67139],[-4.93856,36.67238],[-4.94214,36.6741],[-4.94615,36.67354],[-4.94871,36.6741],[-4.94986,36.67413],[-4.95131,36.67473],[-4.95244,36.67559],[-4.95197,36.67485],[-4.95032,36.67405],[-4.94982,36.67364],[-4.94889,36.67196],[-4.94852,36.67073],[-4.94865,36.67085],[-4.95042,36.67137],[-4.95096,36.67201],[-4.95108,36.67241],[-4.95193,36.67246],[-4.95239,36.67292],[-4.95356,36.67299],[-4.95467,36.67394],[-4.95592,36.67347],[-4.95684,36.67301],[-4.95721,36.67328],[-4.95737,36.67312],[-4.95731,36.67314],[-4.9569,36.67271],[-4.95616,36.67303],[-4.95551,36.67318],[-4.95489,36.67374],[-4.95455,36.67356],[-4.95377,36.67257],[-4.95247,36.67263],[-4.95212,36.67213],[-4.95164,36.67211],[-4.95134,36.67186],[-4.95068,36.67104],[-4.94932,36.67072],[-4.94883,36.67049],[-4.94852,36.67022],[-4.94792,36.66905],[-4.95003,36.66649],[-4.95006,36.66581],[-4.94994,36.66469],[-4.95088,36.66356],[-4.95086,36.66387],[-4.95205,36.66259],[-4.95278,36.66225],[-4.95301,36.66265],[-4.95405,36.66265],[-4.95457,36.66277],[-4.95492,36.66348],[-4.95476,36.66441],[-4.95509,36.66357],[-4.95505,36.6632],[-4.95473,36.66274],[-4.95439,36.66258],[-4.95334,36.66255],[-4.95309,36.66261],[-4.95331,36.66178],[-4.95304,36.66197],[-4.95249,36.6619],[-4.95126,36.66315],[-4.94957,36.66458],[-4.94961,36.6666],[-4.94775,36.66885],[-4.94631,36.66848],[-4.94526,36.66801],[-4.94432,36.66727],[-4.94446,36.66634],[-4.94524,36.66551],[-4.94594,36.66506],[-4.94652,36.66419],[-4.94783,36.6636],[-4.94648,36.6642],[-4.94668,36.66364],[-4.9473,36.66313],[-4.94597,36.66207],[-4.94516,36.66243],[-4.94474,36.66338],[-4.94446,36.66359],[-4.94422,36.66321],[-4.94345,36.66342],[-4.94323,36.66321],[-4.94198,36.6629],[-4.94089,36.66241],[-4.93983,36.6625],[-4.93848,36.66115],[-4.93724,36.65947],[-4.93678,36.65899],[-4.93457,36.65723],[-4.93347,36.65657],[-4.93294,36.65596],[-4.93172,36.6554],[-4.93049,36.65468],[-4.92753,36.65358],[-4.92689,36.65307],[-4.92625,36.65304],[-4.92485,36.65348],[-4.92356,36.65355],[-4.9202,36.65333],[-4.91956,36.65376],[-4.91894,36.6536],[-4.91817,36.65353],[-4.91791,36.6534],[-4.91723,36.65352],[-4.91667,36.65402],[-4.91685,36.6551],[-4.91656,36.65514],[-4.9164,36.65582],[-4.91733,36.65648],[-4.91876,36.65858],[-4.91938,36.65923],[-4.91876,36.65855],[-4.92048,36.65983],[-4.92208,36.66138],[-4.92286,36.66171],[-4.92328,36.6618],[-4.92358,36.66136],[-4.92422,36.66242],[-4.92431,36.66274],[-4.92553,36.66272],[-4.92572,36.66282],[-4.92571,36.66276],[-4.92601,36.66257],[-4.9272,36.66218],[-4.92826,36.66216],[-4.92798,36.6635],[-4.92872,36.66386],[-4.92894,36.6643],[-4.92921,36.66444],[-4.93017,36.66394],[-4.93064,36.66364],[-4.93177,36.66445],[-4.93191,36.66554],[-4.93215,36.66626],[-4.93339,36.66628],[-4.93203,36.66685],[-4.93019,36.66952],[-4.93166,36.67002],[-4.93087,36.67002],[-4.93089,36.67029],[-4.93116,36.67081],[-4.93033,36.67166],[-4.92997,36.67232],[-4.92811,36.67137],[-4.92737,36.67142],[-4.9262,36.67168],[-4.92528,36.67214],[-4.92551,36.67286],[-4.92516,36.67306],[-4.92474,36.67347],[-4.92364,36.67365],[-4.92294,36.67343],[-4.92174,36.67321],[-4.92151,36.67321],[-4.92131,36.67335],[-4.92175,36.67355],[-4.92214,36.6735],[-4.92241,36.67356],[-4.92274,36.67385],[-4.92314,36.67442],[-4.92335,36.67497],[-4.92397,36.67533],[-4.92393,36.67616],[-4.92382,36.67648],[-4.92322,36.6763],[-4.92292,36.67728],[-4.92235,36.67743],[-4.92159,36.67707],[-4.92123,36.67636],[-4.9206,36.6765],[-4.92017,36.67679],[-4.9191,36.67641],[-4.91871,36.67577],[-4.91872,36.67539],[-4.91906,36.67524],[-4.91589,36.67566],[-4.91519,36.6759],[-4.91399,36.67536],[-4.91438,36.67678],[-4.91626,36.6768],[-4.91682,36.67784],[-4.91707,36.67881],[-4.91671,36.67937],[-4.91602,36.67946],[-4.91539,36.67931],[-4.91494,36.67965],[-4.91578,36.68019],[-4.90806,36.68019],[-4.9081,36.6801],[-4.90805,36.68019],[-4.90513,36.68019],[-4.90415,36.67976],[-4.90381,36.68003],[-4.90348,36.6801],[-4.90271,36.67943],[-4.90195,36.67921],[-4.90124,36.67876],[-4.89916,36.6785],[-4.89708,36.67798],[-4.89495,36.67758],[-4.89457,36.67756],[-4.8937,36.67814],[-4.89234,36.67694],[-4.89228,36.67619],[-4.89128,36.67621],[-4.89106,36.67637],[-4.88939,36.67662],[-4.8902,36.67571],[-4.89029,36.67569],[-4.88945,36.67476],[-4.88882,36.67425],[-4.88793,36.67379],[-4.88782,36.67325],[-4.88736,36.67302],[-4.88715,36.67317],[-4.88711,36.67307],[-4.88426,36.67479],[-4.88119,36.67642],[-4.8802,36.67583],[-4.87953,36.67286],[-4.87879,36.6722],[-4.87886,36.67168],[-4.87976,36.67265],[-4.88018,36.67339],[-4.88014,36.67398],[-4.88052,36.67477],[-4.88106,36.67515],[-4.88162,36.67529],[-4.88208,36.67521],[-4.88249,36.6749],[-4.88204,36.67437],[-4.8822,36.67393],[-4.88259,36.67355],[-4.88295,36.67431],[-4.88313,36.67448],[-4.88429,36.67406],[-4.88505,36.674],[-4.88499,36.67388],[-4.88607,36.67309],[-4.88632,36.67271],[-4.88632,36.67255],[-4.88681,36.67203],[-4.88674,36.67087],[-4.88711,36.6706],[-4.88748,36.67084],[-4.88794,36.67068],[-4.88824,36.67086],[-4.8893,36.66961],[-4.88692,36.67064],[-4.88652,36.67097],[-4.8858,36.67071],[-4.88534,36.66998],[-4.88534,36.66975],[-4.88494,36.66947],[-4.88441,36.66987],[-4.88498,36.67035],[-4.88525,36.67172],[-4.88488,36.6721],[-4.88438,36.67219],[-4.88444,36.67297],[-4.88399,36.67338],[-4.88175,36.67266],[-4.88152,36.67166],[-4.87967,36.67172],[-4.87951,36.67135],[-4.87987,36.6709],[-4.87998,36.67046],[-4.88012,36.67043],[-4.88055,36.67125],[-4.88126,36.67106],[-4.88126,36.67027],[-4.88229,36.66964],[-4.88415,36.66797],[-4.88311,36.66805],[-4.88269,36.66829],[-4.88125,36.66882],[-4.88139,36.66919],[-4.88065,36.66922],[-4.87945,36.66905],[-4.87923,36.66947],[-4.87872,36.66957],[-4.87703,36.66847],[-4.87672,36.66666],[-4.87692,36.66636],[-4.87813,36.66651],[-4.87895,36.66533],[-4.8812,36.66545],[-4.88177,36.6656],[-4.88105,36.66679],[-4.87947,36.66679],[-4.87933,36.66722],[-4.87835,36.66689],[-4.87779,36.66704],[-4.87787,36.66762],[-4.87889,36.66765],[-4.87903,36.66786],[-4.88074,36.66764],[-4.88162,36.66669],[-4.88291,36.66691],[-4.88375,36.6656],[-4.88317,36.66496],[-4.88305,36.66455],[-4.88253,36.66462],[-4.88274,36.66404],[-4.88305,36.66399],[-4.88276,36.66392],[-4.88266,36.66374],[-4.88313,36.66358],[-4.88351,36.66363],[-4.88375,36.66388],[-4.88399,36.66384],[-4.88425,36.66521],[-4.88555,36.66481],[-4.88722,36.66465],[-4.88731,36.66413],[-4.88645,36.66408],[-4.88528,36.66278],[-4.88261,36.66321],[-4.88213,36.66558],[-4.87949,36.6643],[-4.88033,36.66391],[-4.88105,36.66298],[-4.88028,36.66284],[-4.88013,36.66262],[-4.87986,36.66178],[-4.87999,36.66127],[-4.8792,36.66148],[-4.87851,36.66207],[-4.87761,36.66157],[-4.87837,36.66121],[-4.87915,36.66101],[-4.87876,36.66066],[-4.87889,36.6598],[-4.87882,36.65869],[-4.8791,36.65837],[-4.87896,36.6578],[-4.87876,36.65743],[-4.879,36.65675],[-4.8794,36.65668],[-4.87986,36.65698],[-4.88002,36.65698],[-4.88031,36.65525],[-4.88031,36.65448],[-4.87956,36.65413],[-4.879,36.65434],[-4.87911,36.65501],[-4.87984,36.65528],[-4.87904,36.65624],[-4.87854,36.65544],[-4.87784,36.65535],[-4.87723,36.6542],[-4.87789,36.65322],[-4.87751,36.65275],[-4.87728,36.65211],[-4.8774,36.65256],[-4.87693,36.65241],[-4.87677,36.65262],[-4.87658,36.65252],[-4.87541,36.65227],[-4.87535,36.65276],[-4.87569,36.6533],[-4.87524,36.65332],[-4.87312,36.65166],[-4.87245,36.65086],[-4.87222,36.64926],[-4.87201,36.64919],[-4.87118,36.64927],[-4.87122,36.64887],[-4.87191,36.6488],[-4.87176,36.64823],[-4.87103,36.6478],[-4.86717,36.64806],[-4.86632,36.64843],[-4.86573,36.64905],[-4.86554,36.64858],[-4.86477,36.64878],[-4.86475,36.64908],[-4.86416,36.64892],[-4.86272,36.64965],[-4.86288,36.65066],[-4.86447,36.65123],[-4.86183,36.65168],[-4.86117,36.65134],[-4.85987,36.65135],[-4.85965,36.65118],[-4.85892,36.65173],[-4.85867,36.65219],[-4.85964,36.65306],[-4.85968,36.65365],[-4.85931,36.65424],[-4.85793,36.65531],[-4.85631,36.65595],[-4.85456,36.65844],[-4.85318,36.65868],[-4.85238,36.6595],[-4.85305,36.65956],[-4.85305,36.65977],[-4.85242,36.66021],[-4.84908,36.65968],[-4.84798,36.66065],[-4.84619,36.66201],[-4.84612,36.66284],[-4.84546,36.66394],[-4.84545,36.6648],[-4.84502,36.66473],[-4.84493,36.66411],[-4.84551,36.66287],[-4.84511,36.66338],[-4.84436,36.66327],[-4.8439,36.66297],[-4.84363,36.66249],[-4.84358,36.66218],[-4.84392,36.66194],[-4.8448,36.66188],[-4.84504,36.66251],[-4.84519,36.66187],[-4.8459,36.66189],[-4.84796,36.66038],[-4.84872,36.65969],[-4.84751,36.65874],[-4.84754,36.6582],[-4.8465,36.65734],[-4.84716,36.65742],[-4.84794,36.65796],[-4.85006,36.65696],[-4.85086,36.65702],[-4.85164,36.65739],[-4.8517,36.65795],[-4.85151,36.65851],[-4.85175,36.65916],[-4.85226,36.65929],[-4.85254,36.65875],[-4.85428,36.65791],[-4.85507,36.65702],[-4.85609,36.65567],[-4.8577,36.65487],[-4.85898,36.65404],[-4.85928,36.65336],[-4.85824,36.65245],[-4.85776,36.65168],[-4.85794,36.6511],[-4.85718,36.65121],[-4.85654,36.65104],[-4.85334,36.65126],[-4.85295,36.6507],[-4.85314,36.65019],[-4.8528,36.64862],[-4.8535,36.6479],[-4.85283,36.64718],[-4.8532,36.6466],[-4.85322,36.64624],[-4.85311,36.64623],[-4.85319,36.64588],[-4.85287,36.64579],[-4.85313,36.6454],[-4.85381,36.64526],[-4.85435,36.6453],[-4.85499,36.646],[-4.85574,36.64589],[-4.85575,36.6455],[-4.85524,36.64504],[-4.85475,36.64476],[-4.85433,36.64469],[-4.85349,36.64411],[-4.85301,36.64338],[-4.85244,36.64359],[-4.85213,36.6439],[-4.85275,36.64437],[-4.85244,36.64471],[-4.85174,36.64438],[-4.85172,36.64548],[-4.85095,36.64527],[-4.85114,36.64479],[-4.85028,36.64474],[-4.85002,36.64449],[-4.84932,36.6446],[-4.84919,36.64424],[-4.85064,36.64394],[-4.85027,36.64316],[-4.85085,36.64289],[-4.85192,36.64264],[-4.85198,36.64247],[-4.85174,36.64245],[-4.85162,36.64218],[-4.85206,36.64208],[-4.85202,36.64158],[-4.85084,36.64147],[-4.85108,36.64112],[-4.85005,36.64154],[-4.84959,36.64122],[-4.8486,36.6415],[-4.84822,36.64218],[-4.84537,36.64202],[-4.8454,36.64196],[-4.84507,36.64193],[-4.84598,36.64255],[-4.84531,36.64296],[-4.84705,36.64315],[-4.84782,36.64304],[-4.84829,36.64411],[-4.84752,36.64449],[-4.8468,36.64459],[-4.84645,36.64417],[-4.84545,36.64549],[-4.84554,36.64615],[-4.84568,36.64635],[-4.84639,36.64634],[-4.846,36.64653],[-4.84562,36.64657],[-4.84564,36.64678],[-4.84603,36.64706],[-4.84744,36.64749],[-4.84759,36.64803],[-4.84662,36.64772],[-4.84614,36.64765],[-4.84559,36.6479],[-4.84576,36.64802],[-4.8469,36.64811],[-4.84702,36.64837],[-4.84668,36.64874],[-4.84542,36.64837],[-4.84471,36.64865],[-4.84398,36.64881],[-4.84353,36.64858],[-4.8432,36.64802],[-4.84256,36.64806],[-4.84244,36.64833],[-4.84246,36.64867],[-4.8442,36.64929],[-4.84539,36.64954],[-4.84664,36.65007],[-4.84862,36.65004],[-4.84874,36.65035],[-4.84993,36.65123],[-4.8501,36.65269],[-4.84856,36.65346],[-4.84771,36.65281],[-4.8476,36.6528],[-4.84673,36.65306],[-4.84671,36.65352],[-4.84625,36.65367],[-4.84541,36.65374],[-4.84518,36.65318],[-4.84475,36.6533],[-4.84458,36.65307],[-4.84221,36.65319],[-4.84206,36.65261],[-4.84111,36.65292],[-4.84098,36.65277],[-4.84102,36.65269],[-4.84135,36.65248],[-4.84116,36.65227],[-4.84092,36.65227],[-4.84065,36.65189],[-4.84075,36.65165],[-4.84155,36.65155],[-4.84059,36.65082],[-4.83963,36.65053],[-4.83841,36.65056],[-4.83831,36.65041],[-4.83827,36.64987],[-4.83854,36.64914],[-4.83886,36.64902],[-4.83803,36.64855],[-4.83603,36.64845],[-4.83605,36.64787],[-4.83498,36.64747],[-4.83533,36.64658],[-4.83713,36.64481],[-4.83882,36.64453],[-4.83883,36.64399],[-4.83811,36.64389],[-4.83769,36.64369],[-4.83669,36.6419],[-4.83606,36.64067],[-4.83624,36.63965],[-4.83729,36.63961],[-4.83878,36.6392],[-4.84021,36.63858],[-4.8408,36.63882],[-4.84255,36.63783],[-4.84198,36.63716],[-4.84402,36.63716],[-4.84367,36.63817],[-4.84397,36.6385],[-4.84554,36.63861],[-4.84617,36.63843],[-4.84689,36.63807],[-4.84717,36.63736],[-4.84944,36.63636],[-4.85021,36.63668],[-4.85099,36.63739],[-4.85199,36.63761],[-4.8518,36.63724],[-4.8525,36.63672],[-4.85304,36.63643],[-4.85365,36.63662],[-4.85394,36.63622],[-4.85459,36.6356],[-4.85323,36.63614],[-4.85222,36.63603],[-4.85131,36.63602],[-4.85088,36.63681],[-4.84928,36.63611],[-4.84888,36.63567],[-4.84932,36.63484],[-4.85112,36.63441],[-4.85448,36.63383],[-4.85457,36.63324],[-4.85715,36.63211],[-4.85746,36.63147],[-4.85836,36.63047],[-4.8593,36.62967],[-4.85802,36.62928],[-4.8588,36.62762],[-4.85842,36.62668],[-4.8578,36.62642],[-4.85706,36.62546],[-4.85572,36.62424],[-4.85372,36.62451],[-4.85418,36.62344],[-4.85302,36.62277],[-4.85525,36.62157],[-4.85518,36.61978],[-4.857,36.61808],[-4.85727,36.61704],[-4.85669,36.61587],[-4.85315,36.61625],[-4.85203,36.6158],[-4.85112,36.61299],[-4.85041,36.61365],[-4.85039,36.61403],[-4.85016,36.61424],[-4.84982,36.61431],[-4.84975,36.61392],[-4.8498,36.6131],[-4.84991,36.61233],[-4.85023,36.61165],[-4.85123,36.61041],[-4.8519,36.61039],[-4.85204,36.6101],[-4.85208,36.60964],[-4.85194,36.60941],[-4.85129,36.60904],[-4.85081,36.60798],[-4.85076,36.6075],[-4.85112,36.6068],[-4.85145,36.60532],[-4.85238,36.60351],[-4.85308,36.60185],[-4.85314,36.60144],[-4.85378,36.60058],[-4.85528,36.60002],[-4.85549,36.60142],[-4.85729,36.60093],[-4.85951,36.60135],[-4.86035,36.60135],[-4.86063,36.60126],[-4.86195,36.60014],[-4.86181,36.59962],[-4.86184,36.59889],[-4.86169,36.59816],[-4.86141,36.5977],[-4.86105,36.59736],[-4.8606,36.59714],[-4.85983,36.5971],[-4.85918,36.59748],[-4.85842,36.59769],[-4.85765,36.59779],[-4.85661,36.59813],[-4.85601,36.59819],[-4.8554,36.59844],[-4.85531,36.59967],[-4.85376,36.6005],[-4.85317,36.60132],[-4.85072,36.60621],[-4.85046,36.60693],[-4.85038,36.60765],[-4.85038,36.60857],[-4.85054,36.60878],[-4.8498,36.60897],[-4.8494,36.60887],[-4.84896,36.60855],[-4.84884,36.60826],[-4.8491,36.60727],[-4.84867,36.60622],[-4.84898,36.60595],[-4.8496,36.60499],[-4.84972,36.60451],[-4.84974,36.60387],[-4.84959,36.60294],[-4.8507,36.60196],[-4.85065,36.60117],[-4.85097,36.6009],[-4.85101,36.60026],[-4.85082,36.59941],[-4.85043,36.59877],[-4.85148,36.59804],[-4.85175,36.59776],[-4.85244,36.59771],[-4.85354,36.59535],[-4.85353,36.59454],[-4.86237,36.59412],[-4.86235,36.59432],[-4.86248,36.5945],[-4.86241,36.59499],[-4.86253,36.59519],[-4.86285,36.59521],[-4.86291,36.59548],[-4.86359,36.59594],[-4.8638,36.596],[-4.86371,36.59641],[-4.86387,36.59734],[-4.86371,36.59751],[-4.86375,36.59824],[-4.86387,36.59825],[-4.86404,36.59843],[-4.86455,36.59855],[-4.8653,36.59857],[-4.86573,36.59903],[-4.86682,36.59937],[-4.8671,36.59939],[-4.86761,36.59976],[-4.86792,36.59963],[-4.86825,36.599],[-4.86827,36.59875],[-4.86885,36.59865],[-4.86923,36.59997],[-4.86989,36.60014],[-4.87064,36.59938],[-4.87126,36.59851],[-4.87129,36.59791],[-4.87149,36.59731],[-4.8711,36.59691],[-4.87071,36.59634],[-4.87071,36.59621],[-4.87179,36.59667],[-4.87322,36.59699],[-4.87331,36.59672],[-4.87309,36.59633],[-4.87257,36.59595],[-4.87241,36.59537],[-4.87131,36.59437],[-4.87089,36.59424],[-4.87038,36.59429],[-4.86948,36.59407],[-4.86934,36.59401],[-4.86931,36.59381],[-4.8697,36.5936],[-4.87031,36.59362],[-4.87475,36.5917],[-4.87669,36.59051],[-4.87721,36.59043],[-4.87919,36.59057],[-4.87944,36.59051],[-4.8815,36.58818],[-4.88428,36.58314],[-4.88409,36.58309],[-4.88354,36.58401],[-4.88132,36.58815],[-4.87919,36.59042],[-4.87684,36.59031],[-4.87481,36.5915],[-4.8703,36.59344],[-4.86989,36.5935],[-4.87032,36.59327],[-4.87093,36.59277],[-4.87124,36.59158],[-4.87109,36.59075],[-4.87127,36.5896],[-4.87125,36.5891],[-4.87185,36.58868],[-4.87239,36.58726],[-4.87278,36.58675],[-4.87337,36.58624],[-4.87452,36.58577],[-4.87441,36.58447],[-4.87327,36.58383],[-4.87186,36.58582],[-4.87183,36.58627],[-4.87161,36.58684],[-4.87128,36.58703],[-4.87101,36.58695],[-4.87084,36.58674],[-4.87,36.58805],[-4.8696,36.58899],[-4.8691,36.5895],[-4.86818,36.58963],[-4.86769,36.58962],[-4.86666,36.59007],[-4.86581,36.59028],[-4.86535,36.59017],[-4.86526,36.59008],[-4.86515,36.58954],[-4.86456,36.58932],[-4.86339,36.59025],[-4.86365,36.59045],[-4.86295,36.59086],[-4.86226,36.59172],[-4.86221,36.59204],[-4.86178,36.59276],[-4.8619,36.59321],[-4.86238,36.59394],[-4.85355,36.5944],[-4.85343,36.59341],[-4.85257,36.59173],[-4.85254,36.59163],[-4.85272,36.59161],[-4.85275,36.59149],[-4.85229,36.59127],[-4.85208,36.59082],[-4.85208,36.58973],[-4.85225,36.5888],[-4.853,36.58811],[-4.85467,36.58774],[-4.85536,36.58767],[-4.85546,36.58774],[-4.85586,36.58773],[-4.8566,36.58738],[-4.85709,36.5873],[-4.85776,36.58689],[-4.85751,36.58596],[-4.85773,36.58536],[-4.85739,36.58542],[-4.85727,36.58525],[-4.85724,36.58493],[-4.85694,36.58482],[-4.85539,36.58463],[-4.85293,36.58509],[-4.85282,36.58388],[-4.85298,36.58267],[-4.8528,36.58135],[-4.85346,36.58044],[-4.85357,36.58008],[-4.85355,36.57973],[-4.85309,36.57875],[-4.85302,36.57797],[-4.85345,36.57746],[-4.85396,36.57722],[-4.85508,36.57685],[-4.85712,36.5755],[-4.85783,36.57426],[-4.85806,36.57404],[-4.85839,36.57389],[-4.85876,36.5738],[-4.85916,36.57382],[-4.85956,36.57396],[-4.85994,36.5742],[-4.8609,36.57505],[-4.86177,36.57533],[-4.86206,36.57526],[-4.86279,36.57471],[-4.86425,36.57315],[-4.86434,36.57261],[-4.86468,36.57255],[-4.86466,36.57248],[-4.86432,36.57254],[-4.86381,36.57137],[-4.86382,36.57046],[-4.86355,36.56973],[-4.86355,36.56951],[-4.86367,36.56918],[-4.86396,36.56887],[-4.86468,36.56836],[-4.86492,36.56791],[-4.86497,36.56754],[-4.86489,36.56713],[-4.86429,36.56655],[-4.86257,36.56588],[-4.86219,36.56564],[-4.86194,36.56536],[-4.86184,36.56509],[-4.86186,36.56476],[-4.86202,36.56441],[-4.86305,36.56362],[-4.86321,36.56326],[-4.86311,36.56153],[-4.86279,36.56076],[-4.86249,36.56047],[-4.86204,36.56007],[-4.86153,36.55997],[-4.86121,36.55976],[-4.86107,36.55918],[-4.86122,36.55842],[-4.86149,36.55816],[-4.86185,36.55805],[-4.86226,36.55808],[-4.86335,36.55854],[-4.86373,36.55856],[-4.86414,36.55841],[-4.86441,36.55818],[-4.86473,36.55736],[-4.8654,36.55658],[-4.8654,36.55599],[-4.86522,36.55571],[-4.86495,36.55553],[-4.8647,36.55539],[-4.86415,36.55527],[-4.8637,36.55526],[-4.86282,36.55504],[-4.86245,36.5549],[-4.86224,36.55466],[-4.86229,36.55422],[-4.86287,36.55366],[-4.86314,36.55312],[-4.86292,36.55266],[-4.8618,36.55185],[-4.86168,36.5516],[-4.86167,36.55058],[-4.86192,36.55045],[-4.86202,36.55019],[-4.86219,36.55035],[-4.86235,36.55039],[-4.86248,36.55029],[-4.86262,36.54955],[-4.86287,36.54981],[-4.86319,36.54954],[-4.86303,36.54922],[-4.86306,36.54892],[-4.86293,36.54859],[-4.86294,36.54828],[-4.86312,36.54798],[-4.86326,36.54788],[-4.86344,36.54822],[-4.86365,36.54834],[-4.86418,36.54847],[-4.86432,36.54769],[-4.86423,36.54731],[-4.86344,36.5466],[-4.86332,36.54639],[-4.86334,36.54621],[-4.86438,36.54598],[-4.86452,36.54589],[-4.86447,36.54529],[-4.86453,36.54498],[-4.86479,36.54483],[-4.86566,36.54497],[-4.86627,36.54498],[-4.86635,36.54483],[-4.86587,36.544],[-4.86589,36.54345],[-4.8666,36.5426],[-4.86664,36.54227],[-4.86678,36.54207],[-4.86513,36.54251],[-4.8649,36.54137],[-4.86533,36.5408],[-4.86536,36.54051],[-4.86524,36.53978],[-4.86574,36.5387],[-4.86566,36.53822],[-4.86573,36.53773],[-4.86586,36.53751],[-4.86718,36.53602],[-4.86817,36.53509],[-4.86959,36.53405],[-4.87043,36.53381],[-4.871,36.53385],[-4.87235,36.53335],[-4.87357,36.53303],[-4.87421,36.53242],[-4.87472,36.53173],[-4.87555,36.53106],[-4.87745,36.53046],[-4.87822,36.53012],[-4.87872,36.53003],[-4.87909,36.53035],[-4.88059,36.52989],[-4.88072,36.52981],[-4.88082,36.52949],[-4.88186,36.52925],[-4.8826,36.52951],[-4.88301,36.52955],[-4.884,36.53003],[-4.8844,36.53055],[-4.88506,36.5309],[-4.88533,36.53129],[-4.88544,36.53129],[-4.88579,36.53072],[-4.88586,36.53019],[-4.88581,36.52996],[-4.88562,36.52982],[-4.88529,36.5299],[-4.88394,36.52872],[-4.88378,36.52804],[-4.88613,36.52846],[-4.88636,36.52907],[-4.88668,36.52906],[-4.88679,36.5293],[-4.88648,36.52987],[-4.88632,36.5305],[-4.88675,36.53073],[-4.88698,36.53106],[-4.88792,36.53039],[-4.8884,36.52905],[-4.89203,36.52897],[-4.89416,36.5286],[-4.89468,36.52814],[-4.89549,36.52822],[-4.89625,36.5285],[-4.89757,36.52879],[-4.89867,36.52914],[-4.89907,36.52891],[-4.89906,36.5288],[-4.89935,36.52891],[-4.89947,36.52888],[-4.8996,36.5288],[-4.89964,36.52866],[-4.89959,36.52855],[-4.89912,36.52827],[-4.8991,36.5279],[-4.8995,36.52741],[-4.89988,36.52667],[-4.90028,36.52651],[-4.90046,36.52631],[-4.90018,36.52631],[-4.89987,36.52643],[-4.89979,36.5264],[-4.89963,36.52587],[-4.89971,36.52578],[-4.9002,36.52571],[-4.9006,36.52506],[-4.90056,36.52577],[-4.90081,36.52573],[-4.90125,36.52535],[-4.90156,36.52463],[-4.90153,36.52435],[-4.90138,36.52412],[-4.90114,36.52405],[-4.90076,36.52406],[-4.90051,36.52419],[-4.90047,36.52465],[-4.90037,36.52484],[-4.9001,36.52482],[-4.90004,36.5246],[-4.90015,36.52387],[-4.89989,36.52355],[-4.89988,36.52331],[-4.90102,36.52177],[-4.90133,36.52107],[-4.90184,36.5203],[-4.90249,36.51968],[-4.90267,36.51887],[-4.90247,36.51759],[-4.9027,36.51736],[-4.90245,36.51664],[-4.90304,36.51665],[-4.90326,36.51755],[-4.90349,36.5178],[-4.90356,36.51829],[-4.90349,36.51976],[-4.90297,36.52056],[-4.90348,36.52035],[-4.90356,36.52055],[-4.90341,36.52086],[-4.90262,36.52107],[-4.90242,36.52126],[-4.90243,36.52144],[-4.90265,36.52192],[-4.90215,36.52236],[-4.90186,36.52277],[-4.90226,36.52247],[-4.90243,36.52245],[-4.90241,36.52278],[-4.90204,36.52351],[-4.90206,36.52362],[-4.90217,36.52373],[-4.90243,36.52374],[-4.90306,36.52363],[-4.90357,36.52414],[-4.90383,36.52429],[-4.90518,36.52458],[-4.9058,36.52496],[-4.90627,36.52548],[-4.90661,36.52566],[-4.90656,36.52582],[-4.90644,36.52584],[-4.90617,36.52574],[-4.90521,36.52499],[-4.90311,36.5249],[-4.90134,36.52546],[-4.9009,36.52582],[-4.90093,36.52588],[-4.90143,36.52578],[-4.90198,36.52588],[-4.90223,36.5261],[-4.90243,36.52672],[-4.90285,36.52753],[-4.90279,36.52761],[-4.90257,36.52764],[-4.90223,36.52752],[-4.90212,36.52693],[-4.90199,36.52669],[-4.90167,36.52647],[-4.90125,36.52643],[-4.90087,36.52655],[-4.90056,36.52699],[-4.90075,36.52803],[-4.90116,36.5288],[-4.90124,36.52949],[-4.90442,36.53123],[-4.90611,36.53186],[-4.90673,36.5316],[-4.90675,36.53137],[-4.90609,36.53095],[-4.90547,36.53084],[-4.90648,36.53012],[-4.90649,36.53048],[-4.90669,36.53062],[-4.90723,36.53073],[-4.9078,36.5303],[-4.90799,36.53087],[-4.90755,36.531],[-4.90736,36.53113],[-4.9074,36.53124],[-4.90832,36.53136],[-4.91175,36.53099],[-4.91285,36.5313],[-4.91565,36.53099],[-4.91735,36.52973],[-4.91762,36.52883],[-4.91867,36.52824],[-4.92072,36.52501],[-4.92197,36.52666],[-4.9222,36.52731],[-4.92222,36.52758],[-4.92204,36.52813],[-4.92171,36.52998],[-4.92097,36.53009],[-4.92007,36.53164],[-4.91957,36.53184],[-4.92084,36.53347],[-4.92163,36.53375],[-4.9223,36.53309],[-4.9229,36.53091],[-4.92368,36.5309],[-4.92448,36.53099],[-4.92499,36.53112],[-4.92685,36.53176],[-4.92787,36.53241],[-4.92835,36.53312],[-4.92903,36.53376],[-4.93003,36.53417],[-4.93054,36.53425],[-4.93048,36.53412],[-4.93028,36.53412],[-4.92894,36.53354],[-4.92862,36.53325],[-4.92836,36.53284],[-4.92811,36.53214],[-4.92789,36.53197],[-4.92562,36.53118],[-4.92487,36.53086],[-4.92504,36.52813],[-4.92473,36.52692],[-4.925,36.52668],[-4.92735,36.52727],[-4.92767,36.52796],[-4.92826,36.52821],[-4.92961,36.52767],[-4.92978,36.52724],[-4.92963,36.52675],[-4.93001,36.5265],[-4.93056,36.52635],[-4.92998,36.52471],[-4.93017,36.52312],[-4.92957,36.52241],[-4.92952,36.52184],[-4.93178,36.52119],[-4.93209,36.5209],[-4.93189,36.52098],[-4.93185,36.52092],[-4.93236,36.52056],[-4.93262,36.5202],[-4.93274,36.51968],[-4.93271,36.5193],[-4.93215,36.51856],[-4.93168,36.51834],[-4.93092,36.51833],[-4.93116,36.51675],[-4.93226,36.51609],[-4.93265,36.51553],[-4.93294,36.51464],[-4.9334,36.51488],[-4.9345,36.51569],[-4.93535,36.51607],[-4.93571,36.51658],[-4.93661,36.51745],[-4.93604,36.51749],[-4.93601,36.51767],[-4.93688,36.51819],[-4.93697,36.51865],[-4.9371,36.51872],[-4.93734,36.51865],[-4.93772,36.5192],[-4.93805,36.51948],[-4.93802,36.51983],[-4.93849,36.52022],[-4.9386,36.52059],[-4.93912,36.52065],[-4.93986,36.52144],[-4.94148,36.52295],[-4.94389,36.52458],[-4.94441,36.52502],[-4.94514,36.52517],[-4.94564,36.52569],[-4.94623,36.52601],[-4.9467,36.526],[-4.94717,36.52622],[-4.94771,36.52625],[-4.94846,36.52617],[-4.95069,36.52645],[-4.95306,36.5265],[-4.9531,36.52617],[-4.95073,36.52606],[-4.94897,36.52579],[-4.94801,36.52531],[-4.94644,36.52487],[-4.94591,36.52477],[-4.94551,36.52478],[-4.94333,36.52372],[-4.94117,36.52218],[-4.93967,36.52065],[-4.93678,36.51664],[-4.93494,36.51479],[-4.93377,36.51409],[-4.93235,36.51337],[-4.93088,36.51289],[-4.93092,36.51247],[-4.93179,36.51249],[-4.93171,36.51204],[-4.93142,36.51155],[-4.9318,36.51152],[-4.93234,36.51118],[-4.93305,36.51104],[-4.93347,36.51114],[-4.93368,36.5117],[-4.93482,36.51221],[-4.93451,36.51283],[-4.93601,36.51363],[-4.93642,36.5133],[-4.93688,36.51324],[-4.9372,36.51286],[-4.9373,36.51286],[-4.93737,36.51325],[-4.93781,36.51381],[-4.93716,36.51402],[-4.93747,36.5145],[-4.93762,36.51458],[-4.93856,36.51446],[-4.93878,36.51426],[-4.93969,36.51399],[-4.94073,36.51336],[-4.94068,36.51312],[-4.94112,36.51285],[-4.9418,36.51117],[-4.94207,36.51105],[-4.9426,36.5104],[-4.9431,36.51054],[-4.9433,36.51024],[-4.9431,36.51017],[-4.94308,36.50919],[-4.94301,36.50851],[-4.9429,36.50828],[-4.94197,36.50789],[-4.94122,36.50718],[-4.94085,36.50716],[-4.94093,36.50686],[-4.94132,36.50685],[-4.94189,36.5065],[-4.94284,36.5072],[-4.94403,36.50838],[-4.94499,36.50972],[-4.94551,36.51017],[-4.94641,36.5108],[-4.94743,36.51093],[-4.94689,36.5115],[-4.94616,36.512],[-4.9412,36.51425],[-4.94147,36.51464],[-4.94596,36.51246],[-4.94537,36.51296],[-4.94527,36.51419],[-4.94511,36.51487],[-4.94519,36.51542],[-4.94518,36.5163],[-4.94478,36.51613],[-4.94338,36.51745],[-4.94368,36.51933],[-4.94429,36.51951],[-4.94566,36.51905],[-4.9466,36.5192],[-4.94677,36.51897],[-4.94677,36.51779],[-4.94721,36.51723],[-4.9472,36.51708],[-4.94628,36.5165],[-4.94625,36.51625],[-4.94664,36.51521],[-4.94684,36.51505],[-4.94704,36.51505],[-4.94708,36.51463],[-4.94733,36.51443],[-4.9474,36.51423],[-4.94758,36.51406],[-4.94824,36.51399],[-4.94854,36.51404],[-4.9489,36.51427],[-4.94922,36.51472],[-4.94932,36.5147],[-4.9492,36.51435],[-4.94916,36.51377],[-4.94927,36.51354],[-4.94944,36.51356],[-4.95013,36.51484],[-4.95023,36.51554],[-4.95014,36.51603],[-4.94986,36.51654],[-4.94991,36.51677],[-4.94949,36.51712],[-4.94961,36.51732],[-4.95002,36.51763],[-4.95035,36.51751],[-4.95038,36.51793],[-4.95052,36.51819],[-4.95125,36.51898],[-4.95151,36.51968],[-4.95145,36.52002],[-4.951,36.52059],[-4.95123,36.52158],[-4.95071,36.52243],[-4.95062,36.52276],[-4.9508,36.52305],[-4.95147,36.52321],[-4.95175,36.52339],[-4.95198,36.52444],[-4.95213,36.52471],[-4.95291,36.52557],[-4.95285,36.5258],[-4.95293,36.52586],[-4.9531,36.5258],[-4.95325,36.52613],[-4.95321,36.5265],[-4.95266,36.52714],[-4.95251,36.52751],[-4.9523,36.52852],[-4.95245,36.52899],[-4.9529,36.5296],[-4.95291,36.52989],[-4.95258,36.5301],[-4.95158,36.5303],[-4.95128,36.53051],[-4.95107,36.53092],[-4.95043,36.53118],[-4.95028,36.53179],[-4.94951,36.53261],[-4.9496,36.53292],[-4.9502,36.53322],[-4.95033,36.53341],[-4.95014,36.53407],[-4.95024,36.53436],[-4.95036,36.53445],[-4.95086,36.53449],[-4.95124,36.53424],[-4.95205,36.53423],[-4.95253,36.53413],[-4.95277,36.53433],[-4.95296,36.53495],[-4.95325,36.53514],[-4.95364,36.53526],[-4.95376,36.53543],[-4.95369,36.53564],[-4.95331,36.53604],[-4.95314,36.53612],[-4.9529,36.53611],[-4.95235,36.53594],[-4.95183,36.53603],[-4.95174,36.53622],[-4.95194,36.53685],[-4.95228,36.53722],[-4.95222,36.53746],[-4.95171,36.53791],[-4.95116,36.53817],[-4.95043,36.53958],[-4.94953,36.54016],[-4.9491,36.54056],[-4.94899,36.54078],[-4.94903,36.54101],[-4.94939,36.54151],[-4.94956,36.54162],[-4.94995,36.54179],[-4.95105,36.54187],[-4.95115,36.54217],[-4.95099,36.54233],[-4.95008,36.54275],[-4.94988,36.54366],[-4.94749,36.54429],[-4.94462,36.54708],[-4.94223,36.54874],[-4.94069,36.54902],[-4.94093,36.55031],[-4.94165,36.5524],[-4.94152,36.55312],[-4.94156,36.55372],[-4.94307,36.55473],[-4.9436,36.55545],[-4.94335,36.55671],[-4.94375,36.5576],[-4.94384,36.55818],[-4.94465,36.55901],[-4.9447,36.55968],[-4.94498,36.56028],[-4.94554,36.56095],[-4.94591,36.56168],[-4.94587,36.56217],[-4.94573,36.56248],[-4.94572,36.56314],[-4.94541,36.56378],[-4.94578,36.56433],[-4.94641,36.56495],[-4.94691,36.56526],[-4.9469,36.56553],[-4.94646,36.56613],[-4.94639,36.56684],[-4.94594,36.56737],[-4.94607,36.56898],[-4.94655,36.56943],[-4.94668,36.5699],[-4.94655,36.57029],[-4.94626,36.57073],[-4.94645,36.57141],[-4.94608,36.57211],[-4.94614,36.57285],[-4.94596,36.57384],[-4.94569,36.57462],[-4.94476,36.57529],[-4.94401,36.57532],[-4.94348,36.57566],[-4.943,36.57634],[-4.94182,36.57674],[-4.94047,36.57845],[-4.93773,36.57989],[-4.9377,36.58057],[-4.93744,36.58122],[-4.93461,36.58328],[-4.93395,36.58388],[-4.93355,36.58437],[-4.93191,36.58562],[-4.93199,36.58636],[-4.93278,36.58743],[-4.93339,36.5881],[-4.93336,36.58889],[-4.93228,36.58956],[-4.93164,36.59023],[-4.93122,36.59031],[-4.9306,36.58997],[-4.92978,36.58967],[-4.92906,36.58927],[-4.92864,36.58937],[-4.92899,36.59089],[-4.92863,36.59179],[-4.92817,36.59162],[-4.9277,36.59155],[-4.92734,36.5916],[-4.92718,36.5917],[-4.92729,36.59213],[-4.92696,36.59226],[-4.92671,36.59185],[-4.92553,36.59193],[-4.92471,36.59217],[-4.92444,36.5921],[-4.9241,36.59189],[-4.92388,36.5916],[-4.92371,36.59116],[-4.92307,36.59222],[-4.92483,36.59247],[-4.92621,36.59307],[-4.92756,36.59312],[-4.92775,36.59337],[-4.92713,36.59357],[-4.92781,36.59427],[-4.92852,36.59447],[-4.93004,36.59561],[-4.93001,36.59615],[-4.92949,36.59702],[-4.92807,36.59702],[-4.92747,36.59728],[-4.92705,36.59777],[-4.92713,36.59786],[-4.92686,36.5984],[-4.92664,36.59861],[-4.92594,36.59883],[-4.92539,36.59961],[-4.92512,36.6004],[-4.92488,36.60057],[-4.92451,36.60065],[-4.92455,36.60106],[-4.92476,36.60147],[-4.92329,36.60183],[-4.92329,36.60056],[-4.92216,36.60008],[-4.92104,36.59991],[-4.92048,36.59959],[-4.92031,36.59929],[-4.91952,36.59987],[-4.91889,36.59989],[-4.91821,36.59908],[-4.91836,36.59883],[-4.91827,36.59789],[-4.91845,36.59693],[-4.91827,36.59631],[-4.91837,36.59614],[-4.91901,36.59614],[-4.91915,36.59569],[-4.91942,36.5953],[-4.91923,36.59496],[-4.91922,36.59451],[-4.91856,36.59449],[-4.91742,36.59505],[-4.91766,36.59563],[-4.91757,36.59727],[-4.91693,36.59747],[-4.91643,36.59621],[-4.916,36.5963],[-4.91584,36.59689],[-4.91482,36.5974],[-4.91448,36.59745],[-4.91365,36.59787],[-4.91339,36.59846],[-4.91261,36.59868],[-4.91228,36.59928],[-4.91247,36.59953],[-4.91379,36.59898],[-4.91534,36.59913],[-4.91714,36.59903],[-4.9174,36.60005],[-4.91732,36.60042],[-4.91742,36.60136],[-4.91762,36.60178],[-4.91347,36.60292],[-4.91166,36.60309],[-4.91006,36.60384],[-4.90865,36.60407],[-4.90625,36.60461],[-4.9052,36.60472],[-4.90345,36.60608],[-4.90124,36.6074],[-4.90117,36.60786],[-4.90046,36.60845],[-4.90083,36.60908],[-4.90169,36.6095],[-4.9024,36.60885],[-4.90316,36.60861],[-4.90431,36.60793],[-4.90515,36.60728],[-4.90625,36.60668],[-4.90713,36.60676],[-4.90788,36.60702],[-4.90817,36.60741],[-4.90666,36.60946],[-4.90552,36.61059],[-4.9046,36.61099],[-4.90408,36.61141],[-4.90375,36.61198],[-4.90392,36.61246],[-4.90386,36.61311],[-4.89968,36.61181],[-4.89961,36.61143],[-4.89938,36.61121],[-4.89893,36.61133],[-4.89894,36.6118],[-4.89691,36.6117],[-4.89581,36.61116],[-4.89515,36.61069],[-4.89442,36.60982],[-4.89389,36.61016],[-4.89459,36.61062],[-4.89543,36.61136],[-4.89533,36.61186],[-4.89557,36.61209],[-4.89368,36.61584],[-4.89306,36.61761],[-4.89274,36.61821],[-4.89243,36.6185],[-4.89103,36.61679],[-4.89041,36.61698],[-4.88935,36.6175],[-4.88788,36.61798],[-4.88721,36.61828],[-4.88554,36.61833],[-4.88588,36.61849],[-4.88557,36.61884],[-4.88531,36.61962],[-4.88476,36.61976],[-4.88402,36.62256],[-4.8835,36.62326],[-4.88357,36.62391],[-4.88408,36.62529],[-4.88399,36.62608],[-4.88383,36.62632],[-4.88307,36.62651],[-4.88198,36.62645],[-4.88148,36.62655],[-4.88097,36.62677],[-4.88166,36.62542],[-4.88026,36.6241],[-4.87963,36.62319],[-4.87887,36.62288],[-4.87835,36.62233],[-4.87765,36.62214],[-4.87691,36.62227],[-4.87582,36.62231],[-4.87651,36.62153],[-4.8745,36.62153],[-4.87406,36.62132],[-4.87371,36.6218],[-4.87284,36.62169],[-4.87187,36.62236],[-4.87156,36.62295],[-4.87115,36.62343],[-4.87074,36.62359],[-4.8703,36.62407],[-4.86935,36.62425],[-4.8695,36.62487],[-4.86971,36.62507],[-4.87092,36.62436],[-4.87152,36.62356],[-4.8726,36.62305],[-4.87484,36.62315],[-4.87608,36.62383],[-4.87897,36.62307],[-4.87995,36.62382],[-4.88051,36.62467],[-4.88133,36.62535],[-4.88087,36.62626],[-4.87984,36.62776],[-4.8795,36.62802],[-4.87893,36.62785],[-4.87883,36.62753],[-4.8789,36.62675],[-4.87847,36.6266],[-4.87663,36.62665],[-4.87531,36.62742],[-4.87474,36.62725],[-4.8747,36.62666],[-4.87427,36.62651],[-4.87289,36.62667],[-4.87192,36.62713],[-4.87127,36.62769],[-4.87106,36.62815],[-4.86937,36.62834],[-4.86914,36.62884],[-4.86772,36.62901],[-4.86745,36.6295],[-4.86662,36.62965],[-4.86471,36.62959],[-4.86394,36.63026],[-4.86257,36.62985],[-4.8621,36.63023],[-4.86213,36.63056],[-4.86192,36.63091],[-4.86115,36.63108],[-4.8606,36.63153],[-4.8605,36.6321],[-4.86014,36.63253],[-4.86018,36.63305],[-4.86107,36.6336],[-4.86189,36.63352],[-4.86271,36.63359],[-4.86307,36.63389],[-4.86352,36.63402],[-4.86465,36.63377],[-4.86598,36.63366],[-4.86715,36.63376],[-4.86756,36.63402],[-4.86695,36.63417],[-4.86747,36.63432],[-4.86705,36.63507],[-4.86694,36.63574],[-4.86676,36.6362],[-4.8662,36.63643],[-4.86408,36.6383],[-4.86314,36.63883],[-4.8614,36.63894],[-4.86172,36.6391],[-4.86329,36.63899],[-4.86441,36.63837],[-4.86604,36.6368],[-4.86658,36.63644],[-4.86703,36.63625],[-4.86751,36.63479],[-4.86796,36.63427],[-4.86809,36.63512],[-4.86801,36.63548],[-4.8682,36.63638],[-4.86916,36.6363],[-4.86954,36.63646],[-4.86996,36.63599],[-4.87053,36.63612],[-4.87129,36.63537],[-4.87201,36.63566],[-4.87226,36.63611],[-4.87254,36.63624],[-4.87147,36.63716],[-4.87094,36.63785],[-4.87088,36.6386],[-4.87138,36.63915],[-4.8722,36.63959],[-4.87301,36.6398],[-4.87249,36.6401],[-4.87222,36.64065],[-4.87175,36.64026],[-4.87088,36.64055],[-4.87118,36.6407],[-4.87226,36.64094],[-4.87331,36.64105],[-4.87365,36.64133],[-4.87325,36.6415],[-4.87346,36.64165],[-4.87196,36.64246],[-4.86975,36.64286],[-4.86933,36.64139],[-4.86938,36.64161],[-4.86876,36.64164],[-4.86737,36.64156],[-4.86683,36.64134],[-4.8675,36.64142],[-4.86812,36.64125],[-4.86853,36.64081],[-4.86844,36.64073],[-4.86701,36.64097],[-4.86687,36.6409],[-4.86664,36.64097],[-4.8668,36.64117],[-4.86667,36.64127],[-4.86664,36.64123],[-4.86643,36.64093],[-4.86589,36.64073],[-4.8652,36.64093],[-4.86451,36.64087],[-4.86441,36.64049],[-4.86488,36.64008],[-4.86602,36.63969],[-4.8664,36.63924],[-4.8666,36.63977],[-4.86645,36.63933],[-4.86742,36.63939],[-4.86746,36.63998],[-4.86793,36.6393],[-4.86697,36.63894],[-4.86677,36.63836],[-4.86586,36.63854],[-4.86545,36.63853],[-4.86491,36.63954],[-4.86403,36.63964],[-4.86353,36.64009],[-4.86301,36.64023],[-4.86286,36.64072],[-4.86232,36.64097],[-4.86176,36.6411],[-4.86234,36.64117],[-4.86304,36.64103],[-4.864,36.64125],[-4.86397,36.64185],[-4.86435,36.6421],[-4.86446,36.64258],[-4.86392,36.64273],[-4.86307,36.64335],[-4.86297,36.64379],[-4.86252,36.64411],[-4.86419,36.64537],[-4.86357,36.64565],[-4.86318,36.64595],[-4.86259,36.64593],[-4.86239,36.64541],[-4.86177,36.64475],[-4.8605,36.64392],[-4.86023,36.64411],[-4.85994,36.64464],[-4.85945,36.64464],[-4.85941,36.64477],[-4.85843,36.64445],[-4.85771,36.64546],[-4.8582,36.64562],[-4.85853,36.64564],[-4.85851,36.64581],[-4.85911,36.64588],[-4.85987,36.64557],[-4.86106,36.64575],[-4.8609,36.64589],[-4.86015,36.64611],[-4.86049,36.64628],[-4.8617,36.64606],[-4.86275,36.64631],[-4.86298,36.64612],[-4.86378,36.64599],[-4.86428,36.64567],[-4.86436,36.64579],[-4.8655,36.64565],[-4.86648,36.6458],[-4.86674,36.64569],[-4.86741,36.64565],[-4.8683,36.64475],[-4.86847,36.6448],[-4.86917,36.64547],[-4.86972,36.64537],[-4.87011,36.64455],[-4.87056,36.64469],[-4.87176,36.64545],[-4.87305,36.64536],[-4.87383,36.64522],[-4.87402,36.64535],[-4.87367,36.64566],[-4.87472,36.64498],[-4.87502,36.64496],[-4.87537,36.64451],[-4.87574,36.64428],[-4.87692,36.64463],[-4.87738,36.64464],[-4.87787,36.64436],[-4.87814,36.6439],[-4.87946,36.64355],[-4.87979,36.6438],[-4.88053,36.64401],[-4.88086,36.64399],[-4.88132,36.64369],[-4.88191,36.64366],[-4.88192,36.64378],[-4.88146,36.64395],[-4.88342,36.64462],[-4.88386,36.64492],[-4.8843,36.64478],[-4.88475,36.64483],[-4.88477,36.64519],[-4.88513,36.64513],[-4.88533,36.64497],[-4.88617,36.64496],[-4.88532,36.64495],[-4.88497,36.64459],[-4.88316,36.64387],[-4.88248,36.64337],[-4.88161,36.64344],[-4.88127,36.64326],[-4.88,36.64287],[-4.87901,36.64279],[-4.87843,36.64242],[-4.87761,36.6423],[-4.87666,36.64268],[-4.87644,36.64254],[-4.87561,36.64322],[-4.87639,36.64343],[-4.87634,36.64396],[-4.87606,36.64406],[-4.87555,36.64372],[-4.87507,36.64411],[-4.87233,36.64453],[-4.87216,36.64422],[-4.87266,36.6437],[-4.8723,36.64308],[-4.87339,36.6424],[-4.87337,36.64199],[-4.87448,36.64057],[-4.87602,36.64042],[-4.8763,36.64032],[-4.87647,36.64003],[-4.87689,36.6397],[-4.87835,36.6399],[-4.87872,36.64023],[-4.87884,36.63995],[-4.87971,36.63923],[-4.88049,36.63934],[-4.881,36.63923],[-4.88171,36.63933],[-4.8821,36.63918],[-4.88185,36.63896],[-4.88177,36.63865],[-4.8811,36.63833],[-4.88106,36.63804],[-4.88,36.6381],[-4.87881,36.63775],[-4.87893,36.63738],[-4.88001,36.63711],[-4.88031,36.6359],[-4.87953,36.63514],[-4.87754,36.63546],[-4.87647,36.63447],[-4.87787,36.63279],[-4.87873,36.63159],[-4.88176,36.63003],[-4.88323,36.62875],[-4.88475,36.62794],[-4.88704,36.62851],[-4.88837,36.62838],[-4.88654,36.62665],[-4.88675,36.62601],[-4.88827,36.62484],[-4.89034,36.62529],[-4.89237,36.62351],[-4.89327,36.6237],[-4.89524,36.62287],[-4.89452,36.62187],[-4.89642,36.6213],[-4.89757,36.62183],[-4.89841,36.62085],[-4.89937,36.62151],[-4.89711,36.62294],[-4.89679,36.62339],[-4.89722,36.62385],[-4.89767,36.62396],[-4.89886,36.62388],[-4.89983,36.62409],[-4.90175,36.62492],[-4.90253,36.62544],[-4.90339,36.62586],[-4.90515,36.62565],[-4.90583,36.62576],[-4.90669,36.62609],[-4.90692,36.62634],[-4.91137,36.62724],[-4.91273,36.62696],[-4.91246,36.62654],[-4.91154,36.62602],[-4.91241,36.62553],[-4.91257,36.62518],[-4.9124,36.62498],[-4.91148,36.62469],[-4.91038,36.6248],[-4.90975,36.62459],[-4.90962,36.62426],[-4.90951,36.62308],[-4.90989,36.62211],[-4.91019,36.62163],[-4.91092,36.62188],[-4.9117,36.62162],[-4.91174,36.62115],[-4.91068,36.62095],[-4.91134,36.62017],[-4.9121,36.61988],[-4.91444,36.61942],[-4.91648,36.61888],[-4.9175,36.61898],[-4.91835,36.61892],[-4.91888,36.61866],[-4.91949,36.61813],[-4.91992,36.61726],[-4.91929,36.61699],[-4.91775,36.6177],[-4.91674,36.61804],[-4.91577,36.61781],[-4.91474,36.61776],[-4.91189,36.61835],[-4.91107,36.61823],[-4.91052,36.61796],[-4.91038,36.61759],[-4.91053,36.61721],[-4.91242,36.61667],[-4.91256,36.61645],[-4.91252,36.61582],[-4.91259,36.61551],[-4.91314,36.61493],[-4.91312,36.61413],[-4.91332,36.61386],[-4.91376,36.61353],[-4.91442,36.61342],[-4.91518,36.61356],[-4.91668,36.61344],[-4.91866,36.61304],[-4.92047,36.6129],[-4.92219,36.61267],[-4.92276,36.61245],[-4.92298,36.61155],[-4.92258,36.61118],[-4.92216,36.61114],[-4.92004,36.61172],[-4.91869,36.61194],[-4.9158,36.61212],[-4.91472,36.61208],[-4.9145,36.61137],[-4.91492,36.61106],[-4.91565,36.61087],[-4.91917,36.61064],[-4.92148,36.61017],[-4.92374,36.60989],[-4.92508,36.60983],[-4.92602,36.61003],[-4.92616,36.61037],[-4.92539,36.61116],[-4.9254,36.61161],[-4.92558,36.61175],[-4.9262,36.61189],[-4.92665,36.61166],[-4.9273,36.61157],[-4.9299,36.61206],[-4.93086,36.6119],[-4.93204,36.61154],[-4.93283,36.61091],[-4.9335,36.61076],[-4.93418,36.61082],[-4.93483,36.61104],[-4.93557,36.61174],[-4.93404,36.61236],[-4.93096,36.61475],[-4.9308,36.61394],[-4.92853,36.61292],[-4.92439,36.61608],[-4.92501,36.61648],[-4.92316,36.61704],[-4.92302,36.61723],[-4.92373,36.61723],[-4.92392,36.61766],[-4.92204,36.61811],[-4.91828,36.62005],[-4.91532,36.62266],[-4.91421,36.62472],[-4.91434,36.62877],[-4.91456,36.62893],[-4.91445,36.6298],[-4.91546,36.63117],[-4.91656,36.63145],[-4.91671,36.63185],[-4.91675,36.63239],[-4.91702,36.6331],[-4.91692,36.63334],[-4.91607,36.63327],[-4.91542,36.63377],[-4.9156,36.63396],[-4.91564,36.63473],[-4.91401,36.63451],[-4.91382,36.63416],[-4.91317,36.63401],[-4.91303,36.63448],[-4.9118,36.63415],[-4.91251,36.63384],[-4.91095,36.63336],[-4.91142,36.63265],[-4.91122,36.63178],[-4.91086,36.63124],[-4.91143,36.63069],[-4.91082,36.63117],[-4.91019,36.63237],[-4.908,36.63224],[-4.90489,36.63243],[-4.90435,36.63267],[-4.90363,36.63345],[-4.90204,36.63401],[-4.9015,36.63441],[-4.89928,36.63494],[-4.89756,36.63457],[-4.8953,36.63659],[-4.89665,36.63657],[-4.8962,36.63708],[-4.89703,36.63736],[-4.89816,36.63708],[-4.89907,36.63697],[-4.90068,36.63692],[-4.90185,36.63707],[-4.90382,36.6375],[-4.90608,36.63825],[-4.90686,36.63893],[-4.90754,36.63872],[-4.90766,36.63834],[-4.90824,36.63787],[-4.90931,36.63812],[-4.91175,36.63811],[-4.91255,36.6382],[-4.91296,36.6384],[-4.91327,36.63874],[-4.91317,36.63851],[-4.91389,36.63854],[-4.91431,36.63814],[-4.91457,36.63829],[-4.91481,36.63821],[-4.91495,36.63804],[-4.91543,36.63788],[-4.91596,36.63797],[-4.91558,36.63828],[-4.91609,36.63788],[-4.91663,36.63824],[-4.91705,36.63874],[-4.91697,36.63902],[-4.91675,36.63909],[-4.91684,36.63983],[-4.91719,36.6402],[-4.91746,36.64077],[-4.9178,36.64232],[-4.91711,36.64304],[-4.91644,36.64579],[-4.9167,36.64568],[-4.91719,36.64413],[-4.91734,36.64337],[-4.91758,36.64347],[-4.91788,36.64279],[-4.9178,36.64275],[-4.91819,36.64226],[-4.91795,36.64201],[-4.91788,36.64081],[-4.91706,36.63963],[-4.91857,36.64028],[-4.91913,36.64096],[-4.92011,36.64135],[-4.92065,36.6413],[-4.91984,36.64104],[-4.91919,36.6405],[-4.91927,36.64027],[-4.92051,36.63935],[-4.92121,36.63948],[-4.92288,36.63909],[-4.92544,36.63918],[-4.92718,36.63955],[-4.92788,36.63952],[-4.92938,36.63994],[-4.93074,36.64006],[-4.93078,36.63999],[-4.93197,36.63968],[-4.9327,36.64017],[-4.93342,36.63973],[-4.93416,36.6399],[-4.93425,36.64051],[-4.93442,36.64062],[-4.9348,36.64004],[-4.93465,36.63998],[-4.93592,36.63945],[-4.93627,36.64021],[-4.93727,36.64012],[-4.93728,36.63959],[-4.93749,36.63924],[-4.93804,36.63935],[-4.93846,36.63971],[-4.93834,36.64036],[-4.93849,36.64069],[-4.9386,36.64017],[-4.93884,36.64006],[-4.93887,36.63995],[-4.93863,36.63984],[-4.93859,36.63958],[-4.9392,36.63859],[-4.93944,36.63849],[-4.94032,36.63846],[-4.9406,36.63895],[-4.94113,36.63909],[-4.94089,36.63868],[-4.94111,36.63858],[-4.94107,36.63814],[-4.94133,36.638],[-4.94148,36.6381],[-4.9419,36.63907],[-4.94289,36.63907],[-4.94308,36.6389],[-4.94297,36.6386],[-4.94235,36.63852],[-4.94214,36.63835],[-4.94235,36.63808],[-4.94196,36.63784],[-4.94261,36.63781],[-4.94271,36.63715],[-4.94433,36.63754],[-4.9446,36.63702],[-4.94564,36.63711],[-4.94638,36.6361],[-4.94619,36.63571],[-4.94664,36.63563],[-4.94616,36.63496],[-4.94611,36.63439],[-4.94632,36.63345],[-4.94622,36.63299],[-4.94526,36.63216],[-4.9451,36.63141],[-4.94573,36.63035],[-4.94502,36.62917],[-4.94503,36.62833],[-4.9448,36.62742],[-4.94419,36.62672],[-4.94305,36.62663],[-4.94132,36.62635],[-4.94032,36.62499],[-4.93995,36.62499],[-4.94014,36.62473],[-4.93988,36.62444],[-4.9427,36.62427],[-4.94299,36.62395],[-4.94219,36.62266],[-4.94167,36.62249],[-4.94197,36.62153],[-4.94154,36.62088],[-4.94166,36.62052],[-4.94301,36.62054],[-4.9436,36.61985],[-4.94388,36.61926],[-4.94383,36.61799],[-4.94437,36.61784],[-4.94505,36.61799],[-4.94609,36.61853],[-4.94752,36.61905],[-4.94797,36.61884],[-4.94842,36.6188],[-4.94965,36.61936],[-4.95002,36.6194],[-4.95103,36.61897],[-4.95198,36.61932],[-4.95248,36.61909],[-4.95295,36.61859],[-4.95502,36.61819],[-4.95659,36.61876],[-4.95841,36.61894],[-4.95892,36.61879],[-4.95913,36.61828],[-4.95898,36.61778],[-4.95805,36.61711],[-4.95634,36.6168],[-4.9564,36.61625],[-4.95792,36.61503],[-4.9576,36.61371],[-4.9582,36.61358],[-4.95933,36.61426],[-4.96054,36.61367],[-4.95911,36.61224],[-4.9594,36.61208],[-4.95974,36.612],[-4.95942,36.61187],[-4.96046,36.61147],[-4.96085,36.61109],[-4.96095,36.61069],[-4.96088,36.61014],[-4.96118,36.60866],[-4.96135,36.6085],[-4.96122,36.6083],[-4.96087,36.60828],[-4.96057,36.60815],[-4.96045,36.60856],[-4.96065,36.60968],[-4.95972,36.6091],[-4.9596,36.60776],[-4.95934,36.60749],[-4.95894,36.60724],[-4.95735,36.60708],[-4.95579,36.60624],[-4.95496,36.60619],[-4.95467,36.60513],[-4.95495,36.60617],[-4.95226,36.60682],[-4.95135,36.60679],[-4.95065,36.60707],[-4.95076,36.60803],[-4.9511,36.6091],[-4.95019,36.61026],[-4.94968,36.61004],[-4.94927,36.60961],[-4.9492,36.60908],[-4.94879,36.60868],[-4.94845,36.60862],[-4.94754,36.60887],[-4.94793,36.60929],[-4.94819,36.60988],[-4.94772,36.61018],[-4.94592,36.61063],[-4.94342,36.61152],[-4.94275,36.61201],[-4.94253,36.61259],[-4.94159,36.61338],[-4.94149,36.61378],[-4.94181,36.61443],[-4.94191,36.6152],[-4.94097,36.61589],[-4.94101,36.61635],[-4.93925,36.61683],[-4.93899,36.61743],[-4.93844,36.61704],[-4.93809,36.61708],[-4.93746,36.61754],[-4.93685,36.6175],[-4.93673,36.61614],[-4.93654,36.61583],[-4.93649,36.61546],[-4.93675,36.61508],[-4.93824,36.6142],[-4.93958,36.61325],[-4.93979,36.61225],[-4.93923,36.61097],[-4.93971,36.61088],[-4.94039,36.61113],[-4.94074,36.61112],[-4.94098,36.61021],[-4.94121,36.61],[-4.94013,36.6096],[-4.93988,36.60889],[-4.93939,36.6088],[-4.93944,36.60912],[-4.93887,36.6101],[-4.93891,36.60943],[-4.93919,36.60909],[-4.938,36.60837],[-4.93796,36.60761],[-4.93819,36.606],[-4.93857,36.60504],[-4.93855,36.60472],[-4.93904,36.60471],[-4.93961,36.60445],[-4.93995,36.60467],[-4.94008,36.60371],[-4.93971,36.60316],[-4.93918,36.603],[-4.9379,36.60304],[-4.93752,36.60285],[-4.93757,36.60211],[-4.93827,36.60208],[-4.93877,36.6026],[-4.93902,36.60252],[-4.93995,36.60269],[-4.94067,36.60268],[-4.9413,36.60228],[-4.9412,36.60207],[-4.94151,36.60169],[-4.94199,36.60219],[-4.94213,36.60257],[-4.94311,36.60382],[-4.94388,36.60394],[-4.94386,36.60329],[-4.94346,36.60267],[-4.94394,36.60234],[-4.94328,36.60159],[-4.94388,36.60132],[-4.94519,36.60107],[-4.94406,36.60091],[-4.94405,36.60076],[-4.94561,36.60029],[-4.94658,36.59944],[-4.94723,36.59996],[-4.94824,36.59978],[-4.94979,36.60009],[-4.95092,36.6001],[-4.95077,36.59991],[-4.95109,36.5993],[-4.95268,36.59712],[-4.95175,36.5959],[-4.94992,36.59673],[-4.94735,36.59683],[-4.94639,36.59727],[-4.94841,36.59807],[-4.94694,36.59887],[-4.9457,36.59936],[-4.945,36.59875],[-4.94341,36.59929],[-4.94285,36.59847],[-4.94278,36.59753],[-4.9443,36.59706],[-4.94626,36.5966],[-4.94537,36.59457],[-4.94619,36.59396],[-4.94658,36.59308],[-4.94615,36.59253],[-4.94489,36.59192],[-4.94484,36.59125],[-4.9457,36.59139],[-4.94732,36.59064],[-4.94926,36.58901],[-4.95019,36.58798],[-4.95187,36.58792],[-4.95257,36.58842],[-4.95375,36.5882],[-4.95391,36.58852],[-4.95339,36.59006],[-4.95415,36.59051],[-4.95519,36.59001],[-4.95739,36.59042],[-4.95682,36.58847],[-4.95571,36.58858],[-4.95484,36.58766],[-4.95596,36.58764],[-4.95628,36.58714],[-4.9576,36.58685],[-4.95994,36.58609],[-4.96018,36.58497],[-4.96075,36.58414],[-4.96029,36.58219],[-4.96117,36.58235],[-4.96039,36.58054],[-4.96079,36.58026],[-4.95991,36.57844],[-4.95998,36.57764],[-4.96038,36.57701],[-4.96097,36.57712],[-4.96326,36.57702],[-4.96207,36.57825],[-4.96378,36.57845],[-4.96509,36.57807],[-4.96543,36.57846],[-4.96497,36.57887],[-4.96355,36.57956],[-4.96457,36.57986],[-4.96534,36.57982],[-4.96563,36.58021],[-4.96652,36.58061],[-4.96689,36.57978],[-4.96764,36.57977],[-4.96822,36.58005],[-4.96839,36.58052],[-4.96803,36.5809],[-4.96814,36.58158],[-4.96869,36.58127],[-4.96883,36.58188],[-4.96917,36.58158],[-4.96965,36.58051],[-4.97024,36.58046],[-4.97087,36.58058],[-4.96941,36.5819],[-4.96881,36.58307],[-4.96967,36.58322],[-4.96944,36.58346],[-4.97032,36.5846],[-4.97232,36.58528],[-4.97189,36.58572],[-4.96975,36.58481],[-4.9693,36.58544],[-4.96948,36.58624],[-4.96812,36.58822],[-4.96691,36.58684],[-4.96712,36.58594],[-4.96773,36.58524],[-4.96722,36.58506],[-4.9671,36.58379],[-4.96635,36.58381],[-4.96587,36.58411],[-4.96579,36.58456],[-4.96517,36.58487],[-4.96588,36.58498],[-4.96622,36.58494],[-4.96665,36.58587],[-4.96592,36.58613],[-4.96453,36.58564],[-4.96459,36.58649],[-4.96451,36.58793],[-4.96484,36.58867],[-4.9658,36.58792],[-4.9665,36.589],[-4.9659,36.58928],[-4.96675,36.5905],[-4.96612,36.59141],[-4.96487,36.59166],[-4.96389,36.59018],[-4.96342,36.59007],[-4.96287,36.59112],[-4.96395,36.59234],[-4.96353,36.59459],[-4.96421,36.59529],[-4.96405,36.59629],[-4.96327,36.59616],[-4.9632,36.59803],[-4.96479,36.59858],[-4.96415,36.59722],[-4.96445,36.59716],[-4.96619,36.59588],[-4.96707,36.59614],[-4.96664,36.59548],[-4.96688,36.5949],[-4.96821,36.59441],[-4.97007,36.59457],[-4.96855,36.59536],[-4.96813,36.59625],[-4.97053,36.59525],[-4.97222,36.59355],[-4.97232,36.59406],[-4.97231,36.59532],[-4.97239,36.59409],[-4.97436,36.59366],[-4.97411,36.5923],[-4.97486,36.59133],[-4.97692,36.59111],[-4.98011,36.59246],[-4.9831,36.59309],[-4.98121,36.59702],[-4.98192,36.5987],[-4.98375,36.59821],[-4.98763,36.59963],[-4.98904,36.59956],[-4.99043,36.60046],[-4.99245,36.60201],[-4.99451,36.59917],[-4.99589,36.59911],[-4.99752,36.60063],[-4.9991,36.60121],[-5.00051,36.60152],[-4.99961,36.60395],[-4.9996,36.6058],[-4.99974,36.60669],[-4.99841,36.60732],[-4.99719,36.6076],[-4.99463,36.60955],[-4.99427,36.61131],[-4.99059,36.61313],[-4.98638,36.61501],[-4.98506,36.61542],[-4.98431,36.61599],[-4.98295,36.61747],[-4.9812,36.61818],[-4.97914,36.61917],[-4.97872,36.62006],[-4.97859,36.62149],[-4.97981,36.62297],[-4.98137,36.62329],[-4.9839,36.6243],[-4.98488,36.62432],[-4.98793,36.62552],[-4.98907,36.62527],[-4.99071,36.62503],[-4.99185,36.62355],[-4.99071,36.62461],[-4.99049,36.62498],[-4.98941,36.62497],[-4.9882,36.62507],[-4.98735,36.62497],[-4.98564,36.62418],[-4.98562,36.62411],[-4.9833,36.62343],[-4.98087,36.62293],[-4.97945,36.62204],[-4.9792,36.62039],[-4.97931,36.61946],[-4.98129,36.61847],[-4.98341,36.61763],[-4.98426,36.61655],[-4.98525,36.61599],[-4.98772,36.61543],[-4.98917,36.61572],[-4.98992,36.61504],[-4.98961,36.61483],[-4.98798,36.61497],[-4.98827,36.61476],[-4.98982,36.61452],[-4.99043,36.61374],[-4.99357,36.61241],[-4.99615,36.61274],[-4.99784,36.612],[-4.99902,36.61027],[-4.99991,36.60915],[-5.00155,36.60842],[-5.00214,36.60679],[-4.99866,36.6077],[-4.99999,36.60672],[-5.00301,36.60586],[-5.00291,36.60659],[-5.00385,36.60641],[-5.00509,36.60594],[-5.00666,36.60562],[-5.00665,36.60589],[-5.00799,36.60658],[-5.00814,36.60711],[-5.00812,36.60774],[-5.00872,36.60805],[-5.00892,36.60858],[-5.009,36.60901],[-5.00852,36.60972],[-5.00776,36.61049],[-5.00768,36.61106],[-5.0082,36.61159],[-5.00736,36.61186],[-5.00784,36.61484],[-5.008,36.61717],[-5.0084,36.61803],[-5.00879,36.61783],[-5.01059,36.62153],[-5.01069,36.62247],[-5.01045,36.62393],[-5.01116,36.62363],[-5.01203,36.62344],[-5.01224,36.62185],[-5.01316,36.6215],[-5.01362,36.62084],[-5.01412,36.62092],[-5.01463,36.62047],[-5.01477,36.62012],[-5.01511,36.61976],[-5.01555,36.61945],[-5.01641,36.61945],[-5.01627,36.61918],[-5.01595,36.61888],[-5.01599,36.6187],[-5.01672,36.61842],[-5.01775,36.61761],[-5.01825,36.6174],[-5.01931,36.61713],[-5.01838,36.61629],[-5.01836,36.61555],[-5.02027,36.61491],[-5.01949,36.61418],[-5.02155,36.61312],[-5.02138,36.61251],[-5.02167,36.61193],[-5.02276,36.6111],[-5.02376,36.61058],[-5.02503,36.61324],[-5.02563,36.6157],[-5.02398,36.61696],[-5.02203,36.61641],[-5.02061,36.61679],[-5.02243,36.61791],[-5.02228,36.61942],[-5.02364,36.62098],[-5.02389,36.62187],[-5.02339,36.62317],[-5.02395,36.62237],[-5.02417,36.62156],[-5.02521,36.61979],[-5.02474,36.61829],[-5.02514,36.61769],[-5.02597,36.6179],[-5.02764,36.61818],[-5.02935,36.61883],[-5.03037,36.61877],[-5.03246,36.61888],[-5.03373,36.61819],[-5.0349,36.61846],[-5.03446,36.61966],[-5.03522,36.62082],[-5.03526,36.62201],[-5.03828,36.62109],[-5.03983,36.62252],[-5.03947,36.62313],[-5.03725,36.62346],[-5.03645,36.6245],[-5.03534,36.62625],[-5.036,36.62609],[-5.03741,36.62638],[-5.03971,36.62579],[-5.04112,36.62525],[-5.04173,36.62569],[-5.04167,36.62412],[-5.0427,36.62377],[-5.04281,36.62447],[-5.04294,36.6247],[-5.04426,36.62497],[-5.04807,36.62472],[-5.04432,36.62304],[-5.04275,36.6229],[-5.0438,36.62211],[-5.04222,36.62225],[-5.04181,36.62075],[-5.04084,36.61973],[-5.03964,36.61939],[-5.04106,36.61894],[-5.04494,36.61997],[-5.04617,36.61868],[-5.04906,36.61906],[-5.05114,36.61758],[-5.04788,36.61789],[-5.04505,36.61651],[-5.04835,36.61549],[-5.0502,36.61579],[-5.05207,36.61549],[-5.05318,36.6136],[-5.05222,36.61239],[-5.05511,36.6117]],[[-5.02502,36.66172],[-5.02494,36.66169],[-5.02438,36.66206],[-5.02502,36.66172]],[[-5.01436,36.66312],[-5.0136,36.66068],[-5.01445,36.66352],[-5.01436,36.66312]],[[-5.00669,36.65668],[-5.00666,36.65666],[-5.00664,36.65706],[-5.00669,36.65668]],[[-4.98348,36.66613],[-4.98258,36.66592],[-4.98229,36.66565],[-4.98209,36.66561],[-4.98152,36.66501],[-4.98058,36.66476],[-4.9793,36.66426],[-4.97875,36.66503],[-4.97708,36.66644],[-4.97709,36.66759],[-4.97726,36.66785],[-4.97753,36.66795],[-4.97775,36.66759],[-4.97828,36.66755],[-4.97769,36.66697],[-4.97904,36.66654],[-4.97885,36.66694],[-4.97935,36.6667],[-4.98026,36.66654],[-4.98014,36.66587],[-4.98054,36.66572],[-4.98068,36.66592],[-4.98134,36.66615],[-4.98211,36.66578],[-4.98292,36.6663],[-4.98374,36.66633],[-4.98348,36.66613]],[[-4.94825,36.66339],[-4.94826,36.66332],[-4.94783,36.6636],[-4.94825,36.66339]],[[-4.90832,36.68002],[-4.90811,36.68008],[-4.9081,36.6801],[-4.90832,36.68002]],[[-4.88744,36.67139],[-4.88776,36.67162],[-4.88783,36.67202],[-4.88808,36.67193],[-4.88796,36.67176],[-4.88793,36.67126],[-4.88824,36.67086],[-4.88744,36.67139]],[[-4.8734,36.64895],[-4.87425,36.64871],[-4.87222,36.64926],[-4.8734,36.64895]],[[-4.8521,36.63834],[-4.85278,36.63824],[-4.85295,36.63761],[-4.85251,36.63746],[-4.85199,36.63761],[-4.8521,36.63834]],[[-5.02299,36.6212],[-5.02304,36.62173],[-5.02304,36.62126],[-5.02364,36.62098],[-5.02299,36.6212]],[[-4.84414,36.64677],[-4.8447,36.64678],[-4.84505,36.64666],[-4.84444,36.64536],[-4.84444,36.6452],[-4.84314,36.64483],[-4.84246,36.64566],[-4.84271,36.64611],[-4.84372,36.64584],[-4.84358,36.64661],[-4.84391,36.64648],[-4.84424,36.64649],[-4.84414,36.64677]],[[-4.84486,36.64991],[-4.84588,36.65021],[-4.84598,36.65021],[-4.84486,36.64991]],[[-4.84542,36.63949],[-4.84526,36.63918],[-4.84464,36.63934],[-4.84483,36.63973],[-4.84542,36.63949]],[[-4.85126,36.65801],[-4.85115,36.65763],[-4.85061,36.65734],[-4.84973,36.65748],[-4.84829,36.65806],[-4.84802,36.65839],[-4.8483,36.65809],[-4.84834,36.65834],[-4.84876,36.65853],[-4.8489,36.65843],[-4.84941,36.65855],[-4.85013,36.65886],[-4.85025,36.65947],[-4.85096,36.65978],[-4.85103,36.65961],[-4.85087,36.65902],[-4.85091,36.65846],[-4.8512,36.65844],[-4.85126,36.65801]],[[-4.84794,36.64088],[-4.84809,36.64113],[-4.84779,36.64058],[-4.84794,36.64088]],[[-4.85761,36.64811],[-4.85745,36.64753],[-4.85775,36.64809],[-4.85832,36.64836],[-4.85853,36.64883],[-4.85886,36.64872],[-4.85887,36.6494],[-4.85941,36.64938],[-4.85943,36.64849],[-4.85895,36.64771],[-4.85914,36.64743],[-4.85827,36.64734],[-4.85727,36.64711],[-4.85761,36.64811]],[[-4.86145,36.6409],[-4.86218,36.64057],[-4.8614,36.64051],[-4.86214,36.64057],[-4.86145,36.6409]],[[-4.861,36.64003],[-4.85806,36.63969],[-4.85721,36.64037],[-4.85719,36.64065],[-4.85752,36.64145],[-4.8583,36.64252],[-4.85813,36.64262],[-4.85813,36.64307],[-4.85847,36.64311],[-4.85861,36.64348],[-4.85929,36.64336],[-4.85933,36.64327],[-4.85839,36.64278],[-4.85849,36.64263],[-4.85924,36.64306],[-4.85967,36.64342],[-4.86097,36.64368],[-4.86126,36.64348],[-4.86084,36.64294],[-4.8614,36.64251],[-4.86061,36.64216],[-4.86051,36.64174],[-4.86002,36.64163],[-4.86095,36.6407],[-4.8614,36.64051],[-4.861,36.64003]],[[-4.86079,36.65062],[-4.86113,36.65042],[-4.86117,36.64981],[-4.8599,36.64955],[-4.85949,36.64983],[-4.85848,36.6501],[-4.85906,36.65075],[-4.85872,36.65084],[-4.85899,36.65096],[-4.85997,36.65071],[-4.86079,36.65062]],[[-4.8635,36.6366],[-4.863,36.63639],[-4.86285,36.63606],[-4.86319,36.63555],[-4.86191,36.63585],[-4.86163,36.6357],[-4.86187,36.63587],[-4.86146,36.6361],[-4.86126,36.6365],[-4.86247,36.63654],[-4.86269,36.63686],[-4.86164,36.63725],[-4.8618,36.63789],[-4.86099,36.63809],[-4.86073,36.63841],[-4.86185,36.63814],[-4.86286,36.63824],[-4.86322,36.63817],[-4.86327,36.63765],[-4.86352,36.6373],[-4.8635,36.6366]],[[-4.86379,36.62751],[-4.86422,36.62676],[-4.86668,36.62495],[-4.86711,36.62524],[-4.86746,36.62598],[-4.86944,36.62523],[-4.86764,36.62342],[-4.86726,36.62192],[-4.86802,36.62002],[-4.86551,36.62028],[-4.86376,36.62094],[-4.86124,36.62163],[-4.86067,36.62235],[-4.86162,36.62506],[-4.86195,36.62744],[-4.86292,36.62777],[-4.86379,36.62751]],[[-4.8623,36.64139],[-4.86302,36.64154],[-4.86304,36.64151],[-4.8623,36.64139]],[[-4.86361,36.56419],[-4.86313,36.56438],[-4.86389,36.56408],[-4.86361,36.56419]],[[-4.86809,36.64143],[-4.86924,36.6414],[-4.86877,36.64107],[-4.86911,36.64066],[-4.86865,36.64092],[-4.86848,36.64117],[-4.86809,36.64143]],[[-4.86982,36.61955],[-4.86913,36.62012],[-4.86852,36.62057],[-4.86904,36.62041],[-4.86938,36.62039],[-4.86965,36.61993],[-4.8701,36.61973],[-4.87016,36.61932],[-4.86989,36.61939],[-4.86982,36.61955]],[[-4.86953,36.54283],[-4.86974,36.5416],[-4.86995,36.54123],[-4.86804,36.54102],[-4.86794,36.54191],[-4.86874,36.54274],[-4.86953,36.54283]],[[-4.87154,36.6463],[-4.87165,36.64682],[-4.87215,36.64725],[-4.87169,36.64683],[-4.87154,36.6463]],[[-4.8749,36.6195],[-4.87561,36.61817],[-4.87511,36.61756],[-4.8731,36.61867],[-4.87256,36.61863],[-4.87198,36.61893],[-4.87165,36.61896],[-4.87166,36.61908],[-4.871,36.61985],[-4.8719,36.62073],[-4.87205,36.62033],[-4.87198,36.61972],[-4.8727,36.61919],[-4.87307,36.61932],[-4.87342,36.6211],[-4.87363,36.6207],[-4.87387,36.61879],[-4.8749,36.6195]],[[-4.87807,36.62009],[-4.87918,36.61956],[-4.87781,36.61786],[-4.87804,36.61753],[-4.87957,36.61833],[-4.88001,36.61807],[-4.87964,36.61639],[-4.88038,36.61646],[-4.881,36.61776],[-4.8814,36.61642],[-4.88261,36.61631],[-4.88258,36.61763],[-4.88308,36.61636],[-4.88229,36.61504],[-4.87915,36.61616],[-4.87852,36.61679],[-4.87752,36.61712],[-4.87764,36.61741],[-4.87677,36.61911],[-4.87557,36.61965],[-4.87591,36.62063],[-4.87793,36.62184],[-4.87817,36.62103],[-4.8789,36.62038],[-4.87807,36.62009]],[[-4.87779,36.64781],[-4.87743,36.64856],[-4.87805,36.64737],[-4.87779,36.64781]],[[-4.87908,36.66888],[-4.87894,36.66844],[-4.87884,36.66848],[-4.87908,36.66888]],[[-4.87943,36.64404],[-4.88001,36.64412],[-4.87896,36.64396],[-4.87943,36.64404]],[[-4.87834,36.64423],[-4.87843,36.64426],[-4.87896,36.64396],[-4.87834,36.64423]],[[-4.88405,36.65175],[-4.88531,36.65181],[-4.88531,36.65119],[-4.88397,36.65094],[-4.88316,36.65044],[-4.88373,36.6502],[-4.88276,36.6498],[-4.88169,36.64954],[-4.88154,36.64978],[-4.88231,36.65108],[-4.88201,36.65119],[-4.88119,36.65105],[-4.88036,36.65113],[-4.87975,36.65218],[-4.87997,36.65249],[-4.88041,36.65267],[-4.87921,36.65295],[-4.87901,36.65367],[-4.88029,36.65387],[-4.88114,36.65377],[-4.88138,36.65355],[-4.88096,36.65314],[-4.88112,36.65283],[-4.88189,36.65271],[-4.88179,36.65205],[-4.8819,36.65135],[-4.88255,36.6511],[-4.8834,36.65119],[-4.88405,36.65175]],[[-4.87884,36.57752],[-4.87818,36.57709],[-4.87804,36.57735],[-4.878,36.57771],[-4.8781,36.57821],[-4.87901,36.57931],[-4.8795,36.57974],[-4.88002,36.57992],[-4.88059,36.5799],[-4.88086,36.58008],[-4.88262,36.57956],[-4.8831,36.57922],[-4.8831,36.57867],[-4.88294,36.57806],[-4.88241,36.57784],[-4.88192,36.5779],[-4.8816,36.57823],[-4.88081,36.57818],[-4.88058,36.57795],[-4.87994,36.57768],[-4.87884,36.57752]],[[-4.88017,36.64603],[-4.88028,36.64617],[-4.88036,36.64567],[-4.88018,36.64584],[-4.88017,36.64603]],[[-4.87778,36.53729],[-4.878,36.53771],[-4.87799,36.53767],[-4.87778,36.53729]],[[-4.88185,36.6468],[-4.88056,36.64684],[-4.88176,36.64681],[-4.88185,36.6468]],[[-4.88277,36.65159],[-4.88261,36.65228],[-4.88266,36.65265],[-4.88408,36.65219],[-4.88379,36.65207],[-4.88299,36.6515],[-4.88277,36.65159]],[[-4.88315,36.66047],[-4.88309,36.65999],[-4.88308,36.6604],[-4.88315,36.66047]],[[-4.88945,36.56893],[-4.88927,36.56939],[-4.88919,36.56938],[-4.88881,36.56966],[-4.88817,36.56953],[-4.88767,36.56904],[-4.88659,36.56932],[-4.88636,36.56927],[-4.88569,36.57038],[-4.88477,36.57102],[-4.88476,36.57138],[-4.88535,36.57185],[-4.88585,36.57212],[-4.88569,36.57268],[-4.88541,36.57286],[-4.88463,36.57294],[-4.8839,36.57273],[-4.88339,36.57287],[-4.88259,36.57292],[-4.88196,36.57288],[-4.88166,36.57308],[-4.88187,36.57327],[-4.88229,36.57328],[-4.88235,36.57348],[-4.88208,36.57368],[-4.88238,36.57394],[-4.88292,36.57464],[-4.88305,36.57526],[-4.88341,36.57567],[-4.88368,36.57546],[-4.88418,36.57524],[-4.88569,36.57521],[-4.88611,36.57495],[-4.8868,36.57494],[-4.88762,36.5746],[-4.8884,36.57453],[-4.88896,36.57432],[-4.88914,36.57409],[-4.88924,36.57335],[-4.88904,36.57326],[-4.88815,36.57362],[-4.88799,36.57336],[-4.88807,36.57316],[-4.88836,36.573],[-4.88845,36.57265],[-4.88883,36.57223],[-4.88912,36.57237],[-4.88908,36.57173],[-4.88923,36.57159],[-4.88948,36.57154],[-4.88966,36.57237],[-4.89019,36.5724],[-4.89077,36.57262],[-4.89144,36.57238],[-4.89157,36.57202],[-4.8913,36.57163],[-4.89046,36.5713],[-4.89015,36.57109],[-4.89019,36.57075],[-4.8914,36.5714],[-4.89157,36.57105],[-4.8911,36.57016],[-4.89083,36.57022],[-4.89027,36.56999],[-4.89008,36.56981],[-4.88994,36.56951],[-4.8896,36.56969],[-4.88966,36.56999],[-4.88958,36.57002],[-4.8894,36.56965],[-4.88996,36.5687],[-4.89064,36.56827],[-4.89121,36.56777],[-4.89113,36.56759],[-4.89054,36.56816],[-4.89047,36.56811],[-4.89034,36.56818],[-4.89033,36.5683],[-4.88983,36.56858],[-4.88945,36.56893]],[[-4.88421,36.66796],[-4.88416,36.66797],[-4.88531,36.66903],[-4.88421,36.66796]],[[-4.88486,36.65664],[-4.88688,36.65646],[-4.88574,36.65655],[-4.88486,36.65664]],[[-4.88185,36.53253],[-4.88218,36.53288],[-4.88206,36.53275],[-4.88185,36.53253]],[[-4.88509,36.65941],[-4.88708,36.65991],[-4.88736,36.65968],[-4.88698,36.65921],[-4.88728,36.65873],[-4.88772,36.6585],[-4.88769,36.65758],[-4.88581,36.65756],[-4.88592,36.65802],[-4.88529,36.65838],[-4.88498,36.6593],[-4.88509,36.65941]],[[-4.8858,36.66045],[-4.88567,36.6606],[-4.88635,36.66057],[-4.8858,36.66045]],[[-4.88685,36.64367],[-4.88622,36.64348],[-4.88574,36.64345],[-4.88685,36.64367]],[[-4.88925,36.64422],[-4.88876,36.64431],[-4.88853,36.64439],[-4.88925,36.64422]],[[-4.88825,36.64404],[-4.88805,36.6441],[-4.88742,36.64395],[-4.88646,36.64429],[-4.88799,36.64425],[-4.88843,36.64464],[-4.88853,36.64439],[-4.88825,36.64404]],[[-4.88444,36.53559],[-4.88438,36.5365],[-4.88445,36.53559],[-4.88444,36.53559]],[[-4.88884,36.64247],[-4.88879,36.64242],[-4.88828,36.64216],[-4.88884,36.64247]],[[-4.89234,36.64045],[-4.89172,36.64103],[-4.89045,36.64122],[-4.89024,36.64156],[-4.89038,36.64196],[-4.89026,36.64228],[-4.8897,36.64237],[-4.8897,36.64274],[-4.89028,36.64294],[-4.89044,36.64358],[-4.89028,36.64387],[-4.89103,36.64397],[-4.89123,36.64421],[-4.89024,36.64414],[-4.8895,36.64464],[-4.89063,36.64454],[-4.89234,36.64481],[-4.89317,36.64504],[-4.89403,36.64501],[-4.8941,36.64472],[-4.89369,36.64428],[-4.89301,36.64433],[-4.8935,36.64414],[-4.89413,36.64424],[-4.89468,36.64475],[-4.8955,36.64487],[-4.89552,36.64466],[-4.89484,36.64446],[-4.89557,36.64445],[-4.89562,36.64422],[-4.8962,36.64408],[-4.89547,36.64329],[-4.89423,36.64323],[-4.89372,36.64314],[-4.89357,36.64325],[-4.89297,36.64299],[-4.89332,36.64286],[-4.89415,36.64235],[-4.89452,36.64249],[-4.89497,36.64236],[-4.89516,36.64206],[-4.89554,36.64198],[-4.89561,36.64207],[-4.89597,36.64215],[-4.89623,36.6419],[-4.89616,36.64153],[-4.89666,36.64138],[-4.89693,36.64119],[-4.89677,36.64114],[-4.89643,36.64085],[-4.89618,36.64091],[-4.89633,36.64111],[-4.89599,36.64112],[-4.89563,36.64079],[-4.89558,36.64063],[-4.89615,36.64049],[-4.89674,36.64015],[-4.8966,36.63986],[-4.89581,36.63968],[-4.89543,36.6395],[-4.89504,36.63997],[-4.89442,36.63982],[-4.89397,36.64038],[-4.89495,36.64025],[-4.89447,36.64053],[-4.89426,36.64089],[-4.89426,36.64136],[-4.89382,36.6416],[-4.89317,36.64135],[-4.89282,36.64108],[-4.89301,36.64094],[-4.89342,36.64127],[-4.89373,36.64133],[-4.89376,36.64099],[-4.89234,36.64045]],[[-4.8881,36.53177],[-4.88814,36.53119],[-4.88754,36.53116],[-4.88735,36.53188],[-4.88747,36.53207],[-4.8881,36.53177]],[[-4.89016,36.53279],[-4.89013,36.5324],[-4.89015,36.53276],[-4.89016,36.53279]],[[-4.89575,36.65313],[-4.8935,36.65371],[-4.89556,36.65356],[-4.89669,36.65395],[-4.89641,36.6533],[-4.89575,36.65313]],[[-4.89391,36.65067],[-4.89434,36.65135],[-4.89434,36.65135],[-4.89391,36.65067]],[[-4.89463,36.66791],[-4.8945,36.66848],[-4.89464,36.66789],[-4.89463,36.66791]],[[-4.89267,36.568],[-4.8927,36.56816],[-4.89263,36.56767],[-4.89267,36.568]],[[-4.89709,36.63964],[-4.89756,36.63965],[-4.89712,36.63963],[-4.89693,36.63871],[-4.89709,36.63964]],[[-4.89809,36.62764],[-4.89876,36.62803],[-4.89898,36.62764],[-4.89809,36.62764]],[[-4.89968,36.67782],[-4.90151,36.67754],[-4.90055,36.67769],[-4.89968,36.67782]],[[-4.89755,36.56567],[-4.8976,36.56583],[-4.89783,36.56583],[-4.89796,36.56575],[-4.89815,36.56521],[-4.8984,36.56487],[-4.89817,36.56444],[-4.89798,36.56417],[-4.89751,36.56397],[-4.89735,36.56397],[-4.89724,36.5641],[-4.89729,36.56458],[-4.89765,36.56507],[-4.89755,36.56567]],[[-4.90066,36.67177],[-4.90126,36.67327],[-4.90036,36.67086],[-4.90066,36.67177]],[[-4.90164,36.63747],[-4.90047,36.63738],[-4.9,36.63746],[-4.90051,36.63779],[-4.90121,36.63765],[-4.9008,36.63753],[-4.90164,36.63747]],[[-4.90318,36.66349],[-4.90306,36.66382],[-4.90276,36.66401],[-4.9031,36.6645],[-4.90292,36.66423],[-4.90319,36.66371],[-4.90341,36.66341],[-4.90385,36.66314],[-4.90378,36.6629],[-4.90349,36.66279],[-4.90376,36.66271],[-4.90379,36.66236],[-4.90491,36.66343],[-4.90508,36.66439],[-4.90488,36.6651],[-4.90462,36.66528],[-4.90433,36.66591],[-4.90518,36.66499],[-4.90527,36.66432],[-4.90503,36.6632],[-4.90432,36.66204],[-4.90337,36.66135],[-4.90211,36.66221],[-4.90284,36.66199],[-4.90297,36.66223],[-4.90282,36.66254],[-4.90331,36.6625],[-4.90343,36.66259],[-4.90315,36.66328],[-4.90318,36.66349]],[[-4.90205,36.63917],[-4.90403,36.63996],[-4.90224,36.63923],[-4.90205,36.63917]],[[-4.90393,36.67076],[-4.90291,36.67157],[-4.90384,36.67101],[-4.90439,36.67224],[-4.90473,36.67277],[-4.90474,36.67312],[-4.90527,36.67416],[-4.90519,36.67497],[-4.90528,36.67548],[-4.90511,36.67585],[-4.90545,36.67592],[-4.90554,36.67586],[-4.90546,36.67576],[-4.90553,36.67519],[-4.90537,36.67493],[-4.90546,36.67406],[-4.90399,36.67092],[-4.90414,36.67048],[-4.9037,36.66934],[-4.90366,36.66857],[-4.90388,36.66782],[-4.90376,36.66725],[-4.90339,36.66873],[-4.90379,36.66984],[-4.90393,36.67076]],[[-4.90383,36.64349],[-4.90396,36.64324],[-4.90353,36.64315],[-4.90317,36.64223],[-4.90253,36.64159],[-4.90265,36.64205],[-4.90316,36.64283],[-4.90383,36.64349]],[[-4.90159,36.56531],[-4.90152,36.56548],[-4.90161,36.56532],[-4.90159,36.56531]],[[-4.90615,36.64092],[-4.90483,36.6405],[-4.90452,36.6404],[-4.90615,36.64092]],[[-4.90356,36.64009],[-4.90451,36.64041],[-4.90452,36.6404],[-4.90356,36.64009]],[[-4.90418,36.62735],[-4.90327,36.62779],[-4.90415,36.62739],[-4.90636,36.6288],[-4.90418,36.62735]],[[-4.90579,36.65361],[-4.90567,36.65454],[-4.90446,36.65663],[-4.90615,36.6547],[-4.90579,36.65361]],[[-4.90486,36.66956],[-4.90598,36.67056],[-4.90491,36.6696],[-4.90581,36.66855],[-4.90486,36.66956]],[[-4.90586,36.67933],[-4.90577,36.68004],[-4.90652,36.67912],[-4.90586,36.67933]],[[-4.90639,36.65157],[-4.90519,36.6518],[-4.90532,36.65204],[-4.90745,36.65155],[-4.90639,36.65157]],[[-4.90263,36.52065],[-4.90197,36.52087],[-4.90265,36.52064],[-4.90263,36.52065]],[[-4.90533,36.646],[-4.90514,36.6462],[-4.90552,36.64635],[-4.90533,36.646]],[[-4.90531,36.64569],[-4.90696,36.64621],[-4.90571,36.64573],[-4.90524,36.64563],[-4.90533,36.646],[-4.90531,36.64569]],[[-4.90536,36.64687],[-4.90586,36.6477],[-4.90586,36.64768],[-4.90536,36.64687]],[[-4.9068,36.66514],[-4.90586,36.66516],[-4.90659,36.66519],[-4.90599,36.66537],[-4.9068,36.66514]],[[-4.90633,36.67639],[-4.90666,36.67613],[-4.90628,36.6763],[-4.90633,36.67639]],[[-4.90613,36.66793],[-4.90689,36.66785],[-4.90775,36.66767],[-4.90613,36.66793]],[[-4.90391,36.54568],[-4.90374,36.54546],[-4.90374,36.54547],[-4.90391,36.54568]],[[-4.90959,36.67853],[-4.90942,36.67819],[-4.90927,36.67792],[-4.90959,36.67853]],[[-4.90921,36.67829],[-4.90867,36.67837],[-4.90875,36.67829],[-4.90838,36.67824],[-4.90834,36.67817],[-4.90822,36.67841],[-4.9079,36.6784],[-4.90781,36.67849],[-4.90807,36.6785],[-4.90837,36.6788],[-4.90849,36.67931],[-4.90886,36.67969],[-4.90892,36.6794],[-4.90995,36.67917],[-4.91026,36.67879],[-4.90967,36.67895],[-4.90979,36.67872],[-4.90959,36.67853],[-4.90921,36.67829]],[[-4.90745,36.64177],[-4.90705,36.64173],[-4.90748,36.64177],[-4.90752,36.64102],[-4.90745,36.64177]],[[-4.91139,36.66911],[-4.91134,36.66963],[-4.91119,36.66973],[-4.91085,36.66925],[-4.9107,36.66942],[-4.91053,36.6702],[-4.91089,36.67006],[-4.91103,36.67053],[-4.91198,36.67009],[-4.91192,36.66988],[-4.91222,36.66949],[-4.91206,36.66893],[-4.91139,36.66911]],[[-4.91005,36.66994],[-4.90932,36.67059],[-4.9107,36.66942],[-4.91005,36.66994]],[[-4.91132,36.66778],[-4.91048,36.66738],[-4.91048,36.66739],[-4.91132,36.66778]],[[-4.91305,36.64994],[-4.91308,36.64992],[-4.91049,36.65086],[-4.91305,36.64994]],[[-4.91421,36.6781],[-4.9137,36.67798],[-4.91345,36.67728],[-4.9128,36.67737],[-4.91226,36.67796],[-4.91232,36.6782],[-4.91288,36.67844],[-4.91417,36.67849],[-4.91421,36.6781]],[[-4.91189,36.64156],[-4.91214,36.64119],[-4.91157,36.64184],[-4.91189,36.64156]],[[-4.91303,36.64046],[-4.91241,36.63953],[-4.91241,36.63954],[-4.91303,36.64046]],[[-4.91533,36.6679],[-4.91491,36.66799],[-4.9155,36.66791],[-4.91533,36.6679]],[[-4.91455,36.63879],[-4.91483,36.63856],[-4.91527,36.63819],[-4.91455,36.63879]],[[-4.91596,36.63943],[-4.91533,36.63951],[-4.916,36.63943],[-4.91593,36.63872],[-4.91596,36.63943]],[[-4.91624,36.65151],[-4.91607,36.6516],[-4.91656,36.65223],[-4.91682,36.65255],[-4.91644,36.65173],[-4.91624,36.65151]],[[-4.91705,36.64924],[-4.91658,36.64947],[-4.91702,36.6493],[-4.91705,36.64924]],[[-4.9172,36.65277],[-4.91875,36.65302],[-4.9178,36.65286],[-4.9172,36.65277]],[[-4.92048,36.67015],[-4.92059,36.67004],[-4.92048,36.66988],[-4.91985,36.66951],[-4.91943,36.66904],[-4.91874,36.66937],[-4.91917,36.66994],[-4.91978,36.66972],[-4.92048,36.67015]],[[-4.91987,36.67458],[-4.91937,36.6746],[-4.91918,36.67388],[-4.91907,36.67524],[-4.91924,36.67517],[-4.91987,36.67458]],[[-4.9198,36.65962],[-4.9191,36.65941],[-4.91987,36.65966],[-4.91986,36.65946],[-4.9198,36.65962]],[[-4.91903,36.65174],[-4.91927,36.65177],[-4.91926,36.65176],[-4.91903,36.65174]],[[-4.92112,36.67222],[-4.92169,36.67133],[-4.92216,36.67084],[-4.92074,36.67135],[-4.92052,36.6717],[-4.91961,36.67236],[-4.91962,36.67258],[-4.92031,36.67246],[-4.92105,36.67254],[-4.92112,36.67222]],[[-4.921,36.67276],[-4.9204,36.67268],[-4.92101,36.67279],[-4.92105,36.67254],[-4.921,36.67276]],[[-4.92048,36.64522],[-4.9192,36.64602],[-4.91905,36.64621],[-4.92048,36.64522]],[[-4.92306,36.66524],[-4.92281,36.66474],[-4.92045,36.66379],[-4.92044,36.66392],[-4.91986,36.66402],[-4.92067,36.66501],[-4.92053,36.66529],[-4.92096,36.66554],[-4.9212,36.66588],[-4.92135,36.66636],[-4.92183,36.66672],[-4.92307,36.66647],[-4.92377,36.66647],[-4.92361,36.66611],[-4.92336,36.66583],[-4.92271,36.66541],[-4.92306,36.66524]],[[-4.92037,36.66561],[-4.92037,36.66561],[-4.92046,36.66699],[-4.92037,36.66561]],[[-4.92083,36.64962],[-4.92049,36.64919],[-4.92083,36.64966],[-4.92083,36.64962]],[[-4.92144,36.64944],[-4.9211,36.64991],[-4.92212,36.64895],[-4.92144,36.64944]],[[-4.92191,36.65208],[-4.92187,36.65285],[-4.92191,36.65209],[-4.92191,36.65172],[-4.92191,36.65208]],[[-4.92252,36.64938],[-4.92242,36.64906],[-4.9227,36.65012],[-4.92252,36.64938]],[[-4.92567,36.66931],[-4.92567,36.66927],[-4.92462,36.67013],[-4.92567,36.66931]],[[-4.92339,36.67048],[-4.92359,36.67048],[-4.92462,36.67013],[-4.92339,36.67048]],[[-4.92509,36.65092],[-4.9244,36.65131],[-4.92447,36.65132],[-4.92509,36.65092]],[[-4.92801,36.66526],[-4.92767,36.66508],[-4.92746,36.66498],[-4.92801,36.66526]],[[-4.92752,36.65251],[-4.92775,36.65274],[-4.92752,36.65251],[-4.92752,36.65251]],[[-4.93297,36.64177],[-4.93279,36.64127],[-4.93223,36.64087],[-4.93201,36.64119],[-4.93191,36.64185],[-4.93141,36.64269],[-4.93139,36.64358],[-4.931,36.64406],[-4.93066,36.64554],[-4.93033,36.64601],[-4.92948,36.64788],[-4.92887,36.64874],[-4.92861,36.64947],[-4.92904,36.64935],[-4.92918,36.64875],[-4.92953,36.64823],[-4.93103,36.64521],[-4.93122,36.64424],[-4.93151,36.64377],[-4.93164,36.64284],[-4.93174,36.64251],[-4.9321,36.64207],[-4.93228,36.64126],[-4.93245,36.64159],[-4.93297,36.64177]],[[-4.93078,36.65172],[-4.93168,36.65217],[-4.93077,36.65171],[-4.93078,36.65172]],[[-4.93094,36.65353],[-4.93126,36.65363],[-4.93244,36.65232],[-4.93161,36.65229],[-4.93094,36.65353]],[[-4.93639,36.64572],[-4.9373,36.64504],[-4.9375,36.64462],[-4.9367,36.64192],[-4.93643,36.64188],[-4.93478,36.64372],[-4.93403,36.64493],[-4.93447,36.64463],[-4.93473,36.64418],[-4.93604,36.64288],[-4.93647,36.64222],[-4.93656,36.64248],[-4.93656,36.64347],[-4.93678,36.64461],[-4.93663,36.64554],[-4.93639,36.64572]],[[-4.9518,36.64167],[-4.95181,36.64139],[-4.95193,36.64118],[-4.95194,36.64088],[-4.95222,36.64034],[-4.95221,36.63999],[-4.9526,36.63954],[-4.95248,36.6394],[-4.95235,36.63948],[-4.95209,36.63997],[-4.95205,36.64043],[-4.95166,36.64146],[-4.95164,36.64172],[-4.95187,36.64215],[-4.95118,36.6431],[-4.94999,36.64378],[-4.94864,36.64387],[-4.94828,36.64408],[-4.94748,36.64427],[-4.94638,36.64473],[-4.94573,36.64467],[-4.9447,36.64434],[-4.94276,36.64423],[-4.94251,36.64337],[-4.94185,36.64224],[-4.94135,36.64284],[-4.94093,36.64287],[-4.94066,36.64243],[-4.9402,36.64201],[-4.9394,36.64095],[-4.93909,36.64076],[-4.93906,36.64089],[-4.93989,36.64197],[-4.94042,36.64251],[-4.94087,36.64333],[-4.94137,36.64368],[-4.94143,36.64387],[-4.9414,36.6456],[-4.94105,36.64612],[-4.94024,36.64671],[-4.93964,36.64737],[-4.93883,36.64863],[-4.93874,36.64907],[-4.93834,36.64919],[-4.93819,36.64914],[-4.93782,36.64919],[-4.9361,36.65019],[-4.93593,36.65018],[-4.93577,36.65041],[-4.93671,36.65016],[-4.93784,36.64942],[-4.93829,36.64938],[-4.93896,36.6491],[-4.93898,36.64882],[-4.94016,36.64711],[-4.9415,36.64586],[-4.94187,36.6457],[-4.94604,36.64511],[-4.94682,36.64469],[-4.9487,36.64399],[-4.94997,36.64391],[-4.95069,36.64486],[-4.95061,36.64501],[-4.9513,36.64525],[-4.95132,36.64544],[-4.95164,36.64534],[-4.95168,36.64569],[-4.95266,36.64613],[-4.9532,36.64618],[-4.9531,36.64599],[-4.95271,36.64594],[-4.95191,36.64553],[-4.95177,36.64521],[-4.95167,36.64518],[-4.95148,36.64529],[-4.95145,36.64512],[-4.9509,36.64495],[-4.95014,36.64382],[-4.95129,36.64318],[-4.95167,36.64256],[-4.95204,36.64219],[-4.9518,36.64167]],[[-4.94543,36.64568],[-4.94508,36.64608],[-4.94604,36.64511],[-4.94543,36.64568]],[[-4.93696,36.54195],[-4.93704,36.54181],[-4.93742,36.54162],[-4.93676,36.54175],[-4.93669,36.54205],[-4.93674,36.54227],[-4.93701,36.54251],[-4.93788,36.54297],[-4.93848,36.54274],[-4.93896,36.54274],[-4.93914,36.54287],[-4.93926,36.54309],[-4.93915,36.54358],[-4.93931,36.54373],[-4.93955,36.54366],[-4.9394,36.54349],[-4.93939,36.54312],[-4.93913,36.5427],[-4.93873,36.54257],[-4.93801,36.54282],[-4.93778,36.5428],[-4.93732,36.54244],[-4.9371,36.54238],[-4.93699,36.54216],[-4.93696,36.54195]],[[-4.95593,36.64753],[-4.95591,36.64847],[-4.95484,36.64885],[-4.95435,36.64957],[-4.95344,36.65004],[-4.95283,36.64983],[-4.95268,36.64991],[-4.95135,36.64997],[-4.95202,36.65018],[-4.95256,36.65059],[-4.95219,36.65118],[-4.95187,36.65151],[-4.95159,36.65164],[-4.95167,36.65162],[-4.95048,36.65261],[-4.95012,36.65383],[-4.94885,36.65469],[-4.948,36.65505],[-4.94714,36.65615],[-4.94608,36.65634],[-4.94393,36.65804],[-4.94272,36.65829],[-4.94224,36.65854],[-4.94074,36.65888],[-4.9399,36.65947],[-4.93994,36.65965],[-4.94103,36.65892],[-4.94193,36.65877],[-4.9431,36.65833],[-4.94405,36.65814],[-4.94525,36.65736],[-4.94606,36.65654],[-4.94715,36.65636],[-4.94745,36.65614],[-4.94767,36.65564],[-4.94803,36.65529],[-4.94846,36.65497],[-4.94906,36.6548],[-4.95021,36.65397],[-4.95042,36.65364],[-4.95053,36.65308],[-4.95065,36.65285],[-4.95248,36.65095],[-4.95353,36.65009],[-4.95425,36.64983],[-4.95464,36.65022],[-4.95534,36.65061],[-4.95538,36.6505],[-4.95443,36.6498],[-4.95481,36.64916],[-4.95537,36.64878],[-4.95613,36.64854],[-4.95612,36.64812],[-4.95626,36.64736],[-4.956,36.64692],[-4.95564,36.64581],[-4.9561,36.64476],[-4.95607,36.64465],[-4.95683,36.64353],[-4.95691,36.64316],[-4.95663,36.64338],[-4.9564,36.6439],[-4.95583,36.64471],[-4.95545,36.64586],[-4.95447,36.64562],[-4.9534,36.64585],[-4.95347,36.64603],[-4.95413,36.64585],[-4.95468,36.64583],[-4.95546,36.64602],[-4.95593,36.64753]],[[-4.93799,36.5416],[-4.93766,36.54168],[-4.93779,36.54184],[-4.93807,36.54184],[-4.93898,36.54243],[-4.93911,36.54242],[-4.93901,36.54226],[-4.93896,36.54172],[-4.93842,36.54145],[-4.93841,36.54135],[-4.93814,36.54109],[-4.93793,36.54125],[-4.93799,36.5416]],[[-4.9424,36.60813],[-4.94215,36.60802],[-4.94182,36.60825],[-4.94136,36.60878],[-4.94142,36.60937],[-4.94183,36.60935],[-4.9424,36.60813]],[[-4.94006,36.60826],[-4.9409,36.6086],[-4.94136,36.60878],[-4.94006,36.60826]],[[-4.9427,36.6049],[-4.94198,36.60443],[-4.94244,36.60402],[-4.94175,36.60333],[-4.94165,36.60298],[-4.94115,36.60332],[-4.94084,36.60366],[-4.9409,36.60428],[-4.94107,36.6049],[-4.94104,36.60514],[-4.94234,36.60503],[-4.9427,36.6049]],[[-4.94319,36.63821],[-4.94314,36.63816],[-4.94334,36.63834],[-4.94319,36.63821]],[[-4.94344,36.63939],[-4.94343,36.63941],[-4.94402,36.6397],[-4.94344,36.63939]],[[-4.94703,36.64927],[-4.94747,36.649],[-4.94631,36.64958],[-4.94703,36.64927]],[[-4.94571,36.64956],[-4.94385,36.64983],[-4.94403,36.65006],[-4.94509,36.64981],[-4.94596,36.64974],[-4.94631,36.64958],[-4.94571,36.64956]],[[-4.94387,36.60607],[-4.94385,36.60658],[-4.94335,36.60741],[-4.94422,36.60772],[-4.94492,36.60725],[-4.94451,36.60731],[-4.94458,36.6067],[-4.94435,36.60613],[-4.94387,36.60607]],[[-4.94542,36.65331],[-4.94618,36.65323],[-4.94492,36.65328],[-4.94542,36.65331]],[[-4.94479,36.6391],[-4.94475,36.63913],[-4.9451,36.63906],[-4.94479,36.6391]],[[-4.94594,36.64102],[-4.94616,36.64086],[-4.94593,36.64051],[-4.94553,36.64047],[-4.94541,36.64036],[-4.94522,36.64055],[-4.94532,36.64072],[-4.94564,36.64084],[-4.94578,36.64081],[-4.94594,36.64102]],[[-4.94522,36.60368],[-4.94458,36.60204],[-4.94477,36.60266],[-4.94522,36.60368]],[[-4.94482,36.60187],[-4.9454,36.60166],[-4.9449,36.60181],[-4.94482,36.60187]],[[-4.94678,36.64713],[-4.94761,36.64665],[-4.94679,36.64712],[-4.94678,36.64713]],[[-4.94725,36.64628],[-4.94694,36.64635],[-4.94722,36.64631],[-4.947,36.64676],[-4.94725,36.64628]],[[-4.94639,36.60482],[-4.94786,36.60545],[-4.94778,36.60541],[-4.94639,36.60482]],[[-4.94806,36.60512],[-4.9466,36.60438],[-4.94766,36.60494],[-4.94806,36.60512]],[[-4.94797,36.64906],[-4.94783,36.64922],[-4.94808,36.64911],[-4.94797,36.64906]],[[-4.94885,36.64691],[-4.94834,36.64682],[-4.94848,36.64685],[-4.94885,36.64691]],[[-4.949,36.66046],[-4.949,36.6601],[-4.949,36.66048],[-4.94908,36.6605],[-4.949,36.66046]],[[-4.94926,36.66561],[-4.94919,36.66563],[-4.94922,36.66566],[-4.94926,36.66561]],[[-4.94966,36.67537],[-4.95012,36.67598],[-4.95014,36.67611],[-4.95056,36.67577],[-4.95063,36.6754],[-4.94966,36.67537]],[[-4.9508,36.66168],[-4.95081,36.66158],[-4.94987,36.66184],[-4.9508,36.66168]],[[-4.94982,36.66135],[-4.9498,36.66146],[-4.94987,36.66184],[-4.94982,36.66135]],[[-4.94961,36.63641],[-4.94938,36.63652],[-4.94918,36.63667],[-4.94961,36.63641]],[[-4.95061,36.67791],[-4.95023,36.67696],[-4.95023,36.67699],[-4.95061,36.67791]],[[-4.95051,36.65043],[-4.95031,36.64962],[-4.94993,36.64857],[-4.95051,36.65043]],[[-4.9527,36.66497],[-4.9527,36.66497],[-4.95159,36.66477],[-4.9527,36.66497]],[[-4.95182,36.63804],[-4.95165,36.63825],[-4.95358,36.63847],[-4.95407,36.6384],[-4.95465,36.63857],[-4.95525,36.6386],[-4.95493,36.63801],[-4.95437,36.63783],[-4.95407,36.63793],[-4.95388,36.63768],[-4.95362,36.63763],[-4.95341,36.6377],[-4.95299,36.63802],[-4.95307,36.63832],[-4.9527,36.63826],[-4.9526,36.63806],[-4.9524,36.63817],[-4.95212,36.638],[-4.95182,36.63804]],[[-4.95477,36.677],[-4.95605,36.67731],[-4.95684,36.67797],[-4.95824,36.67879],[-4.95922,36.67925],[-4.95948,36.67909],[-4.95794,36.67847],[-4.95679,36.67773],[-4.9563,36.6772],[-4.95406,36.67675],[-4.95303,36.67618],[-4.9535,36.67665],[-4.95459,36.67706],[-4.95396,36.67745],[-4.95477,36.677]],[[-4.95391,36.63877],[-4.95276,36.63855],[-4.95307,36.63881],[-4.95354,36.63889],[-4.95391,36.63877]],[[-4.95345,36.66168],[-4.95378,36.66148],[-4.9551,36.66148],[-4.95376,36.66144],[-4.95345,36.66168]],[[-4.95389,36.65416],[-4.95449,36.65462],[-4.95449,36.65462],[-4.95389,36.65416]],[[-4.95412,36.65946],[-4.95434,36.66063],[-4.95427,36.66018],[-4.95412,36.65946]],[[-4.95441,36.66504],[-4.95476,36.66531],[-4.95483,36.66533],[-4.95441,36.66504]],[[-4.95477,36.63987],[-4.9549,36.63985],[-4.95545,36.64022],[-4.95549,36.63952],[-4.95473,36.63899],[-4.95444,36.63869],[-4.95444,36.63904],[-4.95459,36.63947],[-4.95433,36.63955],[-4.95466,36.63998],[-4.95508,36.64031],[-4.95477,36.63987]],[[-4.95535,36.6527],[-4.95573,36.65286],[-4.95641,36.65218],[-4.95613,36.65095],[-4.95593,36.65139],[-4.95565,36.65141],[-4.95512,36.65243],[-4.95535,36.6527]],[[-4.95598,36.63965],[-4.95503,36.63875],[-4.95643,36.64014],[-4.95598,36.63965]],[[-4.95591,36.65077],[-4.95592,36.6503],[-4.9559,36.6491],[-4.95591,36.65077]],[[-4.95655,36.6511],[-4.9565,36.65136],[-4.95642,36.65185],[-4.95655,36.6511]],[[-4.95644,36.64839],[-4.95716,36.64838],[-4.95717,36.64837],[-4.95644,36.64839]],[[-4.95693,36.65329],[-4.95798,36.65271],[-4.95798,36.6527],[-4.95693,36.65329]],[[-4.97106,36.60836],[-4.97077,36.60756],[-4.97092,36.60603],[-4.97114,36.60581],[-4.97148,36.60847],[-4.97192,36.60936],[-4.97198,36.60924],[-4.97276,36.60914],[-4.97319,36.60824],[-4.97447,36.60881],[-4.97562,36.60769],[-4.97483,36.60518],[-4.97428,36.60423],[-4.97298,36.60361],[-4.97285,36.60274],[-4.97443,36.60225],[-4.97461,36.60165],[-4.97383,36.6014],[-4.97232,36.60126],[-4.97178,36.60037],[-4.97109,36.59997],[-4.9704,36.60052],[-4.9701,36.60108],[-4.96997,36.60251],[-4.96781,36.60372],[-4.96733,36.60041],[-4.96624,36.5994],[-4.9648,36.60041],[-4.96341,36.59979],[-4.9629,36.60003],[-4.96255,36.60076],[-4.96219,36.60079],[-4.96189,36.5998],[-4.96002,36.60195],[-4.95979,36.6016],[-4.95896,36.60082],[-4.95918,36.60029],[-4.95814,36.60028],[-4.9575,36.59976],[-4.95664,36.5997],[-4.95564,36.6009],[-4.95595,36.60147],[-4.95621,36.6038],[-4.95717,36.60392],[-4.95644,36.6048],[-4.95764,36.60464],[-4.95837,36.60359],[-4.96068,36.60489],[-4.96136,36.60577],[-4.96234,36.60534],[-4.96342,36.60652],[-4.96406,36.60763],[-4.96472,36.6079],[-4.96632,36.60788],[-4.96786,36.6074],[-4.96902,36.60822],[-4.97106,36.60836]],[[-4.95767,36.65531],[-4.95709,36.65454],[-4.95707,36.65455],[-4.95767,36.65531]],[[-4.95807,36.64276],[-4.95762,36.6426],[-4.95743,36.64275],[-4.95796,36.6428],[-4.95807,36.64276]],[[-4.95861,36.65532],[-4.95866,36.65532],[-4.95786,36.65486],[-4.95861,36.65532]],[[-4.96223,36.64188],[-4.96588,36.64237],[-4.95764,36.64096],[-4.96223,36.64188]],[[-4.95905,36.65367],[-4.9586,36.65361],[-4.95908,36.6537],[-4.95964,36.65348],[-4.95905,36.65367]],[[-4.95927,36.65342],[-4.95961,36.65298],[-4.95905,36.65367],[-4.95927,36.65342]],[[-4.95846,36.62426],[-4.95947,36.62259],[-4.95935,36.62278],[-4.95846,36.62426]],[[-4.96012,36.65904],[-4.95947,36.65876],[-4.96091,36.65939],[-4.96012,36.65904]],[[-4.96063,36.67659],[-4.9612,36.67596],[-4.9612,36.67596],[-4.96063,36.67659]],[[-4.96257,36.66221],[-4.96231,36.66156],[-4.96165,36.66096],[-4.96034,36.66042],[-4.96037,36.66069],[-4.96101,36.66101],[-4.96146,36.6615],[-4.96144,36.6617],[-4.96257,36.66221]],[[-4.96048,36.65455],[-4.96028,36.65415],[-4.96052,36.65407],[-4.96024,36.65413],[-4.96048,36.65455]],[[-4.96078,36.65487],[-4.96072,36.65461],[-4.96056,36.65492],[-4.96078,36.65487]],[[-4.96268,36.65246],[-4.96142,36.65292],[-4.96216,36.65266],[-4.96268,36.65246]],[[-4.96337,36.66401],[-4.96223,36.66586],[-4.96339,36.66404],[-4.96337,36.66401]],[[-4.96265,36.61239],[-4.96187,36.61163],[-4.96202,36.61178],[-4.96265,36.61239]],[[-4.9623,36.61045],[-4.96228,36.61051],[-4.96298,36.61067],[-4.9623,36.61045]],[[-4.96776,36.64699],[-4.96608,36.64614],[-4.96719,36.64693],[-4.96776,36.64699]],[[-4.96682,36.65523],[-4.96664,36.65488],[-4.96645,36.65501],[-4.96667,36.65547],[-4.96677,36.65641],[-4.96648,36.65739],[-4.9666,36.65746],[-4.96692,36.65673],[-4.96682,36.65523]],[[-4.96736,36.65456],[-4.96744,36.65483],[-4.96797,36.65558],[-4.96796,36.65524],[-4.96897,36.65649],[-4.96913,36.65622],[-4.96861,36.65548],[-4.96858,36.65494],[-4.96832,36.65527],[-4.96784,36.65512],[-4.96736,36.65456]],[[-4.96865,36.6508],[-4.96815,36.65172],[-4.96875,36.65063],[-4.96865,36.6508]],[[-4.97107,36.65772],[-4.97105,36.65769],[-4.97004,36.658],[-4.97107,36.65772]],[[-4.97012,36.65108],[-4.97086,36.65113],[-4.97008,36.65107],[-4.97012,36.65108]],[[-4.97151,36.65397],[-4.97127,36.65381],[-4.97125,36.6533],[-4.97154,36.65263],[-4.97159,36.65209],[-4.97144,36.65213],[-4.97122,36.65283],[-4.97072,36.65302],[-4.97042,36.65379],[-4.97151,36.65397]],[[-4.97055,36.59666],[-4.96912,36.59712],[-4.97282,36.59598],[-4.97055,36.59666]],[[-4.97306,36.61582],[-4.97198,36.61509],[-4.97149,36.61516],[-4.9714,36.61533],[-4.97246,36.61586],[-4.97324,36.61646],[-4.97535,36.6174],[-4.97563,36.61704],[-4.97306,36.61582]],[[-4.97335,36.65543],[-4.97334,36.65585],[-4.97335,36.65547],[-4.97335,36.65543]],[[-4.97441,36.65626],[-4.97441,36.65625],[-4.97367,36.65551],[-4.97441,36.65626]],[[-4.97392,36.64308],[-4.9738,36.64464],[-4.97382,36.64464],[-4.97392,36.64308]],[[-4.97454,36.6506],[-4.97547,36.64914],[-4.97424,36.65108],[-4.97454,36.6506]],[[-4.97464,36.65417],[-4.97466,36.65452],[-4.97471,36.65452],[-4.97464,36.65417]],[[-4.97661,36.64382],[-4.97525,36.64225],[-4.97583,36.64305],[-4.97661,36.64382]],[[-4.97909,36.66843],[-4.97821,36.66884],[-4.97813,36.6686],[-4.97801,36.66895],[-4.97752,36.66927],[-4.9771,36.66941],[-4.97732,36.67042],[-4.97807,36.67066],[-4.97882,36.67063],[-4.97909,36.66993],[-4.97909,36.66843]],[[-4.97728,36.6142],[-4.97774,36.61386],[-4.97595,36.61502],[-4.97728,36.6142]],[[-4.97604,36.61654],[-4.97698,36.61693],[-4.97844,36.61749],[-4.97604,36.61654]],[[-4.98236,36.65443],[-4.98115,36.65543],[-4.98381,36.65337],[-4.98236,36.65443]],[[-4.9812,36.6493],[-4.98111,36.64812],[-4.98111,36.64816],[-4.9812,36.6493]],[[-4.98157,36.64387],[-4.98118,36.64463],[-4.98154,36.645],[-4.9828,36.64395],[-4.98157,36.64387]],[[-4.98788,36.65487],[-4.98844,36.65396],[-4.98774,36.65346],[-4.98734,36.65359],[-4.98642,36.65277],[-4.98615,36.65281],[-4.98603,36.65316],[-4.98544,36.65354],[-4.98559,36.65382],[-4.98602,36.65351],[-4.98707,36.65393],[-4.98746,36.65453],[-4.98788,36.65487]],[[-4.98683,36.65218],[-4.98592,36.65211],[-4.98543,36.6526],[-4.98683,36.65218]],[[-4.98638,36.65406],[-4.9863,36.65409],[-4.9864,36.65407],[-4.98638,36.65406]],[[-4.98712,36.6513],[-4.98704,36.6519],[-4.98712,36.6513],[-4.98712,36.6513]],[[-4.9882,36.61894],[-4.99182,36.61795],[-4.99025,36.61837],[-4.9882,36.61894]],[[-4.98987,36.6503],[-4.98984,36.65027],[-4.98916,36.64958],[-4.98987,36.6503]],[[-4.99122,36.65182],[-4.9914,36.65213],[-4.99182,36.65248],[-4.99183,36.65266],[-4.9922,36.65328],[-4.99323,36.65334],[-4.99364,36.65347],[-4.99422,36.65414],[-4.99421,36.65383],[-4.99371,36.65338],[-4.99335,36.65322],[-4.99234,36.65319],[-4.99201,36.65269],[-4.9919,36.65231],[-4.99115,36.65159],[-4.99072,36.65161],[-4.99122,36.65182]],[[-4.99118,36.63276],[-4.99171,36.63503],[-4.99153,36.63395],[-4.99118,36.63276]],[[-4.99366,36.64028],[-4.99374,36.64025],[-4.99395,36.64009],[-4.99366,36.64028]],[[-4.99482,36.64525],[-4.99438,36.64586],[-4.99439,36.64593],[-4.99482,36.64525]],[[-5.00054,36.63349],[-4.99862,36.63068],[-4.99767,36.62938],[-5.00054,36.63349]],[[-4.9986,36.65033],[-4.99834,36.65],[-4.99833,36.65],[-4.9986,36.65033]],[[-4.99872,36.64965],[-4.99895,36.64983],[-4.99892,36.64977],[-4.99872,36.64965]],[[-4.99977,36.63879],[-4.99973,36.63941],[-4.99986,36.63885],[-4.99977,36.63879]],[[-5.00196,36.61307],[-5.00088,36.61349],[-5.00086,36.61475],[-5.00221,36.61562],[-5.00427,36.61501],[-5.00461,36.61597],[-5.0053,36.61596],[-5.00497,36.61552],[-5.00406,36.61245],[-5.00337,36.61234],[-5.00249,36.61356],[-5.00196,36.61307]],[[-5.0032,36.63692],[-5.00624,36.6359],[-5.00183,36.63729],[-5.0032,36.63692]],[[-5.00156,36.6178],[-5.00317,36.61698],[-5.00308,36.61688],[-5.00156,36.6178]],[[-5.0032,36.64952],[-5.00239,36.64996],[-5.00324,36.64955],[-5.0032,36.64952]],[[-5.003,36.65009],[-5.00304,36.65008],[-5.00277,36.65005],[-5.003,36.65009]],[[-5.00271,36.62151],[-5.003,36.62445],[-5.00287,36.6231],[-5.00271,36.62151]],[[-5.00479,36.61203],[-5.00528,36.61225],[-5.00531,36.61297],[-5.00571,36.61318],[-5.00596,36.61234],[-5.00527,36.61177],[-5.00497,36.61167],[-5.00468,36.61095],[-5.00406,36.6115],[-5.00479,36.61203]],[[-5.00591,36.61402],[-5.00649,36.61475],[-5.00685,36.61576],[-5.00728,36.61499],[-5.00668,36.61401],[-5.00591,36.61402]],[[-5.0083,36.64969],[-5.00853,36.64971],[-5.00838,36.64966],[-5.00825,36.64924],[-5.00826,36.6497],[-5.0083,36.65033],[-5.0083,36.64969]],[[-5.00898,36.65866],[-5.00858,36.65845],[-5.0101,36.65937],[-5.00898,36.65866]],[[-5.01027,36.67001],[-5.01106,36.67035],[-5.01085,36.66974],[-5.00992,36.66925],[-5.00924,36.66923],[-5.01027,36.67001]],[[-5.01033,36.67013],[-5.00943,36.67092],[-5.00911,36.67256],[-5.01018,36.67415],[-5.01032,36.67273],[-5.01053,36.67161],[-5.01106,36.67035],[-5.01033,36.67013]],[[-5.00894,36.63507],[-5.01011,36.63204],[-5.01004,36.63151],[-5.01007,36.63199],[-5.00894,36.63507]],[[-5.00952,36.65151],[-5.0094,36.65151],[-5.00961,36.65157],[-5.00952,36.65151]],[[-5.01009,36.6489],[-5.00934,36.64877],[-5.01172,36.64924],[-5.01009,36.6489]],[[-5.01018,36.65375],[-5.01074,36.65366],[-5.01002,36.6537],[-5.01018,36.65375]],[[-5.01459,36.65688],[-5.01483,36.65707],[-5.01425,36.6573],[-5.01487,36.65708],[-5.01459,36.65688]],[[-5.014,36.6574],[-5.01463,36.65737],[-5.01425,36.6573],[-5.014,36.6574]],[[-5.0121,36.6567],[-5.0121,36.65671],[-5.014,36.6574],[-5.0121,36.6567]],[[-5.01659,36.64182],[-5.01663,36.64177],[-5.01527,36.64188],[-5.01659,36.64182]],[[-5.01618,36.6267],[-5.01589,36.62758],[-5.01646,36.62593],[-5.01618,36.6267]],[[-5.01742,36.62067],[-5.01874,36.62112],[-5.01672,36.62042],[-5.01742,36.62067]],[[-5.02165,36.65112],[-5.02046,36.65158],[-5.02058,36.65157],[-5.02165,36.65112]],[[-5.02302,36.66089],[-5.02325,36.66052],[-5.02335,36.66052],[-5.02321,36.66049],[-5.02296,36.66086],[-5.02302,36.66089]],[[-5.02379,36.65823],[-5.02415,36.65801],[-5.02382,36.658],[-5.02379,36.65823]],[[-5.02416,36.66048],[-5.02452,36.66046],[-5.02512,36.66038],[-5.02416,36.66048]],[[-5.02426,36.62853],[-5.02461,36.62886],[-5.02529,36.62829],[-5.02554,36.62757],[-5.02551,36.6271],[-5.0248,36.62703],[-5.02404,36.62764],[-5.02426,36.62853]],[[-5.02516,36.65811],[-5.02552,36.65775],[-5.02505,36.65803],[-5.02516,36.65811]],[[-5.02581,36.65105],[-5.02611,36.65083],[-5.02554,36.65122],[-5.02581,36.65105]],[[-5.02517,36.6512],[-5.02511,36.65129],[-5.02524,36.65141],[-5.02554,36.65122],[-5.02517,36.6512]],[[-5.0264,36.6302],[-5.02646,36.62959],[-5.0255,36.62969],[-5.0254,36.62985],[-5.0264,36.6302]],[[-5.02756,36.65998],[-5.02751,36.66],[-5.02865,36.66025],[-5.02756,36.65998]],[[-5.02748,36.66],[-5.02677,36.66018],[-5.02749,36.66001],[-5.02748,36.66]],[[-5.0273,36.66402],[-5.02716,36.66387],[-5.02711,36.66398],[-5.02719,36.66393],[-5.0273,36.66402]],[[-5.02652,36.64004],[-5.02688,36.6414],[-5.02698,36.64158],[-5.02652,36.64004]],[[-5.02705,36.65557],[-5.02714,36.65448],[-5.02698,36.65565],[-5.02705,36.65557]],[[-5.02893,36.65517],[-5.02892,36.65516],[-5.0284,36.65532],[-5.02893,36.65517]],[[-5.02915,36.65448],[-5.02911,36.65399],[-5.02908,36.65451],[-5.02851,36.65506],[-5.02915,36.65448]],[[-5.03114,36.66233],[-5.03217,36.6623],[-5.03326,36.66158],[-5.03465,36.66037],[-5.03326,36.66053],[-5.03193,36.66116],[-5.03063,36.66133],[-5.02956,36.66074],[-5.02929,36.6609],[-5.02955,36.6617],[-5.03114,36.66233]],[[-5.02907,36.64962],[-5.0298,36.64841],[-5.03064,36.64695],[-5.02907,36.64962]],[[-5.02989,36.64141],[-5.02897,36.64395],[-5.0299,36.64138],[-5.02989,36.64141]],[[-5.02981,36.6488],[-5.02941,36.64934],[-5.02922,36.64968],[-5.02981,36.6488]],[[-5.03238,36.6558],[-5.03228,36.65659],[-5.03236,36.65602],[-5.03238,36.6558]],[[-5.03307,36.63873],[-5.03311,36.64],[-5.03311,36.63931],[-5.03307,36.63873]],[[-5.03626,36.63308],[-5.03505,36.63343],[-5.03684,36.63508],[-5.03736,36.63634],[-5.03748,36.63774],[-5.038,36.6387],[-5.03953,36.63944],[-5.04101,36.6398],[-5.04161,36.63875],[-5.04016,36.63792],[-5.03921,36.63766],[-5.03946,36.63712],[-5.03846,36.63674],[-5.03756,36.63428],[-5.03917,36.63273],[-5.0389,36.63275],[-5.03913,36.63219],[-5.03904,36.63091],[-5.03971,36.62901],[-5.03897,36.62917],[-5.0367,36.63129],[-5.03807,36.63201],[-5.03626,36.63308]],[[-5.03648,36.65023],[-5.03894,36.6528],[-5.03752,36.65124],[-5.03648,36.65023]],[[-5.03957,36.64246],[-5.03987,36.64183],[-5.03924,36.6415],[-5.03979,36.64186],[-5.03957,36.64246]],[[-5.044,36.64111],[-5.04227,36.64174],[-5.04235,36.64243],[-5.04314,36.64306],[-5.04395,36.64302],[-5.04342,36.64209],[-5.04511,36.64213],[-5.04464,36.64169],[-5.04476,36.64129],[-5.044,36.64111]],[[-5.04871,36.63077],[-5.04801,36.63111],[-5.0481,36.6327],[-5.04811,36.63118],[-5.04871,36.63077]],[[-5.04931,36.63668],[-5.04869,36.63602],[-5.04867,36.63604],[-5.04931,36.63668]],[[-5.05337,36.62572],[-5.05473,36.6251],[-5.05243,36.62364],[-5.05134,36.62507],[-5.05337,36.62572]]],[[[-4.94746,36.61287],[-4.94797,36.61266],[-4.94601,36.61192],[-4.94574,36.61142],[-4.94773,36.61115],[-4.94844,36.61075],[-4.94922,36.61145],[-4.95056,36.611],[-4.95145,36.6112],[-4.95171,36.6105],[-4.9528,36.61049],[-4.95332,36.61065],[-4.95308,36.61161],[-4.95423,36.61265],[-4.95352,36.6131],[-4.95602,36.61484],[-4.95501,36.6169],[-4.95254,36.61599],[-4.95199,36.61662],[-4.95165,36.61751],[-4.95116,36.61778],[-4.95009,36.61742],[-4.94974,36.61655],[-4.94852,36.6162],[-4.94754,36.6162],[-4.94647,36.61568],[-4.94721,36.61478],[-4.94888,36.61385],[-4.94912,36.61359],[-4.9483,36.61329],[-4.94639,36.61363],[-4.94559,36.61413],[-4.94548,36.61502],[-4.94436,36.61526],[-4.9432,36.61453],[-4.94236,36.61459],[-4.942,36.61429],[-4.94224,36.61353],[-4.94324,36.61252],[-4.94403,36.61211],[-4.9457,36.61295],[-4.94746,36.61287]]],[[[-4.94186,36.64276],[-4.94202,36.64278],[-4.94251,36.64439],[-4.94488,36.64451],[-4.94592,36.64494],[-4.94323,36.64527],[-4.94154,36.6456],[-4.94148,36.64371],[-4.9409,36.64303],[-4.9415,36.64296],[-4.94186,36.64276]]],[[[-4.94301,36.66718],[-4.94314,36.66685],[-4.94303,36.66654],[-4.94343,36.66639],[-4.94365,36.66673],[-4.94368,36.66758],[-4.94311,36.66729],[-4.94301,36.66718]]],[[[-4.94392,36.66677],[-4.94365,36.66631],[-4.94404,36.6664],[-4.94412,36.66731],[-4.94457,36.66785],[-4.94392,36.6674],[-4.94392,36.66677]]],[[[-4.94773,36.66908],[-4.94824,36.6701],[-4.94705,36.66935],[-4.94635,36.66857],[-4.94773,36.66908]]],[[[-4.9474,36.67203],[-4.94739,36.67069],[-4.94696,36.67029],[-4.9469,36.66985],[-4.947,36.66974],[-4.94683,36.66961],[-4.94732,36.66966],[-4.94824,36.67022],[-4.94837,36.67041],[-4.94846,36.67163],[-4.949,36.67272],[-4.94984,36.67394],[-4.94931,36.67394],[-4.94708,36.6737],[-4.94618,36.67347],[-4.94566,36.67348],[-4.94604,36.67279],[-4.94739,36.67283],[-4.94811,36.67246],[-4.9474,36.67203]]],[[[-4.98651,36.67316],[-4.98676,36.67308],[-4.98702,36.67326],[-4.98787,36.67335],[-4.98729,36.67366],[-4.98668,36.67348],[-4.98591,36.67357],[-4.98599,36.67394],[-4.98487,36.67366],[-4.98433,36.67368],[-4.98356,36.67356],[-4.9829,36.67357],[-4.98289,36.67289],[-4.98335,36.67337],[-4.98398,36.6735],[-4.98378,36.67304],[-4.98401,36.67303],[-4.98449,36.67337],[-4.9851,36.6733],[-4.98519,36.67348],[-4.98563,36.67319],[-4.98581,36.67345],[-4.98622,36.67343],[-4.98616,36.673],[-4.98533,36.67254],[-4.98591,36.67252],[-4.98659,36.67274],[-4.98651,36.67316]]],[[[-4.92898,36.50014],[-4.92977,36.5004],[-4.93011,36.50039],[-4.93011,36.50049],[-4.93061,36.50047],[-4.93061,36.50038],[-4.93084,36.50038],[-4.93089,36.50053],[-4.9312,36.50048],[-4.93125,36.50041],[-4.93162,36.50057],[-4.93171,36.50077],[-4.93173,36.5014],[-4.93162,36.50151],[-4.93165,36.50185],[-4.93148,36.50192],[-4.93133,36.50186],[-4.93023,36.50202],[-4.93017,36.5019],[-4.92975,36.50183],[-4.92935,36.50191],[-4.92896,36.50075],[-4.92888,36.50037],[-4.92894,36.50028],[-4.92886,36.50022],[-4.92898,36.50014]]],[[[-4.92947,36.50269],[-4.92838,36.50273],[-4.92941,36.50261],[-4.92944,36.50254],[-4.92909,36.50239],[-4.92977,36.50236],[-4.93064,36.50217],[-4.93119,36.50196],[-4.93141,36.50197],[-4.93061,36.50225],[-4.9305,36.50222],[-4.92947,36.50269]]],[[[-4.92711,36.50362],[-4.92628,36.50397],[-4.92635,36.50381],[-4.92652,36.50371],[-4.92765,36.50321],[-4.92776,36.50306],[-4.92772,36.50253],[-4.92784,36.50241],[-4.92802,36.50276],[-4.92783,36.5032],[-4.92711,36.50362]]],[[[-4.9238,36.50497],[-4.92134,36.50595],[-4.92087,36.50524],[-4.92082,36.50477],[-4.92122,36.50417],[-4.92117,36.50378],[-4.922,36.50378],[-4.92195,36.50389],[-4.92282,36.50366],[-4.9238,36.50497]]],[[[-4.91652,36.50557],[-4.91646,36.50583],[-4.91631,36.50585],[-4.91597,36.50515],[-4.91607,36.50498],[-4.9163,36.50483],[-4.91652,36.50483],[-4.91665,36.50493],[-4.91669,36.50511],[-4.91662,36.50527],[-4.91681,36.50551],[-4.91652,36.50557]]],[[[-4.91505,36.50531],[-4.91514,36.50541],[-4.91528,36.50536],[-4.91531,36.50521],[-4.91548,36.50518],[-4.91579,36.50528],[-4.91573,36.50543],[-4.91547,36.50558],[-4.91501,36.50563],[-4.91485,36.50538],[-4.91505,36.50531]]],[[[-4.92677,36.50461],[-4.927,36.50542],[-4.92731,36.50607],[-4.92713,36.50658],[-4.92711,36.50737],[-4.92689,36.50766],[-4.92666,36.50764],[-4.92651,36.50743],[-4.92678,36.50621],[-4.92655,36.50549],[-4.92662,36.50465],[-4.92677,36.50461]]],[[[-4.90792,36.50637],[-4.90824,36.50633],[-4.90857,36.50643],[-4.90861,36.50657],[-4.9082,36.5067],[-4.90793,36.50651],[-4.90769,36.50671],[-4.9076,36.50669],[-4.90759,36.50652],[-4.90792,36.50637]]],[[[-4.85847,36.50745],[-4.85852,36.50727],[-4.86009,36.5075],[-4.85997,36.50764],[-4.85847,36.50745]]],[[[-4.90988,36.50713],[-4.90967,36.5069],[-4.90975,36.50679],[-4.90992,36.50679],[-4.90976,36.50624],[-4.90985,36.5062],[-4.90988,36.50626],[-4.91039,36.50631],[-4.91087,36.50655],[-4.91082,36.50701],[-4.91042,36.50733],[-4.90992,36.50735],[-4.90988,36.50713]]],[[[-4.90744,36.5071],[-4.90706,36.50711],[-4.90694,36.50699],[-4.90659,36.50695],[-4.90657,36.5066],[-4.90688,36.50669],[-4.90696,36.50656],[-4.90713,36.50666],[-4.9074,36.50662],[-4.90744,36.5071]]],[[[-4.92556,36.50685],[-4.92492,36.50734],[-4.92454,36.50656],[-4.92442,36.50602],[-4.92532,36.50587],[-4.9254,36.50627],[-4.92546,36.50626],[-4.92556,36.50685]]],[[[-4.92153,36.50624],[-4.92235,36.50718],[-4.92237,36.50743],[-4.92258,36.50753],[-4.92243,36.50781],[-4.9222,36.50765],[-4.92209,36.50774],[-4.92203,36.5076],[-4.92163,36.50751],[-4.92114,36.50761],[-4.92065,36.5078],[-4.92004,36.50673],[-4.92195,36.50594],[-4.92202,36.50601],[-4.92153,36.50624]]],[[[-4.90146,36.50936],[-4.90122,36.50947],[-4.90122,36.50925],[-4.90161,36.50878],[-4.90114,36.50776],[-4.90124,36.50771],[-4.90121,36.50745],[-4.90137,36.50716],[-4.90132,36.50667],[-4.90203,36.50658],[-4.90225,36.50663],[-4.90215,36.50743],[-4.90215,36.50774],[-4.90222,36.50774],[-4.90224,36.50784],[-4.9019,36.50796],[-4.90144,36.50794],[-4.90204,36.50857],[-4.9016,36.50906],[-4.90146,36.50936]],[[-4.90145,36.50743],[-4.90146,36.50742],[-4.9014,36.50751],[-4.90145,36.50743]]],[[[-4.85148,36.50964],[-4.85192,36.50994],[-4.85092,36.51061],[-4.85118,36.50953],[-4.85148,36.50964]]],[[[-4.9224,36.5099],[-4.92238,36.50938],[-4.92347,36.50937],[-4.92348,36.50983],[-4.9224,36.5099]]],[[[-4.85184,36.51089],[-4.85259,36.5103],[-4.8533,36.51092],[-4.85329,36.51141],[-4.85182,36.51181],[-4.85184,36.51089]]],[[[-4.92766,36.51201],[-4.92758,36.51149],[-4.92733,36.51147],[-4.92684,36.51092],[-4.9259,36.51056],[-4.92591,36.51042],[-4.9262,36.50998],[-4.92628,36.50963],[-4.92617,36.50919],[-4.9263,36.50901],[-4.92624,36.50885],[-4.92661,36.50825],[-4.92663,36.50796],[-4.92671,36.50785],[-4.9269,36.50778],[-4.92715,36.5078],[-4.92707,36.50799],[-4.9272,36.50803],[-4.92717,36.50814],[-4.92694,36.50875],[-4.92637,36.50903],[-4.92632,36.50916],[-4.92642,36.50936],[-4.92676,36.50982],[-4.92771,36.51007],[-4.92809,36.5103],[-4.92808,36.51065],[-4.9285,36.51046],[-4.92863,36.51063],[-4.92831,36.51077],[-4.92857,36.51093],[-4.92873,36.5109],[-4.92878,36.51102],[-4.92866,36.51108],[-4.92911,36.51178],[-4.92924,36.51177],[-4.92942,36.51251],[-4.92908,36.51245],[-4.92887,36.5123],[-4.92851,36.5112],[-4.92831,36.51114],[-4.92824,36.51124],[-4.92837,36.51138],[-4.92877,36.51237],[-4.92899,36.51255],[-4.92891,36.51258],[-4.92765,36.5126],[-4.92761,36.51212],[-4.92741,36.51211],[-4.92741,36.51205],[-4.92766,36.51201]]],[[[-4.92258,36.51001],[-4.92248,36.51086],[-4.92214,36.51089],[-4.92222,36.51005],[-4.92258,36.51001]]],[[[-4.91853,36.51192],[-4.91845,36.51115],[-4.91878,36.51131],[-4.91892,36.51111],[-4.91882,36.51105],[-4.91918,36.51014],[-4.91947,36.51003],[-4.91973,36.50967],[-4.92009,36.50985],[-4.91966,36.51065],[-4.91914,36.51105],[-4.91899,36.51135],[-4.91881,36.51133],[-4.91888,36.51208],[-4.91853,36.51192]]],[[[-4.89324,36.51148],[-4.89361,36.51146],[-4.89413,36.5121],[-4.89408,36.51214],[-4.89386,36.51192],[-4.89344,36.51179],[-4.8928,36.51204],[-4.89279,36.51191],[-4.89324,36.51148]]],[[[-4.89139,36.51215],[-4.89107,36.51178],[-4.89091,36.51182],[-4.89088,36.51191],[-4.8913,36.51245],[-4.89101,36.51241],[-4.89075,36.51225],[-4.89048,36.51181],[-4.89051,36.51155],[-4.89104,36.51149],[-4.89135,36.51159],[-4.89144,36.51191],[-4.89139,36.51215]]],[[[-4.91666,36.51154],[-4.91734,36.51137],[-4.91744,36.51162],[-4.91703,36.51169],[-4.9172,36.51203],[-4.91693,36.51209],[-4.91669,36.51181],[-4.91622,36.5118],[-4.91618,36.51157],[-4.91666,36.51154]]],[[[-4.89403,36.51174],[-4.89413,36.51167],[-4.894,36.51141],[-4.89426,36.51141],[-4.89437,36.51123],[-4.89489,36.5112],[-4.89697,36.51131],[-4.897,36.51149],[-4.89737,36.51147],[-4.89736,36.5113],[-4.89926,36.51132],[-4.89944,36.51155],[-4.90066,36.51201],[-4.9004,36.51235],[-4.89995,36.5126],[-4.89841,36.5127],[-4.89784,36.51295],[-4.89765,36.51273],[-4.89779,36.51276],[-4.89821,36.51266],[-4.89916,36.51258],[-4.89915,36.5125],[-4.89943,36.51248],[-4.89942,36.51236],[-4.89974,36.51236],[-4.89996,36.51224],[-4.89875,36.51184],[-4.89832,36.5118],[-4.89777,36.51188],[-4.89707,36.51187],[-4.89642,36.51199],[-4.89548,36.51185],[-4.89474,36.51153],[-4.89478,36.51176],[-4.89458,36.51197],[-4.89456,36.51211],[-4.89477,36.51262],[-4.89455,36.51266],[-4.89403,36.51174]]],[[[-4.9191,36.51219],[-4.9191,36.51197],[-4.91935,36.51196],[-4.91939,36.51225],[-4.91982,36.5129],[-4.91929,36.51298],[-4.91923,36.51238],[-4.9191,36.51219]]],[[[-4.9249,36.51263],[-4.92506,36.51271],[-4.9249,36.51278],[-4.92289,36.5129],[-4.92038,36.5133],[-4.92033,36.51323],[-4.9249,36.51263]]],[[[-4.89866,36.51288],[-4.89875,36.51304],[-4.89976,36.51378],[-4.89986,36.51395],[-4.89979,36.51404],[-4.89937,36.51413],[-4.89924,36.51423],[-4.89908,36.51502],[-4.899,36.51509],[-4.898,36.51508],[-4.89825,36.51495],[-4.89847,36.51461],[-4.89846,36.51426],[-4.89834,36.51416],[-4.89781,36.51415],[-4.8976,36.51376],[-4.89831,36.51295],[-4.89866,36.51288]]],[[[-4.90742,36.51338],[-4.90741,36.5131],[-4.90802,36.51288],[-4.90801,36.51257],[-4.90874,36.51251],[-4.90913,36.51264],[-4.91015,36.51272],[-4.91041,36.51347],[-4.91094,36.51341],[-4.91122,36.51406],[-4.91043,36.51413],[-4.91046,36.51437],[-4.90991,36.51441],[-4.90977,36.51456],[-4.90976,36.51507],[-4.90954,36.51517],[-4.90933,36.51501],[-4.90927,36.5146],[-4.9086,36.51452],[-4.90767,36.51387],[-4.90742,36.51338]]],[[[-4.91872,36.51351],[-4.91607,36.51394],[-4.91514,36.51405],[-4.91512,36.51397],[-4.91713,36.51366],[-4.91715,36.51371],[-4.91872,36.51351]]],[[[-4.91457,36.51382],[-4.91447,36.51396],[-4.91342,36.51424],[-4.91239,36.51446],[-4.91235,36.51439],[-4.91371,36.51404],[-4.91373,36.51411],[-4.91457,36.51382]]],[[[-4.90372,36.51623],[-4.90385,36.51723],[-4.90406,36.51762],[-4.90403,36.51784],[-4.90394,36.51783],[-4.90359,36.5177],[-4.9033,36.51721],[-4.90326,36.51624],[-4.90316,36.51596],[-4.90316,36.51517],[-4.90273,36.5143],[-4.90267,36.51387],[-4.90302,36.51382],[-4.9028,36.51366],[-4.90294,36.51306],[-4.90302,36.51297],[-4.90325,36.51302],[-4.90443,36.51373],[-4.90465,36.51394],[-4.9049,36.51438],[-4.90495,36.51476],[-4.90469,36.51503],[-4.90431,36.51524],[-4.90436,36.51567],[-4.90401,36.51597],[-4.90382,36.51598],[-4.90372,36.51623]]],[[[-4.87053,36.51973],[-4.87062,36.51958],[-4.87117,36.5195],[-4.87247,36.51914],[-4.87351,36.51901],[-4.87411,36.51862],[-4.87431,36.51859],[-4.87457,36.51868],[-4.8748,36.51893],[-4.8748,36.51916],[-4.87508,36.5193],[-4.87719,36.51953],[-4.87756,36.5197],[-4.87792,36.52009],[-4.87813,36.52014],[-4.87827,36.52006],[-4.87832,36.51987],[-4.87857,36.51969],[-4.87868,36.5195],[-4.87947,36.51958],[-4.87981,36.51968],[-4.87986,36.51981],[-4.87999,36.51984],[-4.87985,36.52032],[-4.87963,36.52044],[-4.8792,36.52046],[-4.87688,36.51983],[-4.87618,36.5197],[-4.87431,36.51952],[-4.87293,36.51956],[-4.86991,36.5199],[-4.86919,36.51992],[-4.86827,36.5197],[-4.86736,36.51922],[-4.86764,36.51925],[-4.86864,36.51975],[-4.86937,36.51985],[-4.86993,36.51962],[-4.87053,36.51973]]],[[[-4.87998,36.52028],[-4.88019,36.51971],[-4.88036,36.52058],[-4.87953,36.52052],[-4.87998,36.52028]]],[[[-4.88499,36.52778],[-4.88488,36.52773],[-4.88479,36.52696],[-4.88418,36.52647],[-4.88389,36.52604],[-4.88329,36.52551],[-4.88293,36.52441],[-4.88299,36.52426],[-4.88324,36.52421],[-4.88468,36.52417],[-4.88508,36.52404],[-4.88544,36.52357],[-4.88509,36.52366],[-4.88475,36.52337],[-4.88499,36.52319],[-4.88464,36.52275],[-4.88396,36.52246],[-4.88337,36.52199],[-4.8831,36.52207],[-4.88288,36.52196],[-4.88264,36.52199],[-4.88215,36.52172],[-4.8821,36.5215],[-4.88217,36.52118],[-4.88231,36.52095],[-4.88274,36.52066],[-4.883,36.52058],[-4.88738,36.51964],[-4.88932,36.51945],[-4.88916,36.51967],[-4.88933,36.51992],[-4.88824,36.52001],[-4.88619,36.5207],[-4.88593,36.52159],[-4.88616,36.52196],[-4.88663,36.52181],[-4.88672,36.52221],[-4.88702,36.5222],[-4.8876,36.52274],[-4.88792,36.52282],[-4.88795,36.52351],[-4.88861,36.52377],[-4.88958,36.52466],[-4.88902,36.52545],[-4.888,36.52605],[-4.88776,36.52648],[-4.88747,36.52658],[-4.88698,36.52657],[-4.8867,36.52634],[-4.88526,36.52576],[-4.88494,36.5259],[-4.8853,36.52617],[-4.88539,36.52703],[-4.88566,36.52761],[-4.88514,36.52765],[-4.88499,36.52778]]],[[[-4.92974,36.52618],[-4.929,36.5263],[-4.9289,36.52653],[-4.92838,36.5267],[-4.9284,36.5262],[-4.92847,36.52612],[-4.92873,36.52625],[-4.92897,36.52611],[-4.92889,36.52604],[-4.92918,36.5259],[-4.92926,36.52561],[-4.92974,36.52618]]],[[[-4.87046,36.53366],[-4.87287,36.53297],[-4.87395,36.53231],[-4.87404,36.53233],[-4.87353,36.53294],[-4.87338,36.53301],[-4.87276,36.53309],[-4.87161,36.53348],[-4.87108,36.53373],[-4.87046,36.53366]]],[[[-4.86266,36.55269],[-4.86287,36.553],[-4.86275,36.5535],[-4.86211,36.55406],[-4.86202,36.55427],[-4.86197,36.55447],[-4.86219,36.55498],[-4.86277,36.55533],[-4.86316,36.55543],[-4.86425,36.55546],[-4.86462,36.55554],[-4.86505,36.55582],[-4.86525,36.55619],[-4.86512,36.55657],[-4.86453,36.55722],[-4.86425,36.55798],[-4.86397,36.55827],[-4.86393,36.55786],[-4.864,36.55764],[-4.86362,36.55715],[-4.86333,36.557],[-4.86337,36.55724],[-4.86323,36.55783],[-4.86335,36.55837],[-4.86243,36.55795],[-4.8621,36.55788],[-4.86161,36.55794],[-4.86131,36.55807],[-4.86105,36.55835],[-4.86095,36.55858],[-4.86088,36.55923],[-4.86022,36.55936],[-4.8595,36.55851],[-4.85944,36.5581],[-4.8588,36.55816],[-4.85861,36.55813],[-4.85848,36.558],[-4.85865,36.55742],[-4.85887,36.55723],[-4.86068,36.55674],[-4.86169,36.55663],[-4.86186,36.55657],[-4.86196,36.55639],[-4.86164,36.55604],[-4.86129,36.55507],[-4.86095,36.55459],[-4.86029,36.554],[-4.8603,36.55384],[-4.86044,36.55374],[-4.86121,36.55362],[-4.86144,36.55352],[-4.86178,36.55322],[-4.86169,36.55298],[-4.8608,36.55231],[-4.86076,36.55161],[-4.8605,36.55143],[-4.86014,36.55137],[-4.85977,36.55082],[-4.85986,36.55064],[-4.86089,36.54997],[-4.86072,36.54957],[-4.86081,36.5492],[-4.8604,36.54881],[-4.86046,36.54864],[-4.86083,36.54849],[-4.86103,36.54854],[-4.86108,36.54864],[-4.86142,36.54977],[-4.86141,36.55146],[-4.86148,36.55176],[-4.86195,36.55227],[-4.86266,36.55269]]],[[[-4.85707,36.55812],[-4.85785,36.55821],[-4.85801,36.55888],[-4.85779,36.55889],[-4.85743,36.55863],[-4.85716,36.5586],[-4.85686,36.55867],[-4.85682,36.55875],[-4.85657,36.55875],[-4.85643,36.55859],[-4.85646,36.55844],[-4.85677,36.55821],[-4.85632,36.55777],[-4.85562,36.5569],[-4.85494,36.55626],[-4.85479,36.55597],[-4.85371,36.55582],[-4.8533,36.55559],[-4.85325,36.55547],[-4.85346,36.55526],[-4.85395,36.55514],[-4.85519,36.55544],[-4.856,36.55585],[-4.85781,36.55654],[-4.85803,36.55686],[-4.85832,36.55704],[-4.85821,36.55762],[-4.85796,36.55755],[-4.85752,36.55674],[-4.85708,36.55655],[-4.85651,36.55651],[-4.85587,36.55658],[-4.85593,36.55695],[-4.85658,36.55731],[-4.85707,36.55812]]],[[[-4.86032,36.56313],[-4.86084,36.56311],[-4.86102,36.56329],[-4.8621,36.56308],[-4.86212,36.56278],[-4.86233,36.56225],[-4.86232,36.56166],[-4.86244,36.56103],[-4.86239,36.56071],[-4.86274,36.56117],[-4.86303,36.56298],[-4.86281,36.5635],[-4.86221,36.56399],[-4.86182,36.56406],[-4.86165,36.56423],[-4.86158,36.56504],[-4.861,36.56491],[-4.86017,36.56446],[-4.85974,36.56399],[-4.85995,36.56381],[-4.85991,36.56354],[-4.85965,36.56322],[-4.85963,36.56294],[-4.86032,36.56313]]],[[[-4.85242,36.5658],[-4.85264,36.56557],[-4.85276,36.56511],[-4.85282,36.5654],[-4.85254,36.566],[-4.85254,36.56626],[-4.85266,36.56663],[-4.85293,36.56703],[-4.85245,36.56683],[-4.85206,36.56656],[-4.85209,36.56575],[-4.85225,36.56585],[-4.85242,36.5658]]],[[[-4.86468,36.56725],[-4.86471,36.56779],[-4.86447,36.56826],[-4.86359,36.56886],[-4.86336,36.5689],[-4.86323,36.56915],[-4.86323,36.5695],[-4.8633,36.56954],[-4.86324,36.56954],[-4.86352,36.57026],[-4.86355,36.57132],[-4.86402,36.57223],[-4.86415,36.57269],[-4.86395,36.57321],[-4.86249,36.57468],[-4.86195,36.575],[-4.86168,36.57505],[-4.86107,36.57493],[-4.85978,36.57385],[-4.85951,36.57374],[-4.85897,36.57366],[-4.85854,36.57369],[-4.85821,36.57379],[-4.85759,36.57413],[-4.85675,36.57412],[-4.85637,36.57397],[-4.85627,36.57371],[-4.8566,36.57333],[-4.85662,36.573],[-4.85589,36.57303],[-4.85542,36.57343],[-4.85535,36.57368],[-4.85472,36.57401],[-4.85431,36.574],[-4.85324,36.57363],[-4.85255,36.57376],[-4.85234,36.57407],[-4.85232,36.5743],[-4.85247,36.57452],[-4.85244,36.57465],[-4.85167,36.5752],[-4.85128,36.57526],[-4.85098,36.57523],[-4.85071,36.57502],[-4.85037,36.57492],[-4.85018,36.57441],[-4.84975,36.57382],[-4.8493,36.57347],[-4.8487,36.57254],[-4.84793,36.57208],[-4.84757,36.57164],[-4.84748,36.57119],[-4.84795,36.57042],[-4.84828,36.57012],[-4.84851,36.56997],[-4.84904,36.56988],[-4.84923,36.56974],[-4.84929,36.56905],[-4.8502,36.56855],[-4.85062,36.56853],[-4.85079,36.56842],[-4.85113,36.56773],[-4.85138,36.56755],[-4.85175,36.5674],[-4.85247,36.56732],[-4.85268,36.56738],[-4.85294,36.56767],[-4.85311,36.56772],[-4.85342,36.56764],[-4.85351,36.56735],[-4.85316,36.56623],[-4.85355,36.56676],[-4.85427,36.56716],[-4.8547,36.5673],[-4.85502,36.56765],[-4.85517,36.56798],[-4.85567,36.56786],[-4.85644,36.56824],[-4.85671,36.56876],[-4.85685,36.56888],[-4.85799,36.56893],[-4.85827,36.56863],[-4.85899,36.56848],[-4.85924,36.56896],[-4.86009,36.56896],[-4.86023,36.56911],[-4.85979,36.56966],[-4.85975,36.57069],[-4.85992,36.57107],[-4.86024,36.57113],[-4.86058,36.57146],[-4.86076,36.57149],[-4.86162,36.57123],[-4.86176,36.57106],[-4.86161,36.57043],[-4.86142,36.57017],[-4.86111,36.57025],[-4.86096,36.57018],[-4.86147,36.56913],[-4.8615,36.56863],[-4.86165,36.56847],[-4.86185,36.5683],[-4.86273,36.56818],[-4.86306,36.56792],[-4.8629,36.56783],[-4.86271,36.56736],[-4.86292,36.56718],[-4.86224,36.56708],[-4.86235,36.56683],[-4.86139,36.5666],[-4.86114,36.56631],[-4.85976,36.56588],[-4.85983,36.56612],[-4.85953,36.5662],[-4.85944,36.56599],[-4.85908,36.56596],[-4.85889,36.56614],[-4.85865,36.56602],[-4.85902,36.56582],[-4.85879,36.56545],[-4.8593,36.5653],[-4.85995,36.56557],[-4.86043,36.56537],[-4.86122,36.56569],[-4.86154,36.56551],[-4.86223,36.56601],[-4.86429,36.56684],[-4.86468,36.56725]]],[[[-4.88895,36.62187],[-4.89008,36.62352],[-4.8896,36.624],[-4.88811,36.62361],[-4.88799,36.62437],[-4.88732,36.62469],[-4.88638,36.62418],[-4.88567,36.62448],[-4.88452,36.62437],[-4.88402,36.62314],[-4.88455,36.62208],[-4.88436,36.62139],[-4.88527,36.62102],[-4.8854,36.62],[-4.88592,36.61952],[-4.8871,36.61925],[-4.88915,36.61931],[-4.88863,36.62031],[-4.88961,36.62098],[-4.8894,36.6217],[-4.88895,36.62187]]],[[[-4.86497,36.64197],[-4.8653,36.64162],[-4.86511,36.64144],[-4.86535,36.64129],[-4.86625,36.64147],[-4.86664,36.64123],[-4.86655,36.64153],[-4.86708,36.64154],[-4.86712,36.64173],[-4.86695,36.64209],[-4.86638,36.64277],[-4.86587,36.64229],[-4.8651,36.64242],[-4.86514,36.64215],[-4.86497,36.64197]]],[[[-4.87735,36.65594],[-4.87678,36.65566],[-4.87671,36.6552],[-4.87746,36.6553],[-4.87735,36.65594]]],[[[-4.87461,36.65876],[-4.87509,36.65874],[-4.87533,36.65923],[-4.87573,36.65923],[-4.87625,36.65985],[-4.87532,36.66012],[-4.87421,36.66012],[-4.87441,36.6592],[-4.87461,36.65876]]],[[[-4.87503,36.66253],[-4.87474,36.66256],[-4.87471,36.66203],[-4.87443,36.66194],[-4.87447,36.66177],[-4.87465,36.66169],[-4.87517,36.66202],[-4.8759,36.66159],[-4.87503,36.66253]]],[[[-4.87568,36.6636],[-4.87562,36.66284],[-4.87578,36.66271],[-4.87576,36.66247],[-4.87617,36.66233],[-4.87649,36.66299],[-4.87568,36.6636]]],[[[-4.93105,36.66312],[-4.93055,36.6637],[-4.9285,36.66302],[-4.92883,36.66239],[-4.93034,36.6626],[-4.93105,36.66312]]],[[[-4.8706,36.66528],[-4.87098,36.66508],[-4.87221,36.66475],[-4.87195,36.66431],[-4.87205,36.664],[-4.87249,36.66439],[-4.87284,36.66424],[-4.87333,36.66379],[-4.87375,36.66268],[-4.87428,36.66249],[-4.87433,36.66272],[-4.87469,36.66311],[-4.87443,36.66327],[-4.87456,36.6639],[-4.87374,36.66441],[-4.87313,36.66495],[-4.87355,36.66533],[-4.87297,36.66532],[-4.87254,36.66559],[-4.87181,36.66562],[-4.87095,36.6659],[-4.8706,36.66528]]],[[[-4.86577,36.66991],[-4.86674,36.66946],[-4.86667,36.6692],[-4.86649,36.66906],[-4.86499,36.66916],[-4.86419,36.66937],[-4.86393,36.66961],[-4.86401,36.66964],[-4.86378,36.66994],[-4.8629,36.67028],[-4.86272,36.67048],[-4.86246,36.67051],[-4.86209,36.66994],[-4.86296,36.66939],[-4.8635,36.66889],[-4.8646,36.66858],[-4.86695,36.66747],[-4.8682,36.66741],[-4.86885,36.66716],[-4.86929,36.66716],[-4.86955,36.66763],[-4.86932,36.66796],[-4.86975,36.66807],[-4.87012,36.66778],[-4.87038,36.66818],[-4.87033,36.66844],[-4.87005,36.66871],[-4.86972,36.66884],[-4.86958,36.66905],[-4.86894,36.66941],[-4.86862,36.66987],[-4.86802,36.67035],[-4.86768,36.6704],[-4.86742,36.66981],[-4.86792,36.66982],[-4.86811,36.66914],[-4.86887,36.66913],[-4.86925,36.66902],[-4.86895,36.66833],[-4.86874,36.66857],[-4.8689,36.66886],[-4.86871,36.66891],[-4.86832,36.66821],[-4.86772,36.66807],[-4.8674,36.6684],[-4.86766,36.66853],[-4.86774,36.66897],[-4.8671,36.66909],[-4.86703,36.66945],[-4.86709,36.66971],[-4.86601,36.67006],[-4.86577,36.66991]]],[[[-4.87205,36.6697],[-4.87006,36.67098],[-4.86925,36.67137],[-4.8672,36.67278],[-4.86697,36.67213],[-4.86748,36.67146],[-4.86833,36.67116],[-4.87004,36.67023],[-4.87211,36.66939],[-4.87315,36.66928],[-4.87384,36.66891],[-4.87339,36.66839],[-4.87411,36.66789],[-4.87514,36.66797],[-4.87455,36.669],[-4.87205,36.6697]]],[[[-4.92455,36.67544],[-4.92384,36.67483],[-4.92382,36.67414],[-4.92557,36.67357],[-4.92558,36.67423],[-4.9249,36.67492],[-4.92601,36.67556],[-4.92734,36.67512],[-4.92786,36.67502],[-4.92794,36.6759],[-4.92849,36.67599],[-4.92853,36.6762],[-4.9276,36.67631],[-4.92714,36.67613],[-4.92681,36.67623],[-4.92537,36.67566],[-4.92455,36.67544]]],[[[-4.88606,36.67649],[-4.88583,36.67584],[-4.88615,36.67581],[-4.88657,36.67565],[-4.8862,36.67613],[-4.8864,36.67621],[-4.88747,36.67567],[-4.88793,36.676],[-4.88717,36.67626],[-4.88606,36.67649]]],[[[-4.93063,36.67584],[-4.93053,36.67608],[-4.93008,36.67564],[-4.92935,36.67554],[-4.92879,36.67523],[-4.92973,36.675],[-4.93039,36.67539],[-4.93063,36.67584]]],[[[-4.89056,36.67876],[-4.89029,36.67895],[-4.89009,36.67838],[-4.89042,36.67791],[-4.89005,36.67766],[-4.88999,36.67722],[-4.89086,36.67669],[-4.89109,36.67702],[-4.89092,36.6773],[-4.89065,36.67746],[-4.89059,36.67776],[-4.89079,36.67809],[-4.89079,36.67839],[-4.89056,36.67876]]],[[[-4.88555,36.67832],[-4.88517,36.6784],[-4.88478,36.67816],[-4.88446,36.67775],[-4.88439,36.67723],[-4.88496,36.6774],[-4.88545,36.67743],[-4.88528,36.67781],[-4.88534,36.67797],[-4.88575,36.67823],[-4.88617,36.67832],[-4.88675,36.67869],[-4.88689,36.6787],[-4.88709,36.67832],[-4.8873,36.67865],[-4.88699,36.67868],[-4.88682,36.67885],[-4.88653,36.6789],[-4.88555,36.67832]]],[[[-4.89058,36.67908],[-4.89115,36.67842],[-4.89194,36.67833],[-4.89211,36.67853],[-4.89246,36.67865],[-4.89241,36.67888],[-4.89298,36.67883],[-4.89341,36.67866],[-4.89332,36.67897],[-4.89275,36.67923],[-4.8923,36.67929],[-4.89228,36.67907],[-4.89189,36.67862],[-4.89102,36.67916],[-4.89058,36.67908]]],[[[-4.90843,36.67871],[-4.90814,36.67848],[-4.90822,36.67841],[-4.90857,36.67865],[-4.90876,36.67859],[-4.90904,36.67898],[-4.90945,36.67898],[-4.90939,36.67916],[-4.90861,36.67913],[-4.90842,36.67888],[-4.90843,36.67871]]],[[[-4.92748,36.68018],[-4.92766,36.68018],[-4.92813,36.67938],[-4.92795,36.67925],[-4.9276,36.67877],[-4.9275,36.6788],[-4.9274,36.67756],[-4.92782,36.6773],[-4.9288,36.68013],[-4.92878,36.68018],[-4.92748,36.68018]]],[[[-4.88305,36.67906],[-4.88316,36.67952],[-4.88396,36.67997],[-4.88368,36.68016],[-4.88337,36.68011],[-4.88329,36.67977],[-4.88306,36.67956],[-4.88242,36.67953],[-4.88224,36.67892],[-4.88274,36.67886],[-4.88305,36.67906]]],[[[-4.92118,36.6781],[-4.92288,36.67795],[-4.9227,36.67856],[-4.92389,36.67936],[-4.92488,36.67963],[-4.92492,36.68018],[-4.92348,36.68018],[-4.92355,36.67952],[-4.92296,36.6791],[-4.92248,36.6791],[-4.92255,36.67948],[-4.92197,36.67925],[-4.92087,36.67958],[-4.92034,36.67906],[-4.92127,36.67851],[-4.92118,36.6781]]],[[[-4.92524,36.68018],[-4.92523,36.6797],[-4.92545,36.6787],[-4.92604,36.67995],[-4.92689,36.68018],[-4.92524,36.68018]]],[[[-4.75884,36.4868],[-4.7595,36.48683],[-4.7598,36.48675],[-4.75962,36.48736],[-4.75849,36.4871],[-4.75849,36.48706],[-4.75884,36.4868]]],[[[-4.77558,36.49012],[-4.77379,36.48964],[-4.77378,36.48955],[-4.77425,36.48966],[-4.77444,36.48961],[-4.77513,36.48972],[-4.77587,36.48992],[-4.77586,36.49002],[-4.77566,36.49],[-4.77558,36.49012]]],[[[-4.77971,36.49085],[-4.78006,36.49107],[-4.77996,36.49124],[-4.77925,36.49113],[-4.77869,36.4909],[-4.77818,36.4909],[-4.77783,36.49074],[-4.77649,36.49039],[-4.77649,36.49028],[-4.77659,36.49012],[-4.77776,36.49038],[-4.77919,36.49081],[-4.77931,36.49073],[-4.77971,36.49085]]],[[[-4.76038,36.49143],[-4.76039,36.49187],[-4.76122,36.49179],[-4.76129,36.4913],[-4.762,36.49108],[-4.76216,36.49125],[-4.76239,36.49124],[-4.76245,36.49146],[-4.76237,36.49176],[-4.76174,36.49209],[-4.76153,36.49201],[-4.76128,36.49218],[-4.76147,36.49256],[-4.76112,36.4928],[-4.75925,36.49266],[-4.75824,36.49268],[-4.75636,36.49322],[-4.75556,36.49326],[-4.75548,36.49248],[-4.75595,36.49224],[-4.75773,36.49184],[-4.75792,36.49257],[-4.75819,36.4925],[-4.75825,36.49207],[-4.75867,36.49199],[-4.75864,36.49167],[-4.76038,36.49143]]],[[[-4.76855,36.49196],[-4.76975,36.49292],[-4.77017,36.49303],[-4.77134,36.49306],[-4.77201,36.49332],[-4.77291,36.49327],[-4.77289,36.49314],[-4.77313,36.49304],[-4.77338,36.49279],[-4.77387,36.49275],[-4.77412,36.49343],[-4.77448,36.49386],[-4.77465,36.49404],[-4.77508,36.49412],[-4.77473,36.49456],[-4.7744,36.49471],[-4.77414,36.49472],[-4.76966,36.49419],[-4.76916,36.49408],[-4.76787,36.494],[-4.76775,36.49397],[-4.76771,36.4938],[-4.7676,36.49384],[-4.7674,36.49363],[-4.76683,36.49389],[-4.76581,36.4938],[-4.76502,36.49157],[-4.76561,36.49084],[-4.76645,36.49053],[-4.76678,36.49078],[-4.76669,36.49191],[-4.76779,36.49227],[-4.76831,36.49222],[-4.76855,36.49196]]],[[[-4.77929,36.49492],[-4.77913,36.49501],[-4.77776,36.49443],[-4.77739,36.49462],[-4.77647,36.49481],[-4.77596,36.4947],[-4.77601,36.49442],[-4.77587,36.49438],[-4.77576,36.49411],[-4.77621,36.4939],[-4.77878,36.49448],[-4.77927,36.49471],[-4.77929,36.49492]]],[[[-4.76677,36.49709],[-4.76626,36.49677],[-4.7664,36.49604],[-4.76748,36.4955],[-4.768,36.49431],[-4.7683,36.49441],[-4.76856,36.49434],[-4.76919,36.49441],[-4.77202,36.49475],[-4.77173,36.49681],[-4.77113,36.49676],[-4.76942,36.49594],[-4.76891,36.49586],[-4.76749,36.49687],[-4.76677,36.49709]]],[[[-4.77787,36.4969],[-4.7778,36.49715],[-4.77764,36.49723],[-4.77795,36.49798],[-4.7779,36.49823],[-4.77799,36.49874],[-4.77943,36.49878],[-4.77935,36.49912],[-4.77873,36.49955],[-4.77801,36.49911],[-4.77734,36.49925],[-4.77752,36.50001],[-4.77686,36.49976],[-4.77561,36.4999],[-4.77522,36.49966],[-4.77489,36.49916],[-4.77523,36.49636],[-4.77532,36.49613],[-4.7755,36.49604],[-4.77772,36.4963],[-4.77787,36.49557],[-4.77806,36.49559],[-4.7782,36.49546],[-4.77892,36.49557],[-4.77886,36.49628],[-4.77842,36.49659],[-4.77834,36.49701],[-4.77787,36.4969]]],[[[-4.77269,36.49948],[-4.77205,36.49953],[-4.77056,36.49951],[-4.76973,36.49923],[-4.76994,36.49889],[-4.76985,36.49857],[-4.76927,36.49858],[-4.76977,36.49799],[-4.77045,36.4975],[-4.77036,36.49719],[-4.77072,36.49673],[-4.77175,36.49702],[-4.77486,36.49678],[-4.77461,36.49901],[-4.77455,36.49907],[-4.77411,36.49903],[-4.77269,36.49948]]],[[[-4.77415,36.49927],[-4.77409,36.49941],[-4.77366,36.49964],[-4.77326,36.50013],[-4.77317,36.50041],[-4.77327,36.50137],[-4.77318,36.50166],[-4.7727,36.5014],[-4.77206,36.50241],[-4.77201,36.50216],[-4.77182,36.50212],[-4.77155,36.50136],[-4.77102,36.50039],[-4.77094,36.49994],[-4.771,36.49977],[-4.77228,36.4998],[-4.7727,36.49973],[-4.77395,36.49927],[-4.77415,36.49927]]],[[[-4.80247,36.50311],[-4.80242,36.50328],[-4.80303,36.50343],[-4.80258,36.50389],[-4.80167,36.50401],[-4.80073,36.50392],[-4.80059,36.50381],[-4.80045,36.5029],[-4.80173,36.50133],[-4.80341,36.50168],[-4.80454,36.502],[-4.80459,36.50211],[-4.80443,36.5023],[-4.80392,36.50262],[-4.80346,36.50273],[-4.80325,36.50296],[-4.80247,36.50311]]],[[[-4.77228,36.50513],[-4.77206,36.50507],[-4.77251,36.50413],[-4.77242,36.50403],[-4.77233,36.50411],[-4.77198,36.50412],[-4.77198,36.50399],[-4.77283,36.50283],[-4.7734,36.50226],[-4.77389,36.50211],[-4.77502,36.50192],[-4.77562,36.50162],[-4.77625,36.50151],[-4.77647,36.5013],[-4.77659,36.50144],[-4.77592,36.50183],[-4.77533,36.50231],[-4.77526,36.50259],[-4.77477,36.50306],[-4.77471,36.50342],[-4.77456,36.5035],[-4.77449,36.50343],[-4.77449,36.50306],[-4.77439,36.50279],[-4.77405,36.50286],[-4.77359,36.50309],[-4.77327,36.50313],[-4.77306,36.50339],[-4.77313,36.5036],[-4.77289,36.50465],[-4.77228,36.50513]]],[[[-4.84694,36.50487],[-4.84692,36.50494],[-4.84465,36.50454],[-4.84449,36.50462],[-4.84467,36.50411],[-4.84477,36.50408],[-4.84626,36.50469],[-4.84694,36.50487]]],[[[-4.84366,36.50622],[-4.84355,36.50575],[-4.84367,36.50517],[-4.84333,36.5049],[-4.84342,36.50443],[-4.8432,36.50383],[-4.8434,36.50391],[-4.84346,36.50419],[-4.84359,36.50429],[-4.84341,36.50466],[-4.8435,36.5049],[-4.84427,36.50539],[-4.84453,36.50539],[-4.84456,36.50556],[-4.84424,36.50589],[-4.84361,36.50632],[-4.84366,36.50622]]],[[[-4.84516,36.50522],[-4.84494,36.5051],[-4.84481,36.50509],[-4.84451,36.50528],[-4.84427,36.50525],[-4.84361,36.50479],[-4.84429,36.50512],[-4.84455,36.50481],[-4.84773,36.50537],[-4.84774,36.50542],[-4.84758,36.50573],[-4.84572,36.50523],[-4.84516,36.50522]]],[[[-4.81321,36.50617],[-4.81308,36.50606],[-4.81316,36.506],[-4.8134,36.50602],[-4.81357,36.50579],[-4.81405,36.50585],[-4.81425,36.50607],[-4.81404,36.50622],[-4.81419,36.50625],[-4.8146,36.50611],[-4.81445,36.50644],[-4.81444,36.50687],[-4.81425,36.50707],[-4.81411,36.50708],[-4.81387,36.50688],[-4.81372,36.50658],[-4.81347,36.5066],[-4.81326,36.50641],[-4.81321,36.50617]]],[[[-4.83944,36.50583],[-4.84029,36.50655],[-4.8404,36.50688],[-4.83628,36.50681],[-4.83618,36.50678],[-4.83619,36.50662],[-4.83723,36.50622],[-4.83944,36.50583]]],[[[-4.84397,36.50651],[-4.84483,36.50625],[-4.84489,36.50637],[-4.84463,36.50645],[-4.84424,36.50687],[-4.84391,36.50668],[-4.84397,36.50651]]],[[[-4.81325,36.5079],[-4.81312,36.50807],[-4.81261,36.50798],[-4.81198,36.50841],[-4.81149,36.50851],[-4.81191,36.50811],[-4.812,36.50785],[-4.81205,36.50713],[-4.81204,36.50702],[-4.81184,36.50695],[-4.81191,36.50676],[-4.81229,36.50688],[-4.81247,36.50717],[-4.81227,36.50784],[-4.81325,36.5079]]],[[[-4.84494,36.50711],[-4.84487,36.50711],[-4.84493,36.50698],[-4.8448,36.50687],[-4.8448,36.50677],[-4.84511,36.50678],[-4.84551,36.50777],[-4.84571,36.50795],[-4.84543,36.50796],[-4.84526,36.50743],[-4.84484,36.50719],[-4.84494,36.50711]]],[[[-4.82109,36.5068],[-4.82109,36.50661],[-4.82266,36.50682],[-4.82318,36.50673],[-4.82437,36.50682],[-4.82452,36.50693],[-4.8249,36.50795],[-4.82601,36.5089],[-4.82528,36.50869],[-4.82493,36.50804],[-4.82381,36.50745],[-4.82358,36.50707],[-4.82304,36.50715],[-4.82261,36.50709],[-4.82108,36.5071],[-4.82092,36.50704],[-4.82091,36.50692],[-4.82109,36.5068]]],[[[-4.84985,36.50701],[-4.84913,36.50883],[-4.8479,36.50842],[-4.84744,36.50806],[-4.84814,36.50616],[-4.85087,36.50684],[-4.85077,36.50706],[-4.84816,36.50648],[-4.84814,36.50653],[-4.84982,36.50694],[-4.84985,36.50701]]],[[[-4.85073,36.50719],[-4.85011,36.50905],[-4.84937,36.5089],[-4.85002,36.50702],[-4.85073,36.50719]]],[[[-4.8504,36.50911],[-4.85075,36.50803],[-4.85142,36.50819],[-4.85104,36.50932],[-4.8504,36.50911]]],[[[-4.8485,36.50872],[-4.84909,36.50898],[-4.84898,36.50949],[-4.84862,36.50944],[-4.84828,36.50972],[-4.8485,36.50872]]],[[[-4.84199,36.50932],[-4.84154,36.51008],[-4.84117,36.5105],[-4.84114,36.51035],[-4.841,36.51031],[-4.84104,36.51021],[-4.84159,36.50986],[-4.84181,36.50934],[-4.84191,36.50932],[-4.84187,36.5091],[-4.842,36.50906],[-4.84199,36.50932]]],[[[-4.8493,36.50905],[-4.84998,36.50924],[-4.84969,36.51042],[-4.84921,36.51042],[-4.84897,36.51032],[-4.8493,36.50905]]],[[[-4.82381,36.50843],[-4.82365,36.50823],[-4.82322,36.508],[-4.82112,36.50735],[-4.8204,36.5072],[-4.81958,36.50721],[-4.81914,36.50711],[-4.81836,36.50677],[-4.81794,36.50627],[-4.81818,36.5063],[-4.8185,36.50667],[-4.81928,36.50697],[-4.82089,36.50712],[-4.82287,36.50771],[-4.82352,36.50794],[-4.82381,36.50812],[-4.824,36.50846],[-4.82447,36.50851],[-4.82456,36.50859],[-4.82436,36.50857],[-4.8243,36.50865],[-4.82411,36.50906],[-4.82392,36.50923],[-4.82388,36.50957],[-4.82396,36.50991],[-4.82418,36.50992],[-4.82462,36.50952],[-4.82464,36.50959],[-4.82446,36.50971],[-4.82437,36.50997],[-4.82403,36.51021],[-4.82472,36.51053],[-4.82508,36.5108],[-4.8256,36.51142],[-4.8257,36.51167],[-4.82578,36.51205],[-4.8257,36.51282],[-4.82581,36.51304],[-4.82624,36.51349],[-4.82634,36.51375],[-4.82627,36.51445],[-4.82593,36.5146],[-4.82587,36.5145],[-4.82613,36.51414],[-4.82617,36.51384],[-4.82607,36.51358],[-4.8255,36.5128],[-4.82563,36.51217],[-4.82536,36.51141],[-4.8251,36.51103],[-4.82472,36.51072],[-4.82388,36.51031],[-4.82365,36.51008],[-4.82354,36.50974],[-4.82353,36.50936],[-4.8238,36.50868],[-4.82381,36.50843]]],[[[-4.85035,36.51079],[-4.84997,36.51049],[-4.85032,36.50934],[-4.85099,36.50952],[-4.85065,36.51079],[-4.85035,36.51079]]],[[[-4.82304,36.51215],[-4.82348,36.51214],[-4.82344,36.51139],[-4.82308,36.51138],[-4.82264,36.51119],[-4.82137,36.51112],[-4.82136,36.51104],[-4.82224,36.51065],[-4.82275,36.50927],[-4.82288,36.50924],[-4.82312,36.50949],[-4.82308,36.51012],[-4.82355,36.51074],[-4.82418,36.51085],[-4.8242,36.51221],[-4.82188,36.51276],[-4.82304,36.51215]]],[[[-4.85133,36.51199],[-4.85062,36.51228],[-4.8503,36.51253],[-4.84941,36.51219],[-4.84829,36.51025],[-4.84914,36.51055],[-4.84957,36.51061],[-4.84974,36.51074],[-4.84988,36.51074],[-4.85037,36.51097],[-4.85063,36.51098],[-4.85094,36.51085],[-4.85216,36.51003],[-4.85237,36.51019],[-4.85169,36.51078],[-4.85159,36.51173],[-4.85133,36.51199]]],[[[-4.81371,36.51363],[-4.81421,36.51348],[-4.81428,36.5123],[-4.81415,36.51164],[-4.81444,36.5112],[-4.81475,36.5103],[-4.8148,36.50928],[-4.81496,36.50923],[-4.81504,36.50914],[-4.815,36.50893],[-4.81575,36.5081],[-4.81735,36.51065],[-4.81715,36.5112],[-4.81732,36.51139],[-4.81797,36.51166],[-4.81817,36.51183],[-4.81825,36.51214],[-4.81818,36.51246],[-4.81798,36.51272],[-4.818,36.51288],[-4.81829,36.51305],[-4.81807,36.51339],[-4.81773,36.51496],[-4.81578,36.51547],[-4.81339,36.51624],[-4.81379,36.51545],[-4.81383,36.515],[-4.81363,36.51442],[-4.81371,36.51363]]],[[[-4.81174,36.51245],[-4.81157,36.51237],[-4.81136,36.51243],[-4.81117,36.51266],[-4.81107,36.513],[-4.81162,36.5134],[-4.81133,36.51351],[-4.81139,36.51397],[-4.811,36.51454],[-4.81111,36.51461],[-4.81107,36.51496],[-4.81086,36.51519],[-4.81085,36.51545],[-4.81014,36.51616],[-4.80832,36.51585],[-4.80704,36.51575],[-4.80641,36.51519],[-4.80583,36.51499],[-4.80609,36.51434],[-4.80667,36.51398],[-4.80669,36.51349],[-4.80646,36.5131],[-4.80668,36.51283],[-4.80712,36.51262],[-4.80701,36.51222],[-4.8071,36.5119],[-4.80726,36.51174],[-4.80748,36.51168],[-4.80818,36.51175],[-4.80838,36.51189],[-4.80819,36.51243],[-4.80826,36.51323],[-4.80811,36.51382],[-4.80787,36.51427],[-4.80816,36.5144],[-4.80861,36.51422],[-4.80884,36.5138],[-4.80865,36.51312],[-4.8089,36.51252],[-4.8088,36.51185],[-4.8091,36.51144],[-4.80911,36.51114],[-4.80925,36.5108],[-4.80976,36.51012],[-4.8103,36.50972],[-4.81043,36.50976],[-4.81027,36.50983],[-4.81021,36.50997],[-4.81024,36.51018],[-4.81053,36.51058],[-4.81098,36.51069],[-4.81112,36.51066],[-4.81124,36.51076],[-4.81142,36.51112],[-4.81139,36.51173],[-4.81099,36.51186],[-4.81038,36.51249],[-4.80993,36.51252],[-4.80959,36.51273],[-4.80962,36.51209],[-4.80933,36.51209],[-4.80933,36.51283],[-4.80897,36.51393],[-4.8092,36.51428],[-4.80912,36.51439],[-4.80885,36.51445],[-4.80808,36.51483],[-4.80775,36.51485],[-4.80767,36.51508],[-4.80812,36.51526],[-4.80841,36.51528],[-4.80913,36.51505],[-4.80949,36.51503],[-4.80971,36.51483],[-4.81015,36.51411],[-4.80976,36.51388],[-4.80956,36.51317],[-4.80982,36.51302],[-4.80998,36.51306],[-4.81066,36.51228],[-4.81104,36.51202],[-4.81165,36.51186],[-4.81182,36.512],[-4.81196,36.51233],[-4.81174,36.51245]]],[[[-4.82397,36.51259],[-4.82422,36.51265],[-4.82437,36.51302],[-4.82458,36.51299],[-4.82467,36.51327],[-4.82421,36.51351],[-4.82364,36.51329],[-4.82357,36.51301],[-4.82256,36.51307],[-4.82273,36.51286],[-4.82306,36.51272],[-4.82397,36.51259]]],[[[-4.76267,36.5262],[-4.7628,36.52577],[-4.76289,36.52573],[-4.76259,36.5265],[-4.76266,36.52686],[-4.76257,36.52698],[-4.76242,36.52707],[-4.76155,36.52692],[-4.76137,36.52703],[-4.7611,36.52773],[-4.76047,36.5279],[-4.76026,36.52815],[-4.76052,36.52924],[-4.76032,36.52928],[-4.75969,36.52905],[-4.75946,36.52909],[-4.75927,36.52922],[-4.75908,36.52919],[-4.7585,36.52868],[-4.75813,36.52879],[-4.75767,36.52878],[-4.75748,36.52855],[-4.75764,36.52847],[-4.75806,36.52851],[-4.75925,36.52825],[-4.75984,36.52775],[-4.76033,36.52757],[-4.76079,36.52754],[-4.76091,36.52744],[-4.76105,36.52717],[-4.76101,36.52699],[-4.76071,36.52667],[-4.76089,36.52654],[-4.76158,36.5262],[-4.76254,36.52631],[-4.76267,36.5262]]],[[[-4.8418,36.56132],[-4.84182,36.56168],[-4.84152,36.5618],[-4.84104,36.56181],[-4.84031,36.5616],[-4.83992,36.56162],[-4.8398,36.56153],[-4.83979,36.56138],[-4.84094,36.5608],[-4.84155,36.5608],[-4.84166,36.56116],[-4.8418,36.56132]]],[[[-4.84535,36.56195],[-4.84402,36.56138],[-4.84379,36.56143],[-4.84379,36.56176],[-4.84366,36.56189],[-4.84323,36.5619],[-4.84295,36.56182],[-4.84302,36.56158],[-4.84357,36.56085],[-4.84389,36.56082],[-4.84468,36.56107],[-4.84521,36.56105],[-4.84659,36.5607],[-4.84852,36.56093],[-4.84881,36.56113],[-4.84904,36.56146],[-4.84928,36.56256],[-4.84921,36.56399],[-4.84911,36.56429],[-4.84922,36.56462],[-4.84913,36.56484],[-4.84886,36.56484],[-4.84857,36.56378],[-4.84837,36.56347],[-4.84701,36.56251],[-4.84596,36.56224],[-4.84563,36.56225],[-4.84535,36.56195]]],[[[-4.8501,36.52449],[-4.85242,36.5247],[-4.85431,36.52452],[-4.85558,36.52419],[-4.85689,36.52369],[-4.85989,36.52222],[-4.86143,36.52171],[-4.86343,36.52135],[-4.86352,36.52192],[-4.86283,36.52228],[-4.86247,36.52272],[-4.86194,36.52405],[-4.86198,36.52435],[-4.86241,36.52469],[-4.86901,36.52479],[-4.86965,36.52459],[-4.87001,36.52404],[-4.87019,36.52311],[-4.87216,36.52288],[-4.87251,36.52323],[-4.87285,36.52343],[-4.87357,36.52353],[-4.87457,36.52333],[-4.87589,36.52265],[-4.87694,36.52234],[-4.87676,36.5226],[-4.87676,36.52331],[-4.87647,36.52335],[-4.87648,36.52362],[-4.87635,36.52393],[-4.87556,36.52477],[-4.87795,36.52594],[-4.88052,36.52582],[-4.88136,36.52566],[-4.88138,36.52643],[-4.88162,36.52735],[-4.88158,36.5279],[-4.88127,36.52838],[-4.88102,36.52859],[-4.87942,36.52912],[-4.87752,36.53024],[-4.87576,36.53083],[-4.87526,36.53107],[-4.87358,36.53231],[-4.87245,36.53296],[-4.86924,36.53395],[-4.86893,36.53416],[-4.86559,36.53733],[-4.86532,36.53774],[-4.8643,36.54244],[-4.86406,36.54312],[-4.86338,36.54386],[-4.86191,36.54483],[-4.86136,36.54571],[-4.86114,36.54636],[-4.86119,36.54686],[-4.86088,36.54825],[-4.86028,36.54855],[-4.86016,36.5487],[-4.86034,36.54899],[-4.86063,36.54917],[-4.86067,36.54927],[-4.86048,36.54952],[-4.86049,36.54966],[-4.86071,36.54992],[-4.8596,36.55068],[-4.85963,36.55103],[-4.85999,36.5515],[-4.86051,36.55165],[-4.86061,36.55177],[-4.86062,36.55225],[-4.86074,36.55245],[-4.86155,36.55312],[-4.86134,36.55344],[-4.86026,36.55366],[-4.8601,36.55374],[-4.86002,36.55393],[-4.86104,36.5549],[-4.86122,36.55525],[-4.86125,36.55608],[-4.86141,36.55628],[-4.86165,36.55634],[-4.86169,36.55645],[-4.86154,36.55651],[-4.86063,36.55654],[-4.86039,36.55643],[-4.86002,36.55579],[-4.85986,36.5552],[-4.85958,36.55513],[-4.8591,36.55515],[-4.85851,36.5553],[-4.85773,36.55532],[-4.85706,36.55524],[-4.85641,36.55501],[-4.85601,36.55434],[-4.85568,36.55418],[-4.85499,36.55406],[-4.85456,36.5541],[-4.85426,36.5543],[-4.8542,36.55454],[-4.85404,36.55472],[-4.85383,36.55481],[-4.85355,36.55483],[-4.85323,36.55474],[-4.85293,36.55455],[-4.85261,36.55452],[-4.85252,36.55494],[-4.85219,36.55533],[-4.85095,36.5563],[-4.85069,36.55665],[-4.85068,36.55704],[-4.8508,36.55741],[-4.85118,36.55777],[-4.85099,36.55874],[-4.85071,36.55901],[-4.85017,36.55924],[-4.84938,36.55998],[-4.84918,36.55978],[-4.84919,36.56019],[-4.84908,36.56025],[-4.84823,36.56041],[-4.84684,36.56007],[-4.84661,36.56016],[-4.84635,36.5605],[-4.84602,36.56055],[-4.84547,36.56058],[-4.84505,36.56043],[-4.84456,36.56039],[-4.8443,36.56049],[-4.84312,36.56036],[-4.8424,36.56042],[-4.84182,36.56035],[-4.84164,36.56016],[-4.84167,36.5598],[-4.84185,36.55959],[-4.83959,36.55966],[-4.8398,36.56009],[-4.84005,36.56018],[-4.83967,36.56113],[-4.83899,36.56131],[-4.8381,36.56121],[-4.83791,36.56142],[-4.83761,36.56135],[-4.83755,36.56148],[-4.83735,36.56143],[-4.83734,36.56129],[-4.83689,36.56127],[-4.83658,36.56113],[-4.83634,36.56131],[-4.83563,36.5605],[-4.83549,36.56013],[-4.83552,36.55997],[-4.83474,36.56183],[-4.83324,36.56272],[-4.83224,36.56294],[-4.83205,36.56328],[-4.83158,36.56342],[-4.83087,36.56382],[-4.83024,36.56407],[-4.83042,36.56428],[-4.83076,36.56446],[-4.83067,36.56552],[-4.83046,36.56592],[-4.82977,36.56619],[-4.82929,36.56617],[-4.82901,36.56628],[-4.82774,36.56747],[-4.8277,36.56823],[-4.82748,36.5685],[-4.82714,36.56947],[-4.8274,36.56967],[-4.82767,36.57019],[-4.8282,36.57067],[-4.82831,36.57107],[-4.82812,36.5715],[-4.82814,36.57165],[-4.82836,36.57186],[-4.82868,36.57192],[-4.82883,36.57218],[-4.82854,36.57271],[-4.82317,36.57741],[-4.8228,36.58192],[-4.82203,36.5869],[-4.82332,36.5905],[-4.8245,36.58987],[-4.82516,36.58935],[-4.82548,36.5889],[-4.82583,36.58886],[-4.82625,36.58916],[-4.82671,36.58987],[-4.82912,36.59124],[-4.83055,36.59187],[-4.83069,36.5923],[-4.83067,36.59274],[-4.83109,36.5931],[-4.83151,36.59399],[-4.83197,36.59427],[-4.83214,36.59504],[-4.83249,36.59546],[-4.83252,36.59603],[-4.8328,36.59643],[-4.83284,36.59718],[-4.83309,36.59756],[-4.83263,36.59788],[-4.83118,36.59963],[-4.82995,36.60052],[-4.83044,36.60111],[-4.8303,36.60226],[-4.83001,36.60326],[-4.82993,36.60467],[-4.83033,36.60553],[-4.8305,36.6065],[-4.8303,36.60685],[-4.82991,36.6069],[-4.8296,36.60663],[-4.82882,36.6065],[-4.82822,36.60756],[-4.82754,36.60841],[-4.82776,36.60902],[-4.82834,36.60906],[-4.82852,36.60855],[-4.82899,36.60807],[-4.83037,36.6073],[-4.83072,36.60754],[-4.82986,36.60852],[-4.83017,36.6088],[-4.83083,36.60905],[-4.83098,36.60969],[-4.83099,36.61037],[-4.83145,36.61057],[-4.83243,36.61007],[-4.83378,36.60968],[-4.83448,36.60986],[-4.83519,36.61033],[-4.8359,36.61056],[-4.83624,36.61098],[-4.83636,36.61173],[-4.83549,36.61155],[-4.83478,36.61193],[-4.83388,36.61166],[-4.83246,36.61252],[-4.83158,36.6124],[-4.83099,36.61277],[-4.83009,36.61279],[-4.82777,36.61253],[-4.8264,36.61352],[-4.82575,36.61367],[-4.82539,36.61352],[-4.82419,36.61206],[-4.8237,36.61185],[-4.82371,36.61161],[-4.82356,36.61162],[-4.82304,36.61188],[-4.8228,36.61218],[-4.82234,36.61325],[-4.82154,36.61393],[-4.82144,36.61428],[-4.82092,36.61422],[-4.82005,36.61457],[-4.81815,36.61465],[-4.81794,36.61402],[-4.81719,36.61402],[-4.81597,36.61404],[-4.81527,36.61438],[-4.81473,36.6148],[-4.81394,36.61505],[-4.81288,36.61483],[-4.81229,36.61478],[-4.81167,36.61501],[-4.81135,36.61502],[-4.81132,36.61454],[-4.81018,36.61428],[-4.80972,36.61437],[-4.80828,36.61435],[-4.80762,36.61441],[-4.80707,36.61461],[-4.80717,36.6148],[-4.80684,36.61542],[-4.8069,36.61566],[-4.8071,36.61574],[-4.80742,36.61565],[-4.80775,36.61537],[-4.80794,36.61506],[-4.80801,36.61468],[-4.80824,36.61448],[-4.80846,36.61448],[-4.80898,36.61487],[-4.80954,36.61502],[-4.80992,36.6152],[-4.81003,36.61549],[-4.80988,36.61564],[-4.80898,36.61557],[-4.8087,36.61563],[-4.80854,36.61586],[-4.8086,36.61603],[-4.80896,36.61603],[-4.80927,36.6159],[-4.80952,36.61591],[-4.80951,36.61644],[-4.80929,36.61649],[-4.80919,36.61669],[-4.80938,36.617],[-4.80943,36.61762],[-4.80908,36.61792],[-4.80796,36.61769],[-4.80748,36.61749],[-4.80674,36.61701],[-4.80642,36.61668],[-4.80633,36.61605],[-4.8062,36.61598],[-4.80591,36.6168],[-4.806,36.61731],[-4.80592,36.61751],[-4.80498,36.61764],[-4.80469,36.61776],[-4.80462,36.61798],[-4.80474,36.61821],[-4.80455,36.61837],[-4.80354,36.61834],[-4.80339,36.61848],[-4.80341,36.61861],[-4.80459,36.61861],[-4.80478,36.61878],[-4.80483,36.61917],[-4.80463,36.61948],[-4.80442,36.61958],[-4.80381,36.61952],[-4.80321,36.61957],[-4.80305,36.61971],[-4.80324,36.61992],[-4.80346,36.61996],[-4.80446,36.6197],[-4.80509,36.61974],[-4.80552,36.6199],[-4.80565,36.62015],[-4.80552,36.62074],[-4.8057,36.62158],[-4.80568,36.62199],[-4.80554,36.62228],[-4.80485,36.62289],[-4.80439,36.62349],[-4.80378,36.62511],[-4.80313,36.62621],[-4.80279,36.62724],[-4.80272,36.62843],[-4.80289,36.62854],[-4.80343,36.62852],[-4.80376,36.62861],[-4.80435,36.62893],[-4.80228,36.62923],[-4.80218,36.6289],[-4.80207,36.62892],[-4.80207,36.62908],[-4.8018,36.62914],[-4.80174,36.62942],[-4.79974,36.62971],[-4.79968,36.62956],[-4.80044,36.62765],[-4.80084,36.62757],[-4.80147,36.62773],[-4.80171,36.62759],[-4.80174,36.6268],[-4.80126,36.62626],[-4.80092,36.62569],[-4.80064,36.62508],[-4.8006,36.62464],[-4.79989,36.62318],[-4.79963,36.62304],[-4.79899,36.62295],[-4.79882,36.62284],[-4.79864,36.62287],[-4.79835,36.62271],[-4.79803,36.62165],[-4.79787,36.62186],[-4.7979,36.62259],[-4.79803,36.62279],[-4.79972,36.62332],[-4.80052,36.62557],[-4.80099,36.62638],[-4.80139,36.62671],[-4.80148,36.62696],[-4.80142,36.6273],[-4.80128,36.62739],[-4.80119,36.62732],[-4.8012,36.62697],[-4.80091,36.62693],[-4.80062,36.62701],[-4.79981,36.62771],[-4.79978,36.62818],[-4.79943,36.62858],[-4.79819,36.62887],[-4.79684,36.62895],[-4.7956,36.62967],[-4.79505,36.62987],[-4.79478,36.63014],[-4.79464,36.63057],[-4.79432,36.63073],[-4.79379,36.63077],[-4.7932,36.63071],[-4.79282,36.63084],[-4.79252,36.63077],[-4.79181,36.63091],[-4.79136,36.63089],[-4.79095,36.6307],[-4.79045,36.63019],[-4.78964,36.63024],[-4.78927,36.63003],[-4.78868,36.62954],[-4.78861,36.62938],[-4.78868,36.62929],[-4.78892,36.62923],[-4.78901,36.62906],[-4.78913,36.62834],[-4.78907,36.62811],[-4.78889,36.62798],[-4.78861,36.628],[-4.78815,36.62853],[-4.78802,36.62926],[-4.78674,36.62965],[-4.7865,36.62965],[-4.78626,36.62954],[-4.78619,36.62925],[-4.78626,36.62901],[-4.78672,36.62872],[-4.78677,36.62851],[-4.78659,36.62829],[-4.78655,36.62799],[-4.78685,36.62767],[-4.78757,36.62747],[-4.78823,36.62684],[-4.78826,36.62654],[-4.78788,36.62633],[-4.7878,36.62615],[-4.7879,36.62592],[-4.78889,36.62516],[-4.78944,36.62501],[-4.79007,36.62497],[-4.79066,36.62475],[-4.79092,36.62458],[-4.79164,36.62284],[-4.79236,36.62196],[-4.79294,36.62171],[-4.79293,36.62153],[-4.79209,36.62103],[-4.79055,36.6208],[-4.7902,36.62052],[-4.79007,36.62004],[-4.78987,36.61972],[-4.78945,36.61974],[-4.7888,36.62005],[-4.78833,36.62007],[-4.78815,36.61997],[-4.78893,36.6196],[-4.79083,36.61814],[-4.79216,36.61732],[-4.79296,36.61732],[-4.7935,36.61723],[-4.79419,36.61696],[-4.79452,36.61664],[-4.79459,36.61648],[-4.79435,36.61638],[-4.79403,36.61636],[-4.7934,36.6165],[-4.79328,36.6166],[-4.79312,36.61657],[-4.79307,36.61674],[-4.79269,36.61673],[-4.79229,36.61695],[-4.79121,36.61706],[-4.79096,36.61702],[-4.79079,36.61695],[-4.79073,36.61679],[-4.79106,36.61567],[-4.79076,36.61554],[-4.78983,36.61611],[-4.78908,36.61699],[-4.78813,36.61745],[-4.78793,36.61743],[-4.78756,36.61713],[-4.7869,36.61691],[-4.78685,36.61728],[-4.78714,36.61757],[-4.7857,36.6185],[-4.78432,36.61888],[-4.78427,36.61922],[-4.78395,36.61978],[-4.78311,36.61988],[-4.78224,36.62176],[-4.78153,36.6229],[-4.78133,36.62417],[-4.78073,36.62515],[-4.78072,36.62587],[-4.78031,36.62654],[-4.77912,36.62978],[-4.77897,36.62973],[-4.77928,36.62796],[-4.77945,36.62635],[-4.77944,36.62458],[-4.77938,36.62399],[-4.77861,36.62263],[-4.77846,36.62174],[-4.77725,36.62027],[-4.77699,36.61955],[-4.7761,36.61902],[-4.77564,36.61898],[-4.77485,36.61927],[-4.77436,36.61998],[-4.77374,36.62022],[-4.77322,36.62007],[-4.7738,36.61903],[-4.77428,36.61724],[-4.77291,36.61646],[-4.7729,36.61717],[-4.77272,36.61745],[-4.77223,36.61735],[-4.77126,36.61631],[-4.76923,36.61474],[-4.76522,36.61355],[-4.7645,36.61307],[-4.76438,36.61257],[-4.75668,36.61409],[-4.75673,36.61458],[-4.75153,36.61454],[-4.75104,36.61468],[-4.75059,36.61493],[-4.75062,36.61519],[-4.75094,36.61547],[-4.75129,36.61558],[-4.75145,36.61583],[-4.75138,36.61616],[-4.75118,36.61629],[-4.75053,36.61642],[-4.75055,36.61656],[-4.75073,36.61678],[-4.7507,36.61693],[-4.74725,36.62136],[-4.74746,36.62157],[-4.74746,36.62146],[-4.75087,36.61699],[-4.75147,36.61645],[-4.75266,36.61628],[-4.75323,36.61634],[-4.75391,36.61618],[-4.75448,36.61622],[-4.75477,36.61644],[-4.7551,36.61653],[-4.75551,36.61627],[-4.75572,36.61603],[-4.75614,36.61598],[-4.75646,36.61604],[-4.75663,36.61627],[-4.75563,36.61901],[-4.75561,36.61957],[-4.75609,36.62103],[-4.75596,36.62252],[-4.75163,36.62422],[-4.75165,36.62451],[-4.75202,36.62432],[-4.75223,36.62453],[-4.75248,36.62452],[-4.75264,36.62444],[-4.75265,36.62407],[-4.75596,36.62279],[-4.75608,36.6228],[-4.75618,36.62344],[-4.75605,36.62715],[-4.75622,36.62873],[-4.75643,36.62945],[-4.75632,36.62961],[-4.74972,36.63268],[-4.74828,36.63344],[-4.74831,36.6335],[-4.76003,36.6281],[-4.76024,36.62819],[-4.76022,36.62853],[-4.76075,36.62916],[-4.76115,36.62938],[-4.76174,36.62935],[-4.7638,36.62877],[-4.76444,36.62814],[-4.76534,36.62793],[-4.76587,36.62758],[-4.76549,36.62704],[-4.76537,36.62658],[-4.76562,36.62628],[-4.7661,36.62605],[-4.76625,36.62475],[-4.76644,36.62391],[-4.76676,36.62334],[-4.76728,36.62303],[-4.76818,36.62285],[-4.7684,36.62308],[-4.7682,36.62331],[-4.76738,36.62378],[-4.76778,36.62375],[-4.76896,36.62301],[-4.76903,36.62335],[-4.76831,36.62382],[-4.76782,36.62429],[-4.76757,36.6252],[-4.76718,36.62539],[-4.76714,36.62568],[-4.7673,36.62586],[-4.76812,36.62527],[-4.76869,36.6251],[-4.76966,36.62547],[-4.76945,36.62626],[-4.76978,36.6271],[-4.76973,36.62728],[-4.77006,36.62796],[-4.76984,36.62891],[-4.76963,36.62946],[-4.76938,36.62969],[-4.76938,36.62994],[-4.7699,36.62998],[-4.76986,36.63019],[-4.76913,36.63015],[-4.76852,36.62992],[-4.76801,36.62983],[-4.76764,36.62994],[-4.76696,36.62996],[-4.76613,36.63018],[-4.76514,36.62996],[-4.7642,36.62988],[-4.76373,36.62996],[-4.76358,36.63085],[-4.76359,36.63187],[-4.76623,36.63178],[-4.76619,36.63202],[-4.76938,36.63176],[-4.76989,36.63178],[-4.77065,36.63213],[-4.7709,36.63242],[-4.77115,36.63252],[-4.7713,36.63284],[-4.77093,36.63295],[-4.77118,36.63369],[-4.77101,36.63394],[-4.77031,36.63409],[-4.77018,36.6335],[-4.76998,36.63338],[-4.76832,36.63385],[-4.7661,36.63481],[-4.76567,36.63471],[-4.76557,36.63428],[-4.76512,36.63436],[-4.76328,36.63522],[-4.76319,36.63558],[-4.75964,36.63652],[-4.7486,36.63839],[-4.74792,36.63843],[-4.74547,36.63827],[-4.74751,36.63397],[-4.74793,36.63349],[-4.74766,36.63349],[-4.74527,36.63822],[-4.74489,36.63815],[-4.74478,36.63805],[-4.74476,36.63787],[-4.74528,36.63703],[-4.74516,36.63686],[-4.74461,36.63702],[-4.74406,36.63622],[-4.74501,36.63558],[-4.74551,36.63461],[-4.74573,36.63451],[-4.74517,36.63387],[-4.74502,36.63385],[-4.74452,36.63422],[-4.7434,36.63475],[-4.7429,36.6351],[-4.74272,36.63532],[-4.74252,36.63606],[-4.74236,36.63514],[-4.74152,36.63398],[-4.7414,36.63356],[-4.74126,36.63219],[-4.74107,36.63176],[-4.74086,36.63136],[-4.74053,36.63103],[-4.73952,36.6303],[-4.73913,36.62978],[-4.73889,36.62905],[-4.73875,36.62798],[-4.73767,36.62666],[-4.73748,36.62631],[-4.73716,36.62537],[-4.73696,36.62441],[-4.73701,36.62409],[-4.73642,36.62331],[-4.73558,36.62265],[-4.73551,36.6222],[-4.73473,36.62232],[-4.73379,36.62205],[-4.733,36.62168],[-4.73177,36.62082],[-4.7313,36.62026],[-4.73085,36.61994],[-4.73076,36.61976],[-4.73054,36.61581],[-4.73049,36.61253],[-4.73026,36.6125],[-4.73056,36.61956],[-4.73029,36.61936],[-4.73009,36.619],[-4.72988,36.61883],[-4.72876,36.61837],[-4.72771,36.61774],[-4.72639,36.61574],[-4.72592,36.61518],[-4.72554,36.61493],[-4.72508,36.6148],[-4.72448,36.61478],[-4.7232,36.61517],[-4.72269,36.61518],[-4.72153,36.61498],[-4.72003,36.6153],[-4.71844,36.61527],[-4.718,36.61533],[-4.71741,36.61551],[-4.71673,36.616],[-4.71639,36.61653],[-4.71609,36.6173],[-4.7159,36.61755],[-4.71544,36.61785],[-4.71508,36.61796],[-4.71375,36.618],[-4.71336,36.61813],[-4.71241,36.61892],[-4.71164,36.61924],[-4.70984,36.61931],[-4.70949,36.61941],[-4.70893,36.61971],[-4.70781,36.61928],[-4.708,36.61904],[-4.71003,36.61498],[-4.7121,36.61148],[-4.71735,36.60914],[-4.71762,36.60647],[-4.72056,36.60321],[-4.72036,36.60175],[-4.72132,36.6004],[-4.72199,36.59904],[-4.7206,36.59751],[-4.71835,36.59941],[-4.71415,36.59957],[-4.70919,36.60203],[-4.70879,36.60201],[-4.70781,36.60216],[-4.70741,36.60212],[-4.70708,36.60197],[-4.70622,36.60097],[-4.70517,36.60038],[-4.70496,36.6001],[-4.70455,36.59895],[-4.70464,36.59837],[-4.70482,36.59808],[-4.70528,36.59769],[-4.70541,36.59774],[-4.70549,36.59801],[-4.7054,36.59831],[-4.70475,36.59839],[-4.7049,36.5994],[-4.70551,36.59907],[-4.70584,36.59898],[-4.70556,36.59865],[-4.70553,36.59849],[-4.7059,36.59798],[-4.70575,36.59772],[-4.70612,36.59765],[-4.70644,36.59782],[-4.70679,36.59784],[-4.70732,36.59743],[-4.70781,36.59725],[-4.7064,36.59579],[-4.70606,36.59466],[-4.70608,36.59434],[-4.70622,36.59403],[-4.70739,36.59241],[-4.70763,36.59178],[-4.70719,36.58908],[-4.70727,36.58768],[-4.70716,36.5859],[-4.70697,36.58486],[-4.70703,36.58437],[-4.70758,36.58287],[-4.70756,36.58247],[-4.70724,36.58172],[-4.70723,36.5815],[-4.70749,36.58094],[-4.70808,36.58051],[-4.70826,36.58068],[-4.71003,36.5801],[-4.70984,36.5798],[-4.70954,36.57984],[-4.70915,36.57944],[-4.70924,36.57923],[-4.7092,36.57892],[-4.70898,36.57857],[-4.70854,36.57865],[-4.7084,36.57878],[-4.7084,36.57894],[-4.70815,36.57901],[-4.70709,36.5783],[-4.70689,36.57799],[-4.70685,36.57769],[-4.70699,36.57688],[-4.70688,36.57626],[-4.70663,36.576],[-4.70566,36.57557],[-4.70529,36.57532],[-4.70425,36.57418],[-4.70218,36.57277],[-4.70155,36.57021],[-4.70033,36.56908],[-4.7,36.56798],[-4.7,36.56311],[-4.7174,36.55471],[-4.71878,36.55343],[-4.71881,36.55242],[-4.72222,36.55129],[-4.72538,36.55056],[-4.72878,36.55192],[-4.72941,36.55163],[-4.72993,36.55106],[-4.73021,36.55052],[-4.73258,36.55089],[-4.73464,36.55102],[-4.7346,36.55077],[-4.73436,36.55052],[-4.73324,36.54982],[-4.73339,36.54943],[-4.73406,36.54913],[-4.7352,36.54769],[-4.736,36.54653],[-4.73637,36.5464],[-4.73666,36.54578],[-4.73896,36.54611],[-4.74695,36.5469],[-4.76012,36.54585],[-4.76363,36.54355],[-4.76468,36.54325],[-4.76205,36.53976],[-4.76063,36.53668],[-4.76041,36.53215],[-4.7603,36.53154],[-4.76077,36.53144],[-4.76091,36.53125],[-4.76098,36.53096],[-4.76004,36.53097],[-4.7592,36.53122],[-4.75888,36.53118],[-4.75847,36.53088],[-4.75688,36.53016],[-4.75666,36.52995],[-4.75639,36.52944],[-4.75609,36.52931],[-4.75576,36.52926],[-4.75571,36.52908],[-4.7565,36.52893],[-4.75705,36.52841],[-4.75725,36.52848],[-4.75735,36.52873],[-4.75761,36.52892],[-4.75864,36.52897],[-4.75895,36.52932],[-4.75914,36.5294],[-4.75966,36.52924],[-4.76037,36.52948],[-4.76063,36.52941],[-4.76074,36.52922],[-4.76049,36.52825],[-4.76054,36.52811],[-4.76086,36.52792],[-4.76119,36.52787],[-4.76136,36.52773],[-4.7615,36.52716],[-4.7616,36.52706],[-4.76235,36.52721],[-4.76271,36.52715],[-4.76283,36.52693],[-4.76278,36.52661],[-4.76297,36.52593],[-4.76363,36.52532],[-4.76394,36.52475],[-4.76422,36.52446],[-4.76406,36.52397],[-4.76425,36.52385],[-4.76471,36.52423],[-4.7652,36.52425],[-4.76585,36.52378],[-4.76635,36.5233],[-4.76662,36.5232],[-4.76696,36.5229],[-4.76692,36.52226],[-4.76717,36.52187],[-4.76715,36.52152],[-4.76705,36.52139],[-4.76606,36.52084],[-4.76571,36.52034],[-4.76583,36.51973],[-4.76626,36.5195],[-4.76641,36.5193],[-4.7662,36.51873],[-4.7663,36.51815],[-4.76611,36.51762],[-4.7661,36.51684],[-4.76623,36.51656],[-4.76686,36.51619],[-4.76931,36.51577],[-4.76808,36.51497],[-4.76864,36.51047],[-4.76954,36.51065],[-4.77064,36.51099],[-4.77357,36.51215],[-4.7752,36.51262],[-4.77639,36.51281],[-4.77746,36.51286],[-4.78093,36.51274],[-4.78188,36.51275],[-4.78307,36.51291],[-4.78436,36.51322],[-4.78702,36.51426],[-4.78842,36.51467],[-4.78851,36.51437],[-4.78394,36.51274],[-4.78304,36.51254],[-4.78204,36.51242],[-4.78097,36.51237],[-4.77771,36.5125],[-4.77678,36.51249],[-4.77558,36.51235],[-4.77444,36.51206],[-4.77315,36.51161],[-4.77211,36.51116],[-4.77165,36.51069],[-4.77165,36.51044],[-4.77218,36.51052],[-4.77223,36.51072],[-4.77244,36.51094],[-4.77322,36.51119],[-4.77346,36.51116],[-4.77376,36.51092],[-4.77292,36.51056],[-4.77277,36.51039],[-4.77298,36.50986],[-4.77415,36.50976],[-4.77484,36.50981],[-4.77545,36.50944],[-4.77529,36.50892],[-4.775,36.50883],[-4.77473,36.50886],[-4.77452,36.50863],[-4.77564,36.50813],[-4.77704,36.50676],[-4.77678,36.50648],[-4.77644,36.50637],[-4.7758,36.50666],[-4.77538,36.50709],[-4.77496,36.50694],[-4.77463,36.50668],[-4.77527,36.50631],[-4.77596,36.50571],[-4.77598,36.50554],[-4.77586,36.50535],[-4.77623,36.50489],[-4.77667,36.50474],[-4.77693,36.50448],[-4.77696,36.50417],[-4.77659,36.50393],[-4.77655,36.50375],[-4.7768,36.5036],[-4.77736,36.50355],[-4.77745,36.50301],[-4.77766,36.50299],[-4.77758,36.50267],[-4.77772,36.50221],[-4.77867,36.50074],[-4.77869,36.50036],[-4.77848,36.49974],[-4.77855,36.49962],[-4.77876,36.4996],[-4.77902,36.50005],[-4.77901,36.50057],[-4.77809,36.50207],[-4.77806,36.50245],[-4.77794,36.50271],[-4.77845,36.50347],[-4.77826,36.50475],[-4.778,36.50496],[-4.77814,36.50543],[-4.77861,36.50552],[-4.77875,36.50571],[-4.77865,36.50612],[-4.77743,36.50772],[-4.77746,36.50814],[-4.77939,36.50864],[-4.77972,36.50893],[-4.78009,36.51004],[-4.77985,36.51086],[-4.78136,36.51112],[-4.78125,36.51054],[-4.78163,36.50951],[-4.78215,36.5089],[-4.78328,36.50866],[-4.78285,36.50799],[-4.78307,36.50736],[-4.78332,36.50724],[-4.78366,36.50756],[-4.78422,36.5072],[-4.78593,36.50676],[-4.78639,36.50677],[-4.78687,36.50656],[-4.78699,36.5067],[-4.78673,36.50706],[-4.78701,36.50725],[-4.78764,36.5072],[-4.78779,36.50728],[-4.78772,36.50782],[-4.78738,36.50804],[-4.78703,36.50797],[-4.787,36.5081],[-4.78805,36.50826],[-4.78816,36.50835],[-4.788,36.50962],[-4.78794,36.50983],[-4.78734,36.51066],[-4.78727,36.5111],[-4.78676,36.5112],[-4.78629,36.5116],[-4.78644,36.51205],[-4.78588,36.51239],[-4.78611,36.51279],[-4.78701,36.5132],[-4.78852,36.51343],[-4.78851,36.51271],[-4.78869,36.51212],[-4.78764,36.51139],[-4.78742,36.511],[-4.78815,36.50979],[-4.78845,36.50751],[-4.78888,36.50712],[-4.78857,36.50649],[-4.78789,36.50568],[-4.78868,36.5046],[-4.78997,36.50389],[-4.79196,36.50437],[-4.79077,36.50577],[-4.79181,36.50622],[-4.79162,36.50676],[-4.79083,36.50818],[-4.79431,36.51006],[-4.79515,36.50986],[-4.79565,36.50892],[-4.79573,36.50824],[-4.7959,36.5082],[-4.79613,36.50736],[-4.79609,36.50666],[-4.79617,36.5064],[-4.79631,36.50617],[-4.79765,36.50498],[-4.79796,36.50442],[-4.79808,36.50377],[-4.79785,36.50174],[-4.79806,36.50104],[-4.79817,36.5009],[-4.79838,36.50097],[-4.79857,36.50115],[-4.79838,36.5017],[-4.79851,36.50279],[-4.7987,36.50288],[-4.79886,36.50285],[-4.799,36.50177],[-4.79927,36.501],[-4.79946,36.50082],[-4.79989,36.50082],[-4.79995,36.50094],[-4.79971,36.50139],[-4.7993,36.50166],[-4.79921,36.50201],[-4.79932,36.5021],[-4.79952,36.5021],[-4.79982,36.50157],[-4.80003,36.50161],[-4.79995,36.50194],[-4.80002,36.50241],[-4.79992,36.50269],[-4.79917,36.50331],[-4.79918,36.50342],[-4.79959,36.50386],[-4.79946,36.504],[-4.79915,36.50399],[-4.7989,36.50409],[-4.79896,36.50456],[-4.79869,36.50496],[-4.7986,36.50527],[-4.7986,36.50603],[-4.79838,36.50691],[-4.79802,36.50711],[-4.79808,36.50788],[-4.79855,36.50747],[-4.79889,36.50741],[-4.79959,36.50702],[-4.8,36.50714],[-4.8004,36.50735],[-4.80079,36.50913],[-4.80111,36.50909],[-4.8013,36.50939],[-4.80151,36.50939],[-4.80137,36.51],[-4.80143,36.51107],[-4.80103,36.51116],[-4.80125,36.51205],[-4.80162,36.512],[-4.80175,36.5129],[-4.80208,36.51303],[-4.80247,36.5134],[-4.80268,36.5139],[-4.80247,36.51425],[-4.8026,36.51541],[-4.80187,36.51662],[-4.80074,36.51631],[-4.79805,36.51537],[-4.79659,36.515],[-4.79528,36.51477],[-4.79351,36.51468],[-4.79076,36.51471],[-4.79056,36.51502],[-4.7917,36.51509],[-4.79416,36.51509],[-4.7956,36.51518],[-4.79693,36.51544],[-4.80248,36.51713],[-4.80435,36.51751],[-4.80591,36.51762],[-4.80775,36.51765],[-4.80959,36.51749],[-4.81269,36.51681],[-4.81493,36.51612],[-4.81555,36.51623],[-4.81669,36.51558],[-4.81804,36.51527],[-4.81929,36.5155],[-4.8199,36.51579],[-4.82059,36.51559],[-4.82206,36.51556],[-4.823,36.51544],[-4.82469,36.51612],[-4.82644,36.51709],[-4.82833,36.51796],[-4.82942,36.51837],[-4.8304,36.51864],[-4.83142,36.51885],[-4.83256,36.51891],[-4.83293,36.51903],[-4.83624,36.51889],[-4.839,36.519],[-4.8403,36.51926],[-4.8417,36.5197],[-4.84259,36.52011],[-4.84334,36.52056],[-4.84613,36.52281],[-4.84698,36.52333],[-4.84795,36.52384],[-4.84947,36.52433],[-4.84959,36.52394],[-4.84942,36.52371],[-4.84932,36.52374],[-4.84936,36.52394],[-4.84873,36.52377],[-4.84738,36.52316],[-4.84635,36.52248],[-4.84408,36.5206],[-4.84264,36.51973],[-4.84136,36.51918],[-4.83962,36.51874],[-4.83777,36.51853],[-4.83368,36.51854],[-4.83314,36.51678],[-4.83501,36.51514],[-4.83827,36.51281],[-4.83906,36.51398],[-4.83849,36.5151],[-4.83903,36.51544],[-4.84016,36.51563],[-4.84039,36.51607],[-4.84162,36.5156],[-4.84336,36.51633],[-4.84437,36.51663],[-4.8445,36.51691],[-4.84576,36.51767],[-4.84684,36.51725],[-4.84738,36.51633],[-4.84662,36.51543],[-4.84722,36.51521],[-4.84858,36.51537],[-4.85003,36.51584],[-4.85038,36.51638],[-4.84994,36.51727],[-4.84994,36.51844],[-4.85073,36.51942],[-4.85203,36.5202],[-4.85304,36.5189],[-4.85355,36.5193],[-4.85465,36.51912],[-4.85731,36.51999],[-4.85823,36.5196],[-4.85873,36.51762],[-4.85994,36.51797],[-4.86095,36.51896],[-4.86168,36.51899],[-4.86196,36.52069],[-4.86241,36.52079],[-4.86126,36.5211],[-4.86031,36.52151],[-4.85666,36.52335],[-4.8555,36.52385],[-4.8541,36.5242],[-4.85224,36.52438],[-4.8514,36.52428],[-4.85196,36.52389],[-4.85178,36.52345],[-4.85172,36.52248],[-4.8512,36.52195],[-4.8505,36.52212],[-4.85076,36.52285],[-4.8501,36.52449]],[[-4.77575,36.54397],[-4.77568,36.54445],[-4.77569,36.54441],[-4.77575,36.54397]],[[-4.77673,36.54367],[-4.77603,36.5439],[-4.77665,36.54373],[-4.77673,36.54367]],[[-4.79675,36.60084],[-4.79683,36.60183],[-4.7972,36.60247],[-4.79684,36.60179],[-4.79675,36.60084]],[[-4.80604,36.60469],[-4.80575,36.60456],[-4.80601,36.60467],[-4.80604,36.60469]],[[-4.82261,36.59609],[-4.82345,36.59555],[-4.8239,36.59487],[-4.82405,36.59365],[-4.82361,36.5933],[-4.82139,36.59457],[-4.82054,36.5965],[-4.82125,36.59568],[-4.82205,36.59561],[-4.82261,36.59609]],[[-4.83771,36.55967],[-4.83795,36.55964],[-4.83788,36.55987],[-4.83845,36.56],[-4.83845,36.55989],[-4.83874,36.55988],[-4.83853,36.55971],[-4.83859,36.55962],[-4.83829,36.55957],[-4.83814,36.55932],[-4.83778,36.55912],[-4.83743,36.5591],[-4.83739,36.5592],[-4.83774,36.55923],[-4.83786,36.55942],[-4.83771,36.55967]]],[[[-4.83716,36.56811],[-4.83686,36.5679],[-4.83679,36.56735],[-4.83722,36.56706],[-4.83755,36.56662],[-4.83769,36.56627],[-4.83837,36.5654],[-4.83845,36.56498],[-4.83984,36.56349],[-4.84017,36.56296],[-4.84037,36.56237],[-4.84067,36.56211],[-4.84124,36.56201],[-4.84223,36.5621],[-4.84324,36.5624],[-4.84356,36.56211],[-4.84389,36.56205],[-4.84425,36.56221],[-4.84456,36.5625],[-4.84577,36.56253],[-4.84697,36.56269],[-4.84816,36.56365],[-4.8485,36.56409],[-4.84864,36.56462],[-4.8487,36.56571],[-4.84849,36.56667],[-4.84873,36.56707],[-4.84855,36.56761],[-4.84815,36.56809],[-4.84763,36.56836],[-4.84754,36.56853],[-4.84759,36.56879],[-4.84732,36.56913],[-4.84707,36.56924],[-4.84648,36.56915],[-4.84585,36.56934],[-4.84549,36.56966],[-4.84523,36.56999],[-4.84496,36.57119],[-4.84494,36.57162],[-4.84502,36.57192],[-4.84536,36.57206],[-4.84569,36.57205],[-4.84601,36.57175],[-4.84629,36.57165],[-4.84654,36.57176],[-4.84663,36.57213],[-4.84661,36.57332],[-4.84642,36.57351],[-4.84617,36.57352],[-4.84535,36.57316],[-4.84576,36.57336],[-4.84564,36.57382],[-4.84526,36.57451],[-4.84263,36.57489],[-4.8423,36.57504],[-4.84213,36.57555],[-4.84156,36.57615],[-4.84082,36.57738],[-4.84044,36.57753],[-4.8402,36.57786],[-4.8401,36.57821],[-4.83899,36.5791],[-4.83789,36.57976],[-4.83744,36.5798],[-4.83724,36.57964],[-4.83794,36.57912],[-4.83854,36.57821],[-4.8379,36.57788],[-4.83614,36.57719],[-4.83626,36.57685],[-4.83517,36.57651],[-4.83403,36.57638],[-4.83297,36.57588],[-4.83233,36.57545],[-4.83224,36.57502],[-4.83237,36.57457],[-4.83222,36.57408],[-4.83182,36.57334],[-4.83158,36.57254],[-4.83158,36.57212],[-4.83123,36.57171],[-4.83063,36.57136],[-4.83037,36.57099],[-4.83057,36.57051],[-4.8309,36.57029],[-4.8307,36.56993],[-4.83019,36.56945],[-4.83002,36.56906],[-4.83072,36.56874],[-4.83128,36.56812],[-4.83172,36.56743],[-4.83185,36.56691],[-4.83177,36.56642],[-4.8319,36.56626],[-4.83247,36.56597],[-4.83295,36.56537],[-4.833,36.56499],[-4.83321,36.56465],[-4.83483,36.56349],[-4.83523,36.56399],[-4.83539,36.56454],[-4.83563,36.5648],[-4.83585,36.56485],[-4.83609,36.56474],[-4.83612,36.56363],[-4.83646,36.56435],[-4.83641,36.56501],[-4.83592,36.56534],[-4.83492,36.56561],[-4.83442,36.5659],[-4.83429,36.56712],[-4.83399,36.56767],[-4.83322,36.56843],[-4.8332,36.56919],[-4.83359,36.57027],[-4.83339,36.5704],[-4.83418,36.57046],[-4.83487,36.57037],[-4.83559,36.56953],[-4.83569,36.56927],[-4.83612,36.56889],[-4.83717,36.56838],[-4.83716,36.56811]]],[[[-4.82314,36.58818],[-4.82304,36.58809],[-4.8231,36.5879],[-4.8235,36.58791],[-4.82416,36.58762],[-4.82464,36.58706],[-4.825,36.5865],[-4.82499,36.5862],[-4.8249,36.58612],[-4.82447,36.58626],[-4.82401,36.58629],[-4.82359,36.58621],[-4.82348,36.58601],[-4.82367,36.58566],[-4.8245,36.58546],[-4.82537,36.58545],[-4.82592,36.58574],[-4.8263,36.58634],[-4.82616,36.58696],[-4.82632,36.58723],[-4.8268,36.58767],[-4.82686,36.58801],[-4.82667,36.58812],[-4.82635,36.58808],[-4.8262,36.58781],[-4.82591,36.5878],[-4.82488,36.5888],[-4.82432,36.58911],[-4.82387,36.58912],[-4.82361,36.58899],[-4.82378,36.58839],[-4.82314,36.58818]]],[[[-4.83992,36.61353],[-4.83955,36.61402],[-4.83916,36.61435],[-4.83886,36.61432],[-4.83845,36.61411],[-4.83798,36.61369],[-4.83707,36.6124],[-4.83693,36.61211],[-4.83694,36.61135],[-4.83707,36.61103],[-4.83771,36.61072],[-4.83817,36.61053],[-4.83915,36.61054],[-4.8396,36.61033],[-4.84,36.60995],[-4.8402,36.60998],[-4.84013,36.61044],[-4.84019,36.61095],[-4.84042,36.6114],[-4.84112,36.61198],[-4.84112,36.61234],[-4.84101,36.61269],[-4.84043,36.61332],[-4.83992,36.61353]]],[[[-4.80959,36.61811],[-4.80992,36.61785],[-4.81137,36.61753],[-4.8119,36.61766],[-4.81247,36.61763],[-4.81441,36.61725],[-4.81582,36.61735],[-4.81643,36.61727],[-4.8171,36.61696],[-4.81806,36.61687],[-4.81884,36.61702],[-4.81926,36.6174],[-4.81929,36.61779],[-4.81916,36.61826],[-4.81828,36.61882],[-4.81756,36.61976],[-4.81725,36.61995],[-4.81658,36.61967],[-4.81636,36.61897],[-4.81598,36.61897],[-4.81559,36.61924],[-4.81524,36.61989],[-4.81505,36.61969],[-4.81506,36.61922],[-4.81432,36.6189],[-4.81328,36.61905],[-4.81307,36.61866],[-4.81027,36.61859],[-4.80966,36.61842],[-4.80959,36.61811]]],[[[-4.82219,36.62079],[-4.82201,36.62089],[-4.82181,36.62083],[-4.8214,36.62037],[-4.82082,36.6202],[-4.81971,36.62012],[-4.81953,36.61998],[-4.81961,36.61978],[-4.82009,36.61957],[-4.82086,36.61891],[-4.82098,36.61869],[-4.82131,36.61877],[-4.82165,36.61896],[-4.82154,36.61959],[-4.82179,36.61989],[-4.82207,36.61996],[-4.82219,36.62013],[-4.82225,36.62046],[-4.82219,36.62079]]],[[[-4.80981,36.61907],[-4.81042,36.62034],[-4.81042,36.62079],[-4.81028,36.62109],[-4.80995,36.62096],[-4.80954,36.62037],[-4.80981,36.61907]]],[[[-4.76387,36.62186],[-4.76298,36.62199],[-4.76266,36.62191],[-4.76252,36.62172],[-4.76274,36.62145],[-4.7633,36.62106],[-4.7632,36.62036],[-4.7634,36.62004],[-4.76382,36.61997],[-4.76473,36.61997],[-4.76505,36.6198],[-4.7656,36.61983],[-4.76586,36.62007],[-4.76582,36.62071],[-4.7655,36.62113],[-4.76387,36.62186]]],[[[-4.81309,36.62064],[-4.81428,36.62043],[-4.81481,36.62059],[-4.8149,36.62076],[-4.81492,36.62117],[-4.81427,36.62078],[-4.81403,36.62078],[-4.81367,36.62091],[-4.81316,36.62121],[-4.81291,36.62119],[-4.81235,36.62088],[-4.812,36.62089],[-4.81161,36.62107],[-4.81135,36.62135],[-4.81098,36.62153],[-4.8108,36.62147],[-4.81073,36.62135],[-4.81097,36.62071],[-4.81127,36.62055],[-4.81181,36.62045],[-4.81221,36.62046],[-4.81309,36.62064]]],[[[-4.82601,36.62042],[-4.82606,36.62108],[-4.82566,36.62156],[-4.82577,36.62119],[-4.82536,36.62102],[-4.82527,36.62049],[-4.82548,36.6202],[-4.82601,36.62042]]],[[[-4.80604,36.61976],[-4.80643,36.61944],[-4.8066,36.61886],[-4.80651,36.61842],[-4.80621,36.61804],[-4.80617,36.61688],[-4.80705,36.61741],[-4.80739,36.61769],[-4.80769,36.61808],[-4.80848,36.61842],[-4.80879,36.61846],[-4.80908,36.61834],[-4.80936,36.61833],[-4.80943,36.61844],[-4.80956,36.61921],[-4.8093,36.61996],[-4.80928,36.62062],[-4.80894,36.6215],[-4.80904,36.62181],[-4.80997,36.62242],[-4.81008,36.62266],[-4.80985,36.62463],[-4.81001,36.62539],[-4.81004,36.62627],[-4.80966,36.6278],[-4.80952,36.628],[-4.80839,36.62828],[-4.80479,36.62886],[-4.80422,36.62877],[-4.80368,36.6285],[-4.80335,36.62843],[-4.80313,36.6283],[-4.80304,36.62799],[-4.80306,36.62721],[-4.80326,36.62658],[-4.80387,36.62525],[-4.80449,36.62418],[-4.80474,36.62339],[-4.80513,36.62285],[-4.80566,36.62241],[-4.80593,36.62196],[-4.80593,36.62155],[-4.8057,36.62055],[-4.80576,36.62015],[-4.80604,36.61976]]],[[[-4.82576,36.62179],[-4.82587,36.62159],[-4.82614,36.62141],[-4.82618,36.62248],[-4.82604,36.62448],[-4.82555,36.62419],[-4.82552,36.62408],[-4.82562,36.62333],[-4.82583,36.6228],[-4.82576,36.62179]]],[[[-4.82125,36.62439],[-4.82012,36.62416],[-4.8194,36.62356],[-4.8185,36.62317],[-4.81734,36.6228],[-4.81665,36.62273],[-4.81624,36.62305],[-4.81627,36.62332],[-4.81676,36.62371],[-4.81751,36.62415],[-4.81865,36.62442],[-4.81943,36.62486],[-4.82091,36.62508],[-4.82238,36.62521],[-4.82261,36.62513],[-4.82265,36.62461],[-4.82282,36.62455],[-4.82293,36.62425],[-4.82307,36.62432],[-4.8233,36.62504],[-4.8229,36.62535],[-4.82298,36.62557],[-4.82284,36.62611],[-4.82269,36.62629],[-4.82237,36.6264],[-4.82202,36.62637],[-4.82105,36.62605],[-4.81992,36.62613],[-4.81935,36.62609],[-4.81871,36.62614],[-4.81829,36.62628],[-4.81752,36.62688],[-4.81725,36.627],[-4.81684,36.62692],[-4.81666,36.62675],[-4.8163,36.62411],[-4.81535,36.62245],[-4.81536,36.62202],[-4.81512,36.62127],[-4.81512,36.62086],[-4.81618,36.62078],[-4.81692,36.621],[-4.81723,36.62099],[-4.81742,36.62083],[-4.81753,36.62085],[-4.81772,36.62119],[-4.81795,36.62111],[-4.81805,36.62088],[-4.81796,36.62062],[-4.81804,36.62037],[-4.81842,36.62033],[-4.81932,36.62073],[-4.81984,36.62297],[-4.82225,36.62416],[-4.82253,36.62435],[-4.8225,36.6245],[-4.82125,36.62439]]],[[[-4.81025,36.6272],[-4.8103,36.62668],[-4.81028,36.62616],[-4.81002,36.62471],[-4.81024,36.62359],[-4.81022,36.62263],[-4.81035,36.62232],[-4.81116,36.62189],[-4.81167,36.62133],[-4.81194,36.62118],[-4.8122,36.62123],[-4.81264,36.62169],[-4.8125,36.62274],[-4.8127,36.62309],[-4.81287,36.62316],[-4.81337,36.62279],[-4.81347,36.62242],[-4.81335,36.62222],[-4.81306,36.62203],[-4.81305,36.62189],[-4.81354,36.62124],[-4.81385,36.62103],[-4.81412,36.62101],[-4.81468,36.62123],[-4.81531,36.62317],[-4.81591,36.62402],[-4.81603,36.62439],[-4.81631,36.6269],[-4.81745,36.6275],[-4.81749,36.62765],[-4.81742,36.62774],[-4.81713,36.62778],[-4.81244,36.62793],[-4.81127,36.62767],[-4.81066,36.62797],[-4.81007,36.62797],[-4.80996,36.6279],[-4.81025,36.6272]]],[[[-4.78482,36.62924],[-4.78501,36.62856],[-4.78501,36.6282],[-4.78474,36.62787],[-4.78432,36.62761],[-4.78428,36.62721],[-4.78446,36.62678],[-4.78471,36.62645],[-4.78534,36.62611],[-4.78547,36.6258],[-4.78513,36.6252],[-4.7852,36.625],[-4.78562,36.6248],[-4.78598,36.62446],[-4.78593,36.62403],[-4.78649,36.62367],[-4.78676,36.62366],[-4.78711,36.6238],[-4.78775,36.62358],[-4.78795,36.62327],[-4.78792,36.62306],[-4.78736,36.62281],[-4.78739,36.62264],[-4.78777,36.62253],[-4.78805,36.62234],[-4.78884,36.62221],[-4.78912,36.62248],[-4.78949,36.62264],[-4.78978,36.62262],[-4.78987,36.6225],[-4.78979,36.62232],[-4.78933,36.62174],[-4.78946,36.62162],[-4.79018,36.62152],[-4.79167,36.6218],[-4.79179,36.62204],[-4.79149,36.62229],[-4.79067,36.62415],[-4.78995,36.62441],[-4.78965,36.62438],[-4.78928,36.62451],[-4.78823,36.62528],[-4.78718,36.62627],[-4.78672,36.62718],[-4.78608,36.6282],[-4.78605,36.62861],[-4.78583,36.6291],[-4.78562,36.62941],[-4.78545,36.6295],[-4.78516,36.62951],[-4.78495,36.62941],[-4.78482,36.62924]]],[[[-4.85046,36.62525],[-4.85152,36.62452],[-4.85213,36.62572],[-4.84997,36.62668],[-4.84978,36.62687],[-4.84982,36.62598],[-4.85046,36.62525]]],[[[-4.82088,36.628],[-4.82039,36.62748],[-4.82008,36.62733],[-4.81996,36.6272],[-4.81998,36.62701],[-4.82023,36.62695],[-4.82069,36.62718],[-4.82098,36.62723],[-4.82132,36.62701],[-4.8214,36.62675],[-4.82151,36.62665],[-4.8223,36.62657],[-4.82257,36.62663],[-4.82272,36.6274],[-4.82255,36.62844],[-4.82191,36.62886],[-4.82099,36.62971],[-4.82062,36.62989],[-4.82014,36.62994],[-4.8197,36.62976],[-4.81955,36.62949],[-4.8197,36.62927],[-4.81998,36.62911],[-4.82035,36.62916],[-4.82066,36.6289],[-4.82078,36.62868],[-4.82119,36.62846],[-4.82127,36.62825],[-4.82088,36.628]]],[[[-4.83724,36.6308],[-4.83797,36.63],[-4.84116,36.62935],[-4.84174,36.62882],[-4.84306,36.62871],[-4.84279,36.62925],[-4.84172,36.62993],[-4.83724,36.6308]]],[[[-4.80164,36.6314],[-4.80155,36.63135],[-4.80155,36.63125],[-4.80254,36.63085],[-4.80279,36.63068],[-4.80295,36.63044],[-4.80295,36.63017],[-4.80282,36.63004],[-4.80243,36.62999],[-4.80231,36.62952],[-4.80534,36.62904],[-4.80552,36.62908],[-4.80523,36.62967],[-4.80537,36.62993],[-4.80533,36.63006],[-4.80391,36.63051],[-4.80328,36.63103],[-4.80316,36.63143],[-4.80287,36.63179],[-4.8026,36.63187],[-4.80248,36.63182],[-4.80252,36.63162],[-4.80242,36.63143],[-4.80164,36.6314]]],[[[-4.81479,36.63137],[-4.81548,36.63138],[-4.81538,36.6317],[-4.815,36.63221],[-4.81461,36.63249],[-4.81415,36.63247],[-4.81318,36.63195],[-4.81274,36.63197],[-4.81175,36.63224],[-4.81098,36.63222],[-4.81059,36.63268],[-4.81013,36.63303],[-4.80876,36.63259],[-4.80818,36.6327],[-4.80744,36.63247],[-4.80686,36.63222],[-4.80664,36.63204],[-4.80665,36.63176],[-4.80698,36.63152],[-4.80758,36.63126],[-4.80793,36.6309],[-4.80838,36.63078],[-4.80844,36.63063],[-4.80834,36.63036],[-4.80854,36.62999],[-4.80844,36.62968],[-4.80814,36.6294],[-4.80823,36.62922],[-4.80865,36.62903],[-4.80869,36.62889],[-4.8084,36.62854],[-4.80852,36.62849],[-4.80938,36.62839],[-4.80909,36.62897],[-4.80932,36.62892],[-4.80954,36.62873],[-4.8097,36.62842],[-4.81001,36.62827],[-4.81103,36.62826],[-4.81121,36.62863],[-4.81154,36.62872],[-4.81172,36.6286],[-4.81181,36.62827],[-4.81201,36.62823],[-4.81716,36.62803],[-4.81738,36.62814],[-4.81742,36.62834],[-4.81714,36.6288],[-4.81725,36.62924],[-4.81714,36.62945],[-4.81646,36.62964],[-4.81624,36.63014],[-4.81624,36.63041],[-4.81609,36.63066],[-4.8158,36.63076],[-4.81557,36.63082],[-4.81532,36.63063],[-4.81481,36.63057],[-4.81445,36.63071],[-4.81425,36.63112],[-4.81479,36.63137]]],[[[-4.80164,36.63277],[-4.80177,36.6332],[-4.80192,36.63329],[-4.80353,36.63318],[-4.80378,36.6335],[-4.80413,36.63344],[-4.80452,36.63308],[-4.8047,36.63303],[-4.80482,36.63306],[-4.80522,36.63359],[-4.80031,36.63395],[-4.79958,36.6313],[-4.79962,36.62996],[-4.80186,36.62962],[-4.80204,36.62996],[-4.80165,36.63005],[-4.80157,36.6302],[-4.80183,36.63049],[-4.80146,36.63082],[-4.80132,36.63119],[-4.80134,36.63162],[-4.80146,36.63173],[-4.80168,36.63174],[-4.80182,36.63183],[-4.80152,36.63207],[-4.80091,36.63219],[-4.80093,36.63275],[-4.80111,36.63284],[-4.80164,36.63277]]],[[[-4.80048,36.63456],[-4.80035,36.63449],[-4.80033,36.63416],[-4.80402,36.63383],[-4.80401,36.63416],[-4.80258,36.63443],[-4.80048,36.63456]]],[[[-4.7882,36.63836],[-4.78815,36.63818],[-4.78852,36.63811],[-4.78861,36.63801],[-4.78973,36.63785],[-4.78986,36.63773],[-4.79088,36.63764],[-4.79072,36.63686],[-4.79019,36.63653],[-4.79,36.63629],[-4.79,36.63599],[-4.79044,36.6359],[-4.79135,36.63511],[-4.79245,36.6346],[-4.79423,36.63424],[-4.79452,36.63487],[-4.79508,36.6351],[-4.79529,36.63471],[-4.7967,36.63489],[-4.79791,36.63489],[-4.79867,36.6347],[-4.80035,36.63449],[-4.80061,36.63643],[-4.79982,36.63643],[-4.79992,36.63795],[-4.79874,36.63788],[-4.79594,36.63742],[-4.79477,36.63732],[-4.79385,36.63733],[-4.79263,36.63745],[-4.7882,36.63836]]],[[[-4.84452,36.66743],[-4.84405,36.66742],[-4.84386,36.6672],[-4.84384,36.66694],[-4.84433,36.66698],[-4.84587,36.66749],[-4.8464,36.66774],[-4.84645,36.66801],[-4.84593,36.66794],[-4.84452,36.66743]]],[[[-4.83196,36.67961],[-4.8339,36.68016],[-4.83059,36.68016],[-4.83102,36.67981],[-4.83196,36.67961]]],[[[-4.75277,36.48555],[-4.75249,36.48635],[-4.75169,36.48676],[-4.75014,36.48725],[-4.74911,36.48724],[-4.74874,36.48714],[-4.74837,36.48719],[-4.74698,36.48695],[-4.74625,36.48664],[-4.74578,36.48674],[-4.74501,36.48656],[-4.74468,36.48639],[-4.74318,36.48671],[-4.7426,36.48669],[-4.7425,36.48634],[-4.74285,36.48624],[-4.74266,36.48603],[-4.74267,36.48563],[-4.74295,36.48548],[-4.74349,36.48546],[-4.74359,36.48524],[-4.74438,36.48496],[-4.74532,36.48534],[-4.74605,36.48549],[-4.74647,36.48539],[-4.74777,36.48533],[-4.75016,36.48537],[-4.75104,36.48532],[-4.75164,36.48544],[-4.75221,36.48534],[-4.75277,36.48555]]],[[[-4.73238,36.48675],[-4.73236,36.48658],[-4.73309,36.48637],[-4.73419,36.48619],[-4.73502,36.48615],[-4.73461,36.48621],[-4.73457,36.48647],[-4.73424,36.48653],[-4.73466,36.48733],[-4.73434,36.48733],[-4.7343,36.48703],[-4.73411,36.48673],[-4.73401,36.48636],[-4.73254,36.48664],[-4.73255,36.4867],[-4.73238,36.48675]]],[[[-4.75273,36.48651],[-4.75312,36.48594],[-4.75416,36.48609],[-4.75345,36.48749],[-4.75312,36.48788],[-4.75155,36.48804],[-4.75076,36.48805],[-4.74891,36.4877],[-4.74894,36.48764],[-4.74977,36.48753],[-4.75113,36.48773],[-4.7514,36.48748],[-4.75152,36.4871],[-4.75237,36.48686],[-4.75239,36.4866],[-4.75273,36.48651]]],[[[-4.7447,36.48763],[-4.74481,36.48771],[-4.74472,36.48779],[-4.74424,36.4878],[-4.74403,36.48775],[-4.74381,36.48748],[-4.74388,36.4872],[-4.74372,36.48708],[-4.74356,36.48706],[-4.7433,36.48719],[-4.74243,36.48709],[-4.74372,36.48688],[-4.74377,36.48677],[-4.74425,36.48697],[-4.74449,36.48657],[-4.74559,36.4869],[-4.74651,36.48699],[-4.74752,36.48742],[-4.74863,36.48754],[-4.74863,36.48773],[-4.74837,36.48799],[-4.7447,36.48763]],[[-4.74429,36.48744],[-4.74426,36.48735],[-4.74421,36.48744],[-4.74429,36.48744]]],[[[-4.72859,36.4869],[-4.72814,36.48841],[-4.72551,36.48848],[-4.72477,36.48835],[-4.72465,36.48784],[-4.72491,36.4876],[-4.7251,36.48708],[-4.72534,36.48694],[-4.72591,36.48681],[-4.72698,36.48689],[-4.72764,36.48682],[-4.72859,36.4869]]],[[[-4.73392,36.48787],[-4.73313,36.48798],[-4.73274,36.48787],[-4.73262,36.488],[-4.73185,36.48803],[-4.73186,36.48788],[-4.73229,36.48791],[-4.73228,36.48785],[-4.73424,36.48769],[-4.73392,36.48787]]],[[[-4.73176,36.48789],[-4.73175,36.48821],[-4.73085,36.48826],[-4.73091,36.48795],[-4.73176,36.48789]]],[[[-4.7328,36.48843],[-4.73304,36.48849],[-4.73311,36.48866],[-4.73283,36.48876],[-4.73231,36.48932],[-4.73182,36.48872],[-4.73109,36.48873],[-4.73098,36.48925],[-4.7303,36.48917],[-4.73058,36.48897],[-4.73057,36.48853],[-4.7328,36.48843]]],[[[-4.74416,36.48881],[-4.74329,36.48859],[-4.74321,36.48846],[-4.74337,36.48804],[-4.74421,36.48843],[-4.74496,36.48891],[-4.74703,36.49037],[-4.747,36.49047],[-4.74531,36.48936],[-4.74416,36.48881]]],[[[-4.72741,36.48971],[-4.72701,36.4898],[-4.72671,36.48997],[-4.72639,36.48967],[-4.72661,36.48966],[-4.72668,36.48954],[-4.72688,36.48957],[-4.72695,36.48965],[-4.72684,36.48976],[-4.72701,36.48967],[-4.72693,36.48952],[-4.72736,36.48952],[-4.72741,36.48971]]],[[[-4.7495,36.49109],[-4.74926,36.49138],[-4.74942,36.49143],[-4.74971,36.49097],[-4.7495,36.49027],[-4.74969,36.48995],[-4.74961,36.48984],[-4.7497,36.48959],[-4.75015,36.48931],[-4.7508,36.48865],[-4.75101,36.48882],[-4.75095,36.48888],[-4.75085,36.48882],[-4.75018,36.48949],[-4.74979,36.49],[-4.74968,36.49029],[-4.74969,36.49037],[-4.74984,36.49034],[-4.74971,36.49062],[-4.75011,36.49074],[-4.75026,36.49042],[-4.75041,36.49054],[-4.7503,36.49058],[-4.75032,36.49083],[-4.75,36.49101],[-4.7499,36.49137],[-4.75007,36.49143],[-4.74992,36.49158],[-4.74999,36.49169],[-4.75046,36.49188],[-4.75016,36.49209],[-4.74877,36.4912],[-4.74882,36.49111],[-4.74895,36.49121],[-4.74913,36.49089],[-4.74912,36.49119],[-4.74926,36.49121],[-4.74934,36.49081],[-4.74942,36.4908],[-4.7495,36.49109]]],[[[-4.7278,36.49029],[-4.72789,36.49035],[-4.72793,36.49139],[-4.72786,36.49162],[-4.72805,36.49197],[-4.72777,36.49222],[-4.72769,36.4922],[-4.72773,36.49174],[-4.72762,36.49146],[-4.72736,36.49117],[-4.7272,36.49054],[-4.72699,36.49038],[-4.72709,36.49031],[-4.72759,36.49035],[-4.7278,36.49029]]],[[[-4.73198,36.4917],[-4.73165,36.49134],[-4.73164,36.49116],[-4.73174,36.49106],[-4.73158,36.49095],[-4.73088,36.49101],[-4.73068,36.49001],[-4.73079,36.48999],[-4.73075,36.48979],[-4.73032,36.48983],[-4.73024,36.48962],[-4.7303,36.48928],[-4.73072,36.48933],[-4.73069,36.48948],[-4.73161,36.4896],[-4.73172,36.49072],[-4.73211,36.49154],[-4.73263,36.49162],[-4.73273,36.49237],[-4.7329,36.49266],[-4.73318,36.49272],[-4.73312,36.49332],[-4.73295,36.49343],[-4.73254,36.49295],[-4.73229,36.49279],[-4.73196,36.49275],[-4.73182,36.49259],[-4.73179,36.49242],[-4.73192,36.49221],[-4.73198,36.4917]]],[[[-4.74843,36.49141],[-4.74762,36.49084],[-4.74735,36.49074],[-4.74732,36.49054],[-4.74943,36.49193],[-4.74938,36.49204],[-4.74918,36.49189],[-4.74923,36.49182],[-4.74843,36.49141]]],[[[-4.74841,36.4927],[-4.74828,36.49256],[-4.74808,36.49185],[-4.74752,36.49108],[-4.74765,36.49106],[-4.74793,36.49128],[-4.74852,36.49204],[-4.74861,36.49268],[-4.74841,36.4927]]],[[[-4.72503,36.49165],[-4.7251,36.49152],[-4.72484,36.49092],[-4.72492,36.49069],[-4.72503,36.49066],[-4.72517,36.49067],[-4.72533,36.49105],[-4.72552,36.49121],[-4.7256,36.49163],[-4.72574,36.49177],[-4.72584,36.49223],[-4.72578,36.49262],[-4.72561,36.49289],[-4.72498,36.4933],[-4.72512,36.49362],[-4.72502,36.49378],[-4.72441,36.49365],[-4.72436,36.49341],[-4.72461,36.49309],[-4.7252,36.49286],[-4.72524,36.49249],[-4.72545,36.49209],[-4.7254,36.49182],[-4.72517,36.49176],[-4.72435,36.49221],[-4.72427,36.49213],[-4.72436,36.49198],[-4.72503,36.49165]]],[[[-4.7371,36.49323],[-4.73637,36.49327],[-4.73573,36.49318],[-4.73486,36.4918],[-4.73542,36.49179],[-4.73579,36.49211],[-4.73586,36.49233],[-4.73623,36.49234],[-4.73631,36.49213],[-4.73676,36.49221],[-4.73721,36.49277],[-4.7371,36.49323]]],[[[-4.74982,36.49228],[-4.75045,36.49268],[-4.74982,36.49292],[-4.74984,36.49255],[-4.74975,36.49232],[-4.74982,36.49228]]],[[[-4.73144,36.49409],[-4.73149,36.49415],[-4.73117,36.49449],[-4.73124,36.49467],[-4.73186,36.49453],[-4.73198,36.49452],[-4.73207,36.49461],[-4.73209,36.49489],[-4.73154,36.49507],[-4.73156,36.49534],[-4.73178,36.49535],[-4.73204,36.49552],[-4.7323,36.49579],[-4.73235,36.49602],[-4.73265,36.49612],[-4.73259,36.49628],[-4.73276,36.49642],[-4.73262,36.49655],[-4.73229,36.49641],[-4.73209,36.49648],[-4.73211,36.49669],[-4.73196,36.49676],[-4.73194,36.4966],[-4.73177,36.49653],[-4.73179,36.49645],[-4.73199,36.49634],[-4.73162,36.49551],[-4.73114,36.49537],[-4.73088,36.49502],[-4.73042,36.49408],[-4.73023,36.494],[-4.73002,36.49405],[-4.72968,36.4944],[-4.72925,36.49419],[-4.72943,36.49375],[-4.72949,36.49299],[-4.72896,36.49184],[-4.72898,36.49127],[-4.72909,36.49104],[-4.72928,36.49092],[-4.72941,36.49039],[-4.72981,36.48967],[-4.72998,36.48965],[-4.7301,36.48971],[-4.73022,36.49007],[-4.73006,36.49097],[-4.73015,36.49146],[-4.72952,36.49164],[-4.72948,36.49176],[-4.72979,36.49229],[-4.73009,36.49257],[-4.73017,36.49301],[-4.72999,36.49346],[-4.73015,36.49369],[-4.73066,36.49404],[-4.73081,36.49397],[-4.731,36.49408],[-4.73144,36.49409]]],[[[-4.72529,36.49371],[-4.72565,36.49363],[-4.72593,36.49382],[-4.72608,36.4941],[-4.72609,36.49417],[-4.72588,36.49427],[-4.72572,36.49448],[-4.7255,36.49436],[-4.72557,36.49398],[-4.72529,36.49371]]],[[[-4.74708,36.49577],[-4.748,36.49457],[-4.7489,36.49318],[-4.74891,36.4929],[-4.74879,36.49264],[-4.749,36.49262],[-4.74898,36.4923],[-4.74869,36.49231],[-4.74852,36.49193],[-4.7486,36.49191],[-4.74911,36.49225],[-4.74928,36.49252],[-4.74953,36.49265],[-4.74963,36.4928],[-4.7495,36.49269],[-4.74934,36.4927],[-4.74917,36.49301],[-4.74918,36.49322],[-4.74898,36.49333],[-4.74909,36.49346],[-4.74825,36.49466],[-4.74787,36.49551],[-4.74772,36.4955],[-4.7477,36.49593],[-4.74754,36.49604],[-4.7469,36.49687],[-4.74635,36.49723],[-4.746,36.4973],[-4.74568,36.4975],[-4.74584,36.49711],[-4.74708,36.49577]]],[[[-4.73367,36.49395],[-4.73389,36.49423],[-4.73395,36.49455],[-4.73389,36.49556],[-4.73414,36.49566],[-4.73437,36.49595],[-4.7342,36.49621],[-4.73378,36.49621],[-4.73364,36.496],[-4.73376,36.4958],[-4.7337,36.4953],[-4.73348,36.49481],[-4.73378,36.49452],[-4.7336,36.49404],[-4.73359,36.49397],[-4.73367,36.49395]]],[[[-4.72884,36.49691],[-4.7287,36.49661],[-4.7284,36.49653],[-4.72797,36.49672],[-4.72764,36.49666],[-4.72751,36.49653],[-4.72667,36.49623],[-4.7267,36.49593],[-4.72627,36.49593],[-4.72606,36.49573],[-4.72566,36.49576],[-4.7253,36.49569],[-4.72505,36.49585],[-4.72428,36.49614],[-4.72419,36.49646],[-4.72375,36.49644],[-4.72402,36.49629],[-4.72418,36.49608],[-4.72495,36.49569],[-4.72502,36.4956],[-4.72504,36.49532],[-4.72544,36.4952],[-4.72527,36.49457],[-4.72489,36.49446],[-4.72556,36.49459],[-4.72547,36.49478],[-4.72571,36.49533],[-4.72595,36.49545],[-4.72637,36.49552],[-4.72658,36.49578],[-4.72686,36.49581],[-4.72702,36.49616],[-4.72769,36.49641],[-4.72775,36.49651],[-4.7285,36.49633],[-4.72873,36.49643],[-4.72899,36.49674],[-4.72899,36.4974],[-4.72884,36.49735],[-4.72884,36.49691]]],[[[-4.72537,36.50175],[-4.72501,36.50199],[-4.72507,36.50104],[-4.72532,36.50099],[-4.72537,36.50175]]],[[[-4.7283,36.50509],[-4.72828,36.50524],[-4.72797,36.50527],[-4.72768,36.50549],[-4.72766,36.50441],[-4.72787,36.50429],[-4.72868,36.50341],[-4.72855,36.5033],[-4.73006,36.50186],[-4.73011,36.50172],[-4.72989,36.50148],[-4.73,36.50135],[-4.72989,36.50113],[-4.72965,36.50099],[-4.72912,36.50109],[-4.72881,36.50157],[-4.72868,36.50154],[-4.72864,36.50145],[-4.7284,36.50012],[-4.72836,36.49917],[-4.72839,36.49908],[-4.72879,36.49895],[-4.72885,36.49879],[-4.72873,36.49751],[-4.72906,36.49758],[-4.72912,36.49824],[-4.72935,36.49869],[-4.72925,36.49926],[-4.72927,36.50013],[-4.73055,36.50133],[-4.73069,36.50203],[-4.73035,36.50252],[-4.73036,36.50287],[-4.7302,36.50332],[-4.72954,36.50364],[-4.72915,36.50426],[-4.72875,36.50449],[-4.72867,36.50473],[-4.7283,36.50509]]],[[[-4.72674,36.50435],[-4.72628,36.5043],[-4.72625,36.50354],[-4.72603,36.50232],[-4.72615,36.50207],[-4.7262,36.50134],[-4.72601,36.50114],[-4.72633,36.50099],[-4.72654,36.50128],[-4.72659,36.5033],[-4.72683,36.50401],[-4.72674,36.50435]]],[[[-4.72878,36.50888],[-4.72884,36.50876],[-4.72952,36.50863],[-4.72976,36.50849],[-4.72997,36.5079],[-4.73014,36.50783],[-4.73085,36.50784],[-4.73102,36.50765],[-4.73103,36.50726],[-4.7309,36.50699],[-4.73059,36.50679],[-4.73054,36.50636],[-4.7309,36.50625],[-4.73165,36.50618],[-4.73189,36.50625],[-4.73318,36.50715],[-4.73324,36.50747],[-4.73313,36.50767],[-4.73284,36.50782],[-4.73264,36.50803],[-4.73275,36.50867],[-4.733,36.50898],[-4.73309,36.50926],[-4.73277,36.50971],[-4.73274,36.50998],[-4.73249,36.51031],[-4.73155,36.51102],[-4.73122,36.51109],[-4.73115,36.51091],[-4.73119,36.51049],[-4.73138,36.50979],[-4.73127,36.50913],[-4.73088,36.509],[-4.73046,36.509],[-4.73029,36.50907],[-4.73016,36.50923],[-4.73015,36.50965],[-4.73026,36.51147],[-4.73022,36.51161],[-4.7301,36.51161],[-4.73001,36.51153],[-4.73,36.51089],[-4.72953,36.51042],[-4.72945,36.50996],[-4.72886,36.50914],[-4.72878,36.50888]]],[[[-4.73347,36.51965],[-4.73321,36.51935],[-4.73325,36.51914],[-4.7339,36.51899],[-4.73422,36.51872],[-4.73346,36.51833],[-4.73309,36.51773],[-4.73356,36.5179],[-4.73354,36.51772],[-4.73337,36.51758],[-4.73366,36.5173],[-4.7348,36.51665],[-4.73485,36.51617],[-4.73575,36.51622],[-4.73601,36.5157],[-4.73678,36.51588],[-4.73681,36.51541],[-4.737,36.51527],[-4.73785,36.51497],[-4.73825,36.51404],[-4.73884,36.51337],[-4.73956,36.51296],[-4.74078,36.51308],[-4.74159,36.51328],[-4.74229,36.51259],[-4.74387,36.51323],[-4.7452,36.51253],[-4.74609,36.51266],[-4.74673,36.51304],[-4.74698,36.51397],[-4.74643,36.51485],[-4.74707,36.51569],[-4.74711,36.51623],[-4.74754,36.51696],[-4.74727,36.51824],[-4.74676,36.5189],[-4.74606,36.51938],[-4.74521,36.5197],[-4.74488,36.51992],[-4.74511,36.52091],[-4.74517,36.52171],[-4.74505,36.52214],[-4.74441,36.52293],[-4.74402,36.52305],[-4.74377,36.52331],[-4.74341,36.52295],[-4.74348,36.52264],[-4.74338,36.52208],[-4.74312,36.52194],[-4.74238,36.52196],[-4.74076,36.52158],[-4.73986,36.52153],[-4.73908,36.52172],[-4.73844,36.5216],[-4.737,36.52097],[-4.73579,36.52106],[-4.73483,36.52078],[-4.73451,36.52053],[-4.73393,36.51971],[-4.73347,36.51965]]],[[[-4.76398,36.5244],[-4.76393,36.52453],[-4.76369,36.52474],[-4.76344,36.52534],[-4.76315,36.52552],[-4.76272,36.52562],[-4.76258,36.52606],[-4.76247,36.52618],[-4.76183,36.52605],[-4.76102,36.52626],[-4.76082,36.52619],[-4.76053,36.52622],[-4.76059,36.52649],[-4.75963,36.52723],[-4.75945,36.52722],[-4.75925,36.52703],[-4.75873,36.52598],[-4.75841,36.52575],[-4.75796,36.52581],[-4.75714,36.52622],[-4.75677,36.52697],[-4.75594,36.52703],[-4.75551,36.52733],[-4.75528,36.52739],[-4.75485,36.52685],[-4.75449,36.52676],[-4.75425,36.52691],[-4.75416,36.52716],[-4.75373,36.5273],[-4.75358,36.52742],[-4.75243,36.52703],[-4.75172,36.52696],[-4.7512,36.52679],[-4.7507,36.52715],[-4.75042,36.52701],[-4.74984,36.52694],[-4.74854,36.52705],[-4.74811,36.52676],[-4.74785,36.52641],[-4.74581,36.52484],[-4.7456,36.52448],[-4.74555,36.5242],[-4.7454,36.52403],[-4.74557,36.52367],[-4.74528,36.52353],[-4.74518,36.52362],[-4.74517,36.52386],[-4.74488,36.52417],[-4.74481,36.52444],[-4.74513,36.52511],[-4.74562,36.52514],[-4.74574,36.52503],[-4.7455,36.52484],[-4.74557,36.52479],[-4.74649,36.52553],[-4.74538,36.52541],[-4.74491,36.52525],[-4.7447,36.52525],[-4.74415,36.52545],[-4.74379,36.52538],[-4.74296,36.52469],[-4.7434,36.52455],[-4.74377,36.52465],[-4.74389,36.52453],[-4.74369,36.52411],[-4.74381,36.52383],[-4.74404,36.52356],[-4.74402,36.52341],[-4.74482,36.5229],[-4.74541,36.52203],[-4.74549,36.52179],[-4.74533,36.52153],[-4.74539,36.52089],[-4.74518,36.52017],[-4.74525,36.51994],[-4.74625,36.51956],[-4.74703,36.51908],[-4.74785,36.51778],[-4.74804,36.51812],[-4.74914,36.51895],[-4.74885,36.51997],[-4.74857,36.52032],[-4.74811,36.52059],[-4.74794,36.52079],[-4.74789,36.52049],[-4.74766,36.52028],[-4.74732,36.52028],[-4.74666,36.52071],[-4.74657,36.52149],[-4.74638,36.52194],[-4.7461,36.52229],[-4.74646,36.52254],[-4.7472,36.52243],[-4.74789,36.52141],[-4.74807,36.52129],[-4.7482,36.52158],[-4.74867,36.5221],[-4.74921,36.52233],[-4.75056,36.52196],[-4.7511,36.52198],[-4.7515,36.52181],[-4.75134,36.52156],[-4.75008,36.52107],[-4.75022,36.52078],[-4.75059,36.52069],[-4.75121,36.52068],[-4.7514,36.52058],[-4.75153,36.52024],[-4.75091,36.51992],[-4.7501,36.51976],[-4.74983,36.51961],[-4.75021,36.51935],[-4.75036,36.5191],[-4.75036,36.51891],[-4.75063,36.51863],[-4.75302,36.51792],[-4.753,36.5175],[-4.7522,36.51671],[-4.75264,36.51686],[-4.75359,36.5174],[-4.75409,36.51759],[-4.75527,36.51754],[-4.75602,36.5169],[-4.75817,36.51647],[-4.75938,36.51578],[-4.76047,36.51489],[-4.76086,36.515],[-4.76089,36.51471],[-4.76067,36.51379],[-4.76095,36.51385],[-4.76133,36.51433],[-4.76198,36.5142],[-4.76233,36.51382],[-4.76279,36.51299],[-4.76299,36.51191],[-4.76447,36.51059],[-4.76485,36.51043],[-4.76554,36.51035],[-4.7677,36.51051],[-4.76735,36.51114],[-4.76693,36.51151],[-4.76659,36.5121],[-4.767,36.5132],[-4.76721,36.51324],[-4.76723,36.51406],[-4.76739,36.51415],[-4.76771,36.51469],[-4.76736,36.51535],[-4.76693,36.51591],[-4.76594,36.51645],[-4.76575,36.51664],[-4.76565,36.51692],[-4.76563,36.51738],[-4.7659,36.51816],[-4.76582,36.51868],[-4.76607,36.51918],[-4.766,36.51934],[-4.76538,36.51961],[-4.76538,36.51995],[-4.76524,36.52034],[-4.76583,36.52098],[-4.76691,36.52155],[-4.76698,36.52192],[-4.76616,36.52182],[-4.76622,36.52201],[-4.76551,36.52212],[-4.76503,36.52207],[-4.76533,36.52273],[-4.7656,36.52303],[-4.76597,36.52311],[-4.76621,36.52305],[-4.76626,36.52316],[-4.76543,36.52396],[-4.76511,36.52414],[-4.76488,36.52408],[-4.7647,36.52377],[-4.76441,36.52363],[-4.76399,36.52361],[-4.76376,36.52395],[-4.76381,36.5242],[-4.76398,36.5244]]],[[[-4.73777,36.52366],[-4.73796,36.52357],[-4.73872,36.52379],[-4.73887,36.52374],[-4.73898,36.52345],[-4.73888,36.52343],[-4.73903,36.52315],[-4.73924,36.52306],[-4.73914,36.52291],[-4.73931,36.52269],[-4.73943,36.5231],[-4.7399,36.52368],[-4.73973,36.52395],[-4.74005,36.52411],[-4.74023,36.52407],[-4.74034,36.52395],[-4.74062,36.5241],[-4.74103,36.52411],[-4.74088,36.52431],[-4.74092,36.52436],[-4.74041,36.52418],[-4.74001,36.52421],[-4.73949,36.52413],[-4.73926,36.52358],[-4.73903,36.52361],[-4.73884,36.52386],[-4.73809,36.52373],[-4.73788,36.52375],[-4.73777,36.52366]]],[[[-4.74136,36.52403],[-4.74103,36.52408],[-4.74102,36.52403],[-4.74133,36.52398],[-4.74141,36.52378],[-4.74156,36.52368],[-4.74196,36.52382],[-4.74195,36.52405],[-4.74177,36.5241],[-4.7418,36.52419],[-4.74169,36.52418],[-4.74181,36.52436],[-4.7418,36.52454],[-4.74195,36.52462],[-4.74214,36.52457],[-4.74225,36.52474],[-4.74251,36.52484],[-4.74254,36.52477],[-4.7428,36.52477],[-4.74318,36.52501],[-4.7432,36.52522],[-4.74279,36.52562],[-4.74263,36.52567],[-4.7422,36.52598],[-4.74209,36.52601],[-4.74084,36.52548],[-4.74046,36.52514],[-4.74029,36.52513],[-4.74001,36.52536],[-4.73969,36.52543],[-4.73927,36.52544],[-4.73898,36.52539],[-4.73878,36.52531],[-4.73921,36.52538],[-4.73949,36.52525],[-4.73977,36.52532],[-4.73999,36.52492],[-4.74009,36.52488],[-4.7402,36.52501],[-4.7406,36.52496],[-4.74104,36.52521],[-4.74124,36.52517],[-4.74126,36.52525],[-4.74113,36.52533],[-4.74123,36.52544],[-4.74132,36.5254],[-4.74141,36.52512],[-4.74169,36.52497],[-4.74146,36.52488],[-4.74136,36.52473],[-4.74138,36.5246],[-4.74126,36.52446],[-4.74124,36.52429],[-4.74141,36.52412],[-4.74136,36.52403]]],[[[-4.74422,36.52562],[-4.74488,36.52542],[-4.74522,36.52554],[-4.74593,36.52565],[-4.74585,36.52576],[-4.74588,36.52597],[-4.74632,36.52619],[-4.74631,36.52629],[-4.74645,36.52639],[-4.747,36.5266],[-4.74741,36.52684],[-4.74757,36.5272],[-4.74806,36.52743],[-4.74761,36.52781],[-4.74693,36.52764],[-4.74657,36.52762],[-4.74607,36.52774],[-4.74578,36.52795],[-4.74557,36.528],[-4.74501,36.52794],[-4.74422,36.52816],[-4.74403,36.52828],[-4.74385,36.52868],[-4.74335,36.52876],[-4.74232,36.52881],[-4.7419,36.52853],[-4.74096,36.52857],[-4.74044,36.52851],[-4.73994,36.52811],[-4.73969,36.52776],[-4.73958,36.52736],[-4.73917,36.52681],[-4.73926,36.52627],[-4.73961,36.52592],[-4.73982,36.52583],[-4.74043,36.52613],[-4.74167,36.52601],[-4.74214,36.52618],[-4.74283,36.52583],[-4.74312,36.52593],[-4.74333,36.52617],[-4.74374,36.52623],[-4.74394,36.52608],[-4.74422,36.52562]]],[[[-4.75009,36.52815],[-4.75015,36.52828],[-4.75037,36.52854],[-4.75027,36.52859],[-4.74995,36.5281],[-4.74968,36.5279],[-4.74931,36.52794],[-4.74938,36.52785],[-4.74958,36.52779],[-4.75055,36.52808],[-4.75086,36.52806],[-4.75128,36.52786],[-4.75132,36.5279],[-4.75109,36.52809],[-4.75032,36.52817],[-4.75015,36.5281],[-4.75009,36.52815]]],[[[-4.75158,36.52831],[-4.75149,36.52827],[-4.75139,36.52844],[-4.75135,36.52829],[-4.75113,36.5283],[-4.75127,36.52823],[-4.75137,36.5279],[-4.75155,36.52776],[-4.75146,36.5281],[-4.75173,36.5283],[-4.75196,36.52835],[-4.75166,36.52868],[-4.75031,36.52863],[-4.75085,36.52854],[-4.75113,36.52859],[-4.75152,36.5285],[-4.75158,36.52831]]],[[[-4.7501,36.52844],[-4.75026,36.52883],[-4.75017,36.52882],[-4.7499,36.52848],[-4.74917,36.52874],[-4.7493,36.52849],[-4.74917,36.52849],[-4.74907,36.52858],[-4.74915,36.52876],[-4.74897,36.52881],[-4.74892,36.52861],[-4.74902,36.52841],[-4.74938,36.52809],[-4.74968,36.528],[-4.7501,36.52844]]],[[[-4.74898,36.52914],[-4.74905,36.52912],[-4.74919,36.52924],[-4.74921,36.52979],[-4.74931,36.52984],[-4.74974,36.52987],[-4.74984,36.52981],[-4.74988,36.52942],[-4.75017,36.52907],[-4.75034,36.52903],[-4.75147,36.52897],[-4.75163,36.52911],[-4.75174,36.52911],[-4.752,36.52907],[-4.75232,36.52882],[-4.75275,36.52898],[-4.75296,36.52924],[-4.75149,36.52947],[-4.75149,36.52958],[-4.75046,36.52972],[-4.74997,36.53009],[-4.74912,36.53005],[-4.74906,36.52972],[-4.74895,36.5296],[-4.74867,36.5295],[-4.74811,36.52969],[-4.74761,36.52953],[-4.7477,36.52942],[-4.7476,36.52934],[-4.74741,36.52941],[-4.74737,36.5295],[-4.74779,36.52962],[-4.74729,36.52971],[-4.74714,36.5297],[-4.74695,36.52949],[-4.74698,36.52931],[-4.74723,36.52932],[-4.74764,36.52917],[-4.74801,36.52864],[-4.74862,36.52853],[-4.74888,36.52822],[-4.74933,36.52799],[-4.74956,36.52795],[-4.74933,36.52804],[-4.74901,36.52832],[-4.74886,36.52853],[-4.74884,36.52871],[-4.74867,36.52875],[-4.74852,36.52888],[-4.74836,36.52879],[-4.74791,36.52898],[-4.74798,36.52913],[-4.74788,36.52925],[-4.74787,36.52945],[-4.74822,36.52953],[-4.74902,36.52921],[-4.74898,36.52914]]],[[[-4.74354,36.53651],[-4.7424,36.53734],[-4.742,36.53741],[-4.74118,36.53735],[-4.74048,36.53755],[-4.74012,36.53755],[-4.73861,36.53783],[-4.73841,36.53782],[-4.73809,36.53759],[-4.73787,36.53754],[-4.73761,36.53802],[-4.73726,36.53618],[-4.73696,36.53609],[-4.73678,36.5353],[-4.73707,36.53525],[-4.73767,36.53543],[-4.73793,36.53539],[-4.7383,36.53517],[-4.73903,36.53511],[-4.73957,36.53496],[-4.74031,36.5344],[-4.7409,36.53444],[-4.74159,36.53476],[-4.74191,36.53464],[-4.74255,36.53468],[-4.74254,36.53498],[-4.74264,36.53534],[-4.74354,36.53651]]],[[[-4.72774,36.53674],[-4.72761,36.5366],[-4.72766,36.53653],[-4.72789,36.53686],[-4.72883,36.53757],[-4.72942,36.53776],[-4.72947,36.53792],[-4.72997,36.5384],[-4.72993,36.53847],[-4.72922,36.53786],[-4.72895,36.53791],[-4.7284,36.53763],[-4.72831,36.53748],[-4.72847,36.5375],[-4.72821,36.53713],[-4.72748,36.53726],[-4.72696,36.53711],[-4.72767,36.53685],[-4.72774,36.53674]]],[[[-4.7263,36.53811],[-4.72622,36.53818],[-4.72595,36.53779],[-4.72568,36.53798],[-4.72551,36.53827],[-4.72531,36.53792],[-4.72537,36.53782],[-4.7256,36.53797],[-4.726,36.5374],[-4.72649,36.53756],[-4.72626,36.53759],[-4.72604,36.53774],[-4.72622,36.5379],[-4.7263,36.53811]]],[[[-4.7259,36.53917],[-4.72645,36.53856],[-4.72629,36.53833],[-4.72636,36.53826],[-4.72651,36.53839],[-4.72683,36.53848],[-4.72764,36.53842],[-4.72697,36.53871],[-4.7265,36.53876],[-4.72611,36.53909],[-4.7259,36.53917]]],[[[-4.72847,36.5394],[-4.72864,36.53923],[-4.72884,36.53935],[-4.72893,36.53931],[-4.72899,36.53918],[-4.72913,36.53917],[-4.72933,36.53898],[-4.72925,36.53916],[-4.72937,36.53911],[-4.73006,36.53946],[-4.73035,36.53981],[-4.73077,36.53984],[-4.73083,36.53997],[-4.73058,36.53988],[-4.73014,36.53986],[-4.72989,36.5397],[-4.72922,36.53969],[-4.72847,36.5394]]],[[[-4.72697,36.53972],[-4.72711,36.53983],[-4.72713,36.53975],[-4.72724,36.53979],[-4.7272,36.54006],[-4.72699,36.53994],[-4.72672,36.53957],[-4.72652,36.53963],[-4.72619,36.53957],[-4.72623,36.53948],[-4.72652,36.53948],[-4.72695,36.53925],[-4.72784,36.53913],[-4.72785,36.53918],[-4.72748,36.53928],[-4.72717,36.53928],[-4.7272,36.53936],[-4.72707,36.53939],[-4.72707,36.53972],[-4.72697,36.53972]]],[[[-4.72675,36.54124],[-4.72719,36.54098],[-4.72737,36.54064],[-4.72785,36.54038],[-4.72793,36.53994],[-4.72833,36.5396],[-4.72854,36.53969],[-4.72858,36.5398],[-4.72848,36.53995],[-4.72876,36.54004],[-4.72877,36.54014],[-4.72842,36.54029],[-4.72844,36.54067],[-4.72833,36.54096],[-4.72803,36.54131],[-4.72815,36.54157],[-4.72805,36.54163],[-4.72795,36.54128],[-4.72837,36.54066],[-4.72818,36.53996],[-4.7281,36.53999],[-4.72794,36.54043],[-4.72748,36.54069],[-4.72726,36.54108],[-4.72709,36.54121],[-4.72675,36.54124]]],[[[-4.72915,36.54015],[-4.72903,36.53998],[-4.7287,36.53981],[-4.72894,36.53991],[-4.72926,36.53989],[-4.72983,36.54001],[-4.73008,36.54012],[-4.73034,36.54044],[-4.73054,36.54044],[-4.73109,36.54068],[-4.73115,36.54065],[-4.73127,36.54077],[-4.73151,36.54069],[-4.7318,36.54076],[-4.73179,36.54088],[-4.73112,36.54105],[-4.73079,36.54104],[-4.73072,36.54126],[-4.73021,36.54139],[-4.72969,36.54114],[-4.72956,36.54096],[-4.72939,36.54096],[-4.72903,36.54121],[-4.72888,36.54105],[-4.72864,36.54103],[-4.72904,36.54053],[-4.72915,36.54015]]],[[[-4.72976,36.54237],[-4.72954,36.54251],[-4.72964,36.54262],[-4.72951,36.54269],[-4.72953,36.54278],[-4.72946,36.5428],[-4.7294,36.54253],[-4.72952,36.54213],[-4.72944,36.54198],[-4.72908,36.54181],[-4.72848,36.54181],[-4.72841,36.54171],[-4.72927,36.54173],[-4.72998,36.54205],[-4.7299,36.5421],[-4.72983,36.54202],[-4.7297,36.54203],[-4.72981,36.54226],[-4.72976,36.54237]]],[[[-4.72795,36.54377],[-4.72797,36.54349],[-4.72754,36.54341],[-4.72718,36.54319],[-4.7272,36.54331],[-4.72712,36.54332],[-4.72636,36.54317],[-4.72532,36.54313],[-4.72477,36.54323],[-4.72448,36.54339],[-4.72439,36.54325],[-4.72463,36.54308],[-4.72515,36.54291],[-4.72599,36.54274],[-4.72676,36.54275],[-4.72724,36.54284],[-4.72771,36.54301],[-4.72797,36.54303],[-4.72846,36.54285],[-4.72841,36.54337],[-4.72874,36.54324],[-4.72882,36.54332],[-4.72829,36.54392],[-4.72849,36.54441],[-4.72814,36.54417],[-4.72795,36.54377]]],[[[-4.73322,36.54391],[-4.73311,36.544],[-4.7325,36.54372],[-4.73276,36.54354],[-4.73332,36.54358],[-4.73359,36.54351],[-4.73357,36.54342],[-4.73397,36.54349],[-4.7342,36.54348],[-4.73432,36.54355],[-4.73424,36.54368],[-4.73376,36.54371],[-4.73342,36.54385],[-4.73315,36.54373],[-4.73294,36.54375],[-4.73322,36.54391]]],[[[-4.72988,36.54351],[-4.73017,36.54302],[-4.73064,36.5428],[-4.73108,36.54281],[-4.73135,36.5427],[-4.73157,36.54235],[-4.7316,36.54262],[-4.7319,36.5428],[-4.73202,36.54269],[-4.73198,36.54253],[-4.73187,36.54254],[-4.73199,36.54242],[-4.73187,36.54232],[-4.73174,36.54237],[-4.73168,36.54227],[-4.73173,36.54215],[-4.73185,36.54211],[-4.73264,36.54225],[-4.7331,36.54193],[-4.73366,36.54221],[-4.73391,36.54219],[-4.73385,36.54231],[-4.73395,36.54251],[-4.73461,36.54236],[-4.73436,36.54324],[-4.73419,36.54343],[-4.73391,36.54345],[-4.73375,36.54315],[-4.7323,36.54325],[-4.73213,36.54338],[-4.73263,36.54354],[-4.73236,36.54374],[-4.73176,36.54355],[-4.73106,36.54347],[-4.73081,36.54361],[-4.73079,36.54383],[-4.7311,36.54434],[-4.73081,36.54446],[-4.73045,36.54391],[-4.73028,36.54386],[-4.73025,36.54397],[-4.73043,36.54432],[-4.73102,36.54511],[-4.7314,36.54534],[-4.73219,36.54553],[-4.73148,36.54548],[-4.7312,36.54557],[-4.73062,36.54515],[-4.73004,36.54452],[-4.72996,36.54453],[-4.72993,36.54423],[-4.72979,36.54407],[-4.72947,36.54383],[-4.72954,36.54364],[-4.7298,36.54359],[-4.72988,36.54351]]],[[[-4.73307,36.54474],[-4.73313,36.54487],[-4.73336,36.54487],[-4.73341,36.54501],[-4.73363,36.54514],[-4.73349,36.54515],[-4.7334,36.54523],[-4.73342,36.54512],[-4.73332,36.54505],[-4.73251,36.54477],[-4.73221,36.54457],[-4.73207,36.54458],[-4.7315,36.54442],[-4.73126,36.54426],[-4.73124,36.5439],[-4.73156,36.54395],[-4.73238,36.5444],[-4.73243,36.54452],[-4.73274,36.5447],[-4.73295,36.54478],[-4.73307,36.54474]]],[[[-4.73268,36.54611],[-4.73274,36.54591],[-4.73262,36.54562],[-4.73268,36.54558],[-4.73287,36.54573],[-4.7331,36.54609],[-4.73278,36.5464],[-4.73249,36.54654],[-4.73024,36.54677],[-4.72891,36.54637],[-4.72834,36.54635],[-4.72719,36.54608],[-4.72609,36.54485],[-4.7259,36.5448],[-4.72694,36.54599],[-4.72726,36.54616],[-4.72799,36.54635],[-4.72912,36.5465],[-4.72968,36.54671],[-4.73052,36.54683],[-4.73166,36.54674],[-4.73199,36.5466],[-4.73256,36.54654],[-4.73308,36.54628],[-4.73316,36.54622],[-4.73307,36.5459],[-4.73273,36.54556],[-4.73167,36.54525],[-4.73134,36.54509],[-4.73108,36.54485],[-4.73083,36.54453],[-4.73113,36.54439],[-4.73194,36.54504],[-4.7326,36.54517],[-4.73313,36.54548],[-4.73339,36.5457],[-4.73361,36.54635],[-4.73338,36.54662],[-4.73322,36.5467],[-4.73283,36.54669],[-4.73142,36.54706],[-4.73079,36.5471],[-4.73046,36.54724],[-4.72927,36.54681],[-4.72901,36.5469],[-4.72855,36.54688],[-4.72735,36.5466],[-4.72692,36.54642],[-4.72624,36.54585],[-4.72604,36.54576],[-4.72564,36.54518],[-4.72561,36.54485],[-4.72542,36.54465],[-4.72548,36.54459],[-4.72538,36.54427],[-4.72512,36.54415],[-4.72493,36.54393],[-4.72447,36.54389],[-4.72508,36.54378],[-4.72538,36.54388],[-4.72625,36.5448],[-4.72648,36.54522],[-4.72719,36.54589],[-4.72745,36.54601],[-4.72819,36.54617],[-4.72881,36.5461],[-4.72958,36.54634],[-4.73119,36.54642],[-4.73182,36.54637],[-4.73268,36.54611]],[[-4.72576,36.54462],[-4.72569,36.54444],[-4.72561,36.54426],[-4.72576,36.54462]]],[[[-4.73409,36.5448],[-4.73532,36.54542],[-4.73506,36.54574],[-4.73502,36.54649],[-4.73456,36.54727],[-4.73441,36.54722],[-4.73464,36.54671],[-4.73479,36.54658],[-4.73468,36.54549],[-4.73478,36.54534],[-4.73476,36.54522],[-4.73434,36.54493],[-4.73351,36.54462],[-4.73286,36.54427],[-4.73258,36.54395],[-4.73307,36.54406],[-4.73409,36.5448]]],[[[-4.73026,36.54571],[-4.73063,36.54579],[-4.73101,36.54577],[-4.73102,36.54584],[-4.73082,36.54582],[-4.7306,36.54595],[-4.73016,36.54596],[-4.72967,36.54582],[-4.73002,36.54554],[-4.73026,36.54571]]],[[[-4.73236,36.54586],[-4.7322,36.54575],[-4.73191,36.54573],[-4.73192,36.54565],[-4.7324,36.54571],[-4.73245,36.54559],[-4.73265,36.54583],[-4.73263,36.54607],[-4.73252,36.54613],[-4.73183,36.54632],[-4.73117,36.54637],[-4.7298,36.5463],[-4.72929,36.54617],[-4.72886,36.54594],[-4.72896,36.54588],[-4.72943,36.54603],[-4.72954,36.54599],[-4.72958,36.54607],[-4.73098,36.54622],[-4.7311,36.54614],[-4.7312,36.54617],[-4.73117,36.54625],[-4.73152,36.54629],[-4.73182,36.54625],[-4.73201,36.54607],[-4.73202,36.54592],[-4.73236,36.54586]]],[[[-4.73355,36.54747],[-4.73291,36.54758],[-4.73338,36.54726],[-4.73369,36.54716],[-4.73382,36.54713],[-4.73411,36.54724],[-4.73407,36.54733],[-4.73376,36.54741],[-4.73362,36.54755],[-4.73355,36.54747]]],[[[-4.73047,36.54786],[-4.73011,36.54802],[-4.73003,36.54799],[-4.73002,36.54774],[-4.73044,36.54767],[-4.73057,36.54749],[-4.73089,36.54744],[-4.73183,36.5475],[-4.73162,36.5476],[-4.73094,36.54757],[-4.73088,36.54789],[-4.73059,36.54756],[-4.73059,36.5477],[-4.73071,36.54788],[-4.73047,36.54786]]],[[[-4.72924,36.54808],[-4.72857,36.54828],[-4.72786,36.54836],[-4.72657,36.54823],[-4.72659,36.54814],[-4.72677,36.54805],[-4.72884,36.54817],[-4.72954,36.54794],[-4.72958,36.54779],[-4.72991,36.54791],[-4.72994,36.54801],[-4.72924,36.54808]]],[[[-4.75997,36.6181],[-4.76026,36.61856],[-4.76032,36.61897],[-4.76016,36.61956],[-4.75983,36.61988],[-4.75995,36.62014],[-4.75987,36.62072],[-4.76002,36.62094],[-4.76027,36.62069],[-4.76038,36.62003],[-4.76055,36.61982],[-4.76077,36.61965],[-4.761,36.61962],[-4.7613,36.61936],[-4.76181,36.6193],[-4.76257,36.61852],[-4.7628,36.61852],[-4.76252,36.61885],[-4.76214,36.61987],[-4.76201,36.62084],[-4.76221,36.62122],[-4.7618,36.62159],[-4.76167,36.62191],[-4.76195,36.6224],[-4.76175,36.62249],[-4.76098,36.62233],[-4.7608,36.62221],[-4.76073,36.62202],[-4.76042,36.62184],[-4.75999,36.62183],[-4.75984,36.62194],[-4.75983,36.62212],[-4.75909,36.62202],[-4.75877,36.62176],[-4.75879,36.62158],[-4.75952,36.62107],[-4.75959,36.62083],[-4.75938,36.62053],[-4.75899,36.6202],[-4.75889,36.61988],[-4.75916,36.61947],[-4.75921,36.61921],[-4.75905,36.61913],[-4.75881,36.61923],[-4.75859,36.61971],[-4.75833,36.61975],[-4.75787,36.61972],[-4.75757,36.61961],[-4.75695,36.6192],[-4.75662,36.61921],[-4.75599,36.61904],[-4.75584,36.61884],[-4.75583,36.61855],[-4.7567,36.61661],[-4.75713,36.6163],[-4.75735,36.61645],[-4.75759,36.61697],[-4.75765,36.61732],[-4.75779,36.61747],[-4.75822,36.61702],[-4.75852,36.61684],[-4.75945,36.61686],[-4.75977,36.61703],[-4.75972,36.61721],[-4.7595,36.61742],[-4.75945,36.61767],[-4.75997,36.6181]]],[[[-4.75723,36.62104],[-4.75737,36.62079],[-4.75736,36.62051],[-4.75715,36.62022],[-4.75687,36.62005],[-4.75694,36.61978],[-4.75715,36.6198],[-4.75729,36.62013],[-4.75748,36.6202],[-4.75792,36.62014],[-4.75798,36.62034],[-4.75783,36.6206],[-4.75796,36.62104],[-4.75792,36.62177],[-4.75782,36.62186],[-4.75625,36.62242],[-4.75618,36.6221],[-4.7563,36.62122],[-4.75687,36.62127],[-4.75723,36.62104]]],[[[-4.75945,36.62463],[-4.75974,36.62476],[-4.75972,36.6254],[-4.76003,36.62556],[-4.76033,36.62553],[-4.7609,36.62496],[-4.76119,36.62487],[-4.76145,36.62494],[-4.76164,36.62528],[-4.76182,36.62535],[-4.76213,36.62532],[-4.76272,36.62509],[-4.76301,36.62449],[-4.76334,36.62455],[-4.76373,36.62446],[-4.76409,36.62413],[-4.76511,36.62356],[-4.76556,36.62367],[-4.76562,36.62397],[-4.76551,36.62427],[-4.76568,36.62455],[-4.76542,36.6248],[-4.76401,36.62533],[-4.7626,36.62613],[-4.76154,36.62686],[-4.76092,36.62767],[-4.75914,36.62832],[-4.7566,36.62948],[-4.7563,36.62856],[-4.7563,36.62795],[-4.75617,36.62719],[-4.75624,36.62572],[-4.75631,36.6255],[-4.75625,36.62428],[-4.75633,36.62326],[-4.75623,36.62269],[-4.75631,36.6226],[-4.75769,36.62212],[-4.75796,36.62247],[-4.75781,36.62283],[-4.75793,36.62297],[-4.75893,36.62342],[-4.7592,36.62347],[-4.75937,36.62339],[-4.75892,36.62291],[-4.759,36.6228],[-4.75933,36.62309],[-4.75966,36.62306],[-4.75976,36.62315],[-4.76038,36.62289],[-4.76039,36.62305],[-4.75991,36.62338],[-4.75988,36.62358],[-4.75962,36.62385],[-4.75935,36.62379],[-4.75924,36.62384],[-4.75938,36.62403],[-4.75945,36.62463]]],[[[-4.76314,36.63578],[-4.7631,36.63592],[-4.76096,36.63634],[-4.76091,36.6363],[-4.76303,36.63573],[-4.76314,36.63578]]],[[[-4.7575,36.63721],[-4.7592,36.63682],[-4.76305,36.63618],[-4.76291,36.63654],[-4.76291,36.63678],[-4.76275,36.63707],[-4.76242,36.63721],[-4.76057,36.6373],[-4.7584,36.63716],[-4.75741,36.63731],[-4.7575,36.63721]]],[[[-4.75046,36.63929],[-4.74894,36.63932],[-4.74856,36.63917],[-4.74641,36.63919],[-4.74611,36.63914],[-4.74577,36.63885],[-4.74523,36.63879],[-4.74478,36.63854],[-4.74479,36.63844],[-4.74496,36.63837],[-4.74828,36.63873],[-4.7487,36.63869],[-4.74897,36.63855],[-4.75188,36.63807],[-4.75527,36.63761],[-4.75655,36.63727],[-4.75677,36.63726],[-4.75706,36.63745],[-4.75711,36.63755],[-4.75704,36.63772],[-4.75688,36.63779],[-4.75661,36.63787],[-4.75623,36.63764],[-4.75596,36.6377],[-4.7557,36.63803],[-4.75545,36.63819],[-4.75419,36.63846],[-4.75273,36.63855],[-4.75215,36.6385],[-4.75168,36.63857],[-4.75145,36.63865],[-4.7507,36.63923],[-4.75046,36.63929]]],[[[-4.72068,36.48828],[-4.72051,36.48826],[-4.72055,36.48819],[-4.72046,36.48809],[-4.72027,36.48811],[-4.7203,36.48823],[-4.72081,36.48867],[-4.72074,36.48875],[-4.72065,36.4887],[-4.72055,36.48878],[-4.71864,36.48885],[-4.71865,36.48881],[-4.71916,36.48879],[-4.71967,36.48846],[-4.71953,36.48791],[-4.71957,36.48774],[-4.71997,36.48775],[-4.72023,36.48797],[-4.72046,36.488],[-4.72069,36.48793],[-4.72079,36.48798],[-4.72068,36.48828]]],[[[-4.71499,36.48859],[-4.71492,36.48859],[-4.71494,36.48869],[-4.71501,36.48864],[-4.71506,36.48879],[-4.71492,36.48887],[-4.71482,36.48907],[-4.71445,36.48909],[-4.71444,36.48893],[-4.71478,36.4889],[-4.71466,36.48862],[-4.71483,36.48861],[-4.71473,36.48801],[-4.7148,36.488],[-4.71499,36.48859]]],[[[-4.71786,36.48826],[-4.71807,36.48829],[-4.71815,36.48813],[-4.71852,36.48817],[-4.71828,36.48886],[-4.71723,36.48892],[-4.71722,36.48874],[-4.7179,36.48859],[-4.71795,36.48841],[-4.71782,36.48833],[-4.71786,36.48826]]],[[[-4.70918,36.48963],[-4.70924,36.48946],[-4.70941,36.48934],[-4.71003,36.48963],[-4.71008,36.48975],[-4.70925,36.48996],[-4.70918,36.48963]]],[[[-4.71494,36.49149],[-4.71499,36.49172],[-4.71618,36.49243],[-4.71589,36.49249],[-4.71564,36.49244],[-4.71565,36.49269],[-4.71544,36.49279],[-4.7153,36.49235],[-4.71477,36.49168],[-4.71481,36.4914],[-4.71493,36.49132],[-4.71525,36.49126],[-4.71526,36.49132],[-4.71494,36.49149]]],[[[-4.72316,36.49198],[-4.72362,36.49188],[-4.72382,36.49191],[-4.72361,36.4921],[-4.72358,36.4924],[-4.7232,36.4925],[-4.72312,36.49265],[-4.72318,36.49284],[-4.72283,36.49409],[-4.72262,36.49412],[-4.72253,36.49409],[-4.72252,36.49378],[-4.72227,36.49362],[-4.72232,36.49332],[-4.72214,36.49296],[-4.7231,36.49219],[-4.72316,36.49198]]],[[[-4.71068,36.4942],[-4.71038,36.49403],[-4.71041,36.49383],[-4.7102,36.49349],[-4.70907,36.49231],[-4.70884,36.49216],[-4.70867,36.49156],[-4.70874,36.49135],[-4.70861,36.49098],[-4.70832,36.4906],[-4.7084,36.49051],[-4.70875,36.49048],[-4.70882,36.49053],[-4.70919,36.49145],[-4.7096,36.49197],[-4.70958,36.49223],[-4.70947,36.49235],[-4.70954,36.49258],[-4.7101,36.49305],[-4.71041,36.49305],[-4.71047,36.49323],[-4.71076,36.49341],[-4.71094,36.49339],[-4.71117,36.49351],[-4.71118,36.49362],[-4.71161,36.49371],[-4.71147,36.49405],[-4.71159,36.49414],[-4.71156,36.49429],[-4.71165,36.49442],[-4.71184,36.49448],[-4.71201,36.49436],[-4.71217,36.49452],[-4.7123,36.495],[-4.71202,36.49572],[-4.71212,36.49603],[-4.71228,36.49619],[-4.71215,36.49629],[-4.71176,36.49639],[-4.71158,36.49608],[-4.71142,36.49611],[-4.71134,36.49601],[-4.71148,36.49522],[-4.7117,36.49508],[-4.71168,36.49495],[-4.71115,36.49453],[-4.71089,36.49447],[-4.71068,36.4942]]],[[[-4.71019,36.49645],[-4.70994,36.49735],[-4.70959,36.49749],[-4.70968,36.49769],[-4.70957,36.49804],[-4.7093,36.49829],[-4.70864,36.4983],[-4.70862,36.49823],[-4.70892,36.49824],[-4.7093,36.4981],[-4.70951,36.49779],[-4.70951,36.4974],[-4.70986,36.49721],[-4.71003,36.49689],[-4.70975,36.49678],[-4.71004,36.49628],[-4.71048,36.49576],[-4.71108,36.49533],[-4.71117,36.49549],[-4.71051,36.49622],[-4.71034,36.49626],[-4.71019,36.49645]]],[[[-4.7179,36.49336],[-4.71795,36.4933],[-4.71853,36.49394],[-4.71859,36.49423],[-4.71888,36.49425],[-4.71878,36.49436],[-4.71859,36.49438],[-4.71858,36.49461],[-4.71967,36.49519],[-4.72002,36.49546],[-4.72005,36.49565],[-4.71967,36.49609],[-4.71967,36.49654],[-4.71952,36.49666],[-4.71939,36.49719],[-4.71948,36.49768],[-4.72009,36.49852],[-4.72024,36.49899],[-4.72042,36.49915],[-4.72115,36.49927],[-4.72158,36.49966],[-4.7221,36.49983],[-4.72207,36.4999],[-4.72146,36.49995],[-4.72132,36.50018],[-4.72102,36.50032],[-4.72111,36.50058],[-4.72151,36.50077],[-4.72177,36.50081],[-4.72265,36.5013],[-4.72267,36.50151],[-4.72255,36.50172],[-4.72197,36.50215],[-4.72179,36.50204],[-4.72213,36.50169],[-4.72221,36.50153],[-4.72217,36.50138],[-4.72191,36.50113],[-4.72152,36.50096],[-4.72106,36.50089],[-4.72067,36.50048],[-4.72071,36.50026],[-4.72062,36.5],[-4.71994,36.49923],[-4.71965,36.49875],[-4.71965,36.49859],[-4.7189,36.49749],[-4.71892,36.49712],[-4.71924,36.49635],[-4.71926,36.49609],[-4.71951,36.49577],[-4.71952,36.49563],[-4.71919,36.49529],[-4.71827,36.49476],[-4.71808,36.49436],[-4.71839,36.49403],[-4.71804,36.49367],[-4.7179,36.49336]]],[[[-4.70714,36.49815],[-4.70679,36.49814],[-4.7059,36.49791],[-4.70575,36.49795],[-4.70563,36.4981],[-4.70555,36.49851],[-4.70578,36.49878],[-4.70546,36.49872],[-4.70529,36.49854],[-4.70546,36.49781],[-4.70566,36.49775],[-4.70621,36.49778],[-4.70706,36.49805],[-4.70725,36.49795],[-4.70744,36.49762],[-4.70815,36.49774],[-4.70812,36.49783],[-4.70763,36.49778],[-4.70745,36.49801],[-4.70714,36.49815]]],[[[-4.70288,36.50094],[-4.70292,36.501],[-4.7033,36.50093],[-4.70327,36.50078],[-4.70346,36.50082],[-4.70373,36.50079],[-4.70403,36.50064],[-4.70439,36.50061],[-4.70439,36.5007],[-4.70384,36.50104],[-4.70307,36.50128],[-4.70269,36.50106],[-4.70288,36.50094]]],[[[-4.72231,36.50275],[-4.72173,36.50248],[-4.72162,36.50226],[-4.72169,36.50218],[-4.72176,36.50221],[-4.72181,36.5024],[-4.72235,36.50258],[-4.72347,36.50264],[-4.7237,36.50293],[-4.72366,36.50308],[-4.72281,36.50314],[-4.72231,36.50275]]],[[[-4.72555,36.50485],[-4.72547,36.50495],[-4.72583,36.50509],[-4.72582,36.50525],[-4.72528,36.50529],[-4.72493,36.50565],[-4.72381,36.50574],[-4.7235,36.5059],[-4.72329,36.50554],[-4.72402,36.50531],[-4.72523,36.50462],[-4.72555,36.50485]]],[[[-4.70873,36.50588],[-4.70904,36.50578],[-4.70965,36.50533],[-4.71013,36.50575],[-4.7103,36.50581],[-4.71071,36.50558],[-4.71089,36.50562],[-4.71149,36.50552],[-4.71159,36.50562],[-4.7097,36.50645],[-4.70889,36.50695],[-4.70777,36.50779],[-4.70774,36.50791],[-4.70703,36.50865],[-4.70643,36.50955],[-4.70574,36.50919],[-4.70531,36.50905],[-4.70497,36.50903],[-4.70491,36.5087],[-4.70467,36.50839],[-4.70486,36.50825],[-4.70461,36.50795],[-4.70382,36.50747],[-4.70325,36.50747],[-4.70301,36.50756],[-4.70311,36.50789],[-4.70289,36.50815],[-4.70289,36.50843],[-4.7034,36.50865],[-4.70369,36.50864],[-4.70403,36.50876],[-4.70473,36.50877],[-4.70473,36.50889],[-4.70422,36.5091],[-4.70374,36.50915],[-4.70326,36.50913],[-4.70283,36.509],[-4.70243,36.50876],[-4.70194,36.50831],[-4.7,36.50752],[-4.7,36.50425],[-4.70134,36.50449],[-4.70286,36.50493],[-4.70427,36.5051],[-4.7047,36.50504],[-4.70478,36.50472],[-4.70497,36.50486],[-4.70543,36.50499],[-4.7056,36.50538],[-4.70616,36.5058],[-4.70679,36.50703],[-4.7076,36.50752],[-4.70799,36.50739],[-4.70815,36.50715],[-4.70807,36.50696],[-4.70905,36.50629],[-4.70903,36.50614],[-4.70874,36.50602],[-4.70873,36.50588]]],[[[-4.72173,36.52949],[-4.72094,36.52976],[-4.72041,36.52947],[-4.72003,36.52941],[-4.71967,36.52941],[-4.71946,36.52961],[-4.71934,36.52954],[-4.71936,36.52937],[-4.7195,36.52917],[-4.71965,36.52861],[-4.71986,36.5285],[-4.71977,36.52822],[-4.71995,36.52755],[-4.72023,36.52739],[-4.72059,36.52742],[-4.72073,36.52754],[-4.72202,36.528],[-4.7223,36.53009],[-4.72173,36.52949]]],[[[-4.72262,36.535],[-4.72247,36.53453],[-4.72252,36.53418],[-4.72236,36.53371],[-4.72251,36.53353],[-4.72237,36.53294],[-4.72245,36.53267],[-4.72269,36.53308],[-4.72266,36.53326],[-4.72254,36.53333],[-4.7227,36.53413],[-4.72262,36.535]]],[[[-4.71627,36.53557],[-4.71598,36.53532],[-4.71591,36.53479],[-4.71678,36.53425],[-4.71743,36.53437],[-4.71724,36.5348],[-4.71713,36.53614],[-4.71644,36.5359],[-4.71627,36.53557]]],[[[-4.72225,36.5362],[-4.72215,36.53597],[-4.72248,36.53601],[-4.72267,36.53589],[-4.72296,36.53607],[-4.72315,36.53607],[-4.72298,36.53614],[-4.723,36.53631],[-4.72278,36.53624],[-4.72259,36.53632],[-4.72225,36.5362]]],[[[-4.72522,36.53587],[-4.72522,36.53604],[-4.72534,36.53605],[-4.72495,36.53645],[-4.72478,36.53653],[-4.72471,36.53647],[-4.72389,36.53679],[-4.72356,36.53659],[-4.72324,36.53611],[-4.72377,36.53591],[-4.72429,36.53582],[-4.72479,36.53585],[-4.72505,36.53575],[-4.72507,36.5359],[-4.72522,36.53587]]],[[[-4.71878,36.53758],[-4.71867,36.53756],[-4.71864,36.5374],[-4.71846,36.53731],[-4.71853,36.53703],[-4.71873,36.53688],[-4.71907,36.53683],[-4.71918,36.53669],[-4.71916,36.53695],[-4.71939,36.53718],[-4.71932,36.53733],[-4.71878,36.53758]]],[[[-4.71475,36.53739],[-4.71428,36.53745],[-4.71399,36.53733],[-4.7138,36.53745],[-4.71368,36.53739],[-4.71387,36.53732],[-4.7141,36.53707],[-4.71437,36.53719],[-4.71443,36.53708],[-4.71472,36.53697],[-4.71496,36.53699],[-4.71548,36.53675],[-4.71584,36.53677],[-4.71582,36.53662],[-4.71527,36.53664],[-4.71538,36.53656],[-4.7157,36.53653],[-4.71581,36.53655],[-4.71608,36.53681],[-4.71648,36.53685],[-4.71674,36.53715],[-4.71702,36.53732],[-4.71707,36.53763],[-4.71715,36.53767],[-4.71737,36.53761],[-4.71718,36.53784],[-4.71702,36.53783],[-4.71699,36.5379],[-4.7168,36.53784],[-4.71635,36.53756],[-4.71604,36.53759],[-4.71558,36.53744],[-4.71556,36.53731],[-4.71525,36.53739],[-4.71492,36.5373],[-4.71475,36.53739]]],[[[-4.72087,36.53775],[-4.72076,36.53775],[-4.7207,36.53764],[-4.72057,36.53769],[-4.72011,36.53725],[-4.7201,36.53697],[-4.71957,36.5365],[-4.71946,36.5362],[-4.71924,36.53609],[-4.71879,36.53628],[-4.71871,36.53653],[-4.71833,36.53706],[-4.71818,36.53708],[-4.71788,36.5373],[-4.71856,36.53667],[-4.71879,36.53603],[-4.71895,36.53515],[-4.71914,36.53515],[-4.71915,36.5353],[-4.71899,36.53537],[-4.71894,36.53572],[-4.71906,36.53573],[-4.71947,36.53605],[-4.72071,36.53754],[-4.72196,36.53858],[-4.72252,36.53926],[-4.72326,36.53932],[-4.72327,36.5397],[-4.7235,36.54001],[-4.7231,36.53991],[-4.72287,36.53978],[-4.72267,36.53961],[-4.72268,36.53951],[-4.72245,36.53938],[-4.72194,36.53862],[-4.72178,36.53865],[-4.72153,36.53857],[-4.72112,36.53834],[-4.72132,36.53822],[-4.72133,36.5381],[-4.72119,36.53806],[-4.7212,36.53799],[-4.72087,36.53775]]],[[[-4.71341,36.53812],[-4.71287,36.53832],[-4.71282,36.53827],[-4.71247,36.53835],[-4.71194,36.53824],[-4.71182,36.53828],[-4.71172,36.53815],[-4.71218,36.53786],[-4.71271,36.53771],[-4.71345,36.53734],[-4.71347,36.53759],[-4.71361,36.53761],[-4.71341,36.53812]]],[[[-4.72376,36.53705],[-4.72401,36.5371],[-4.72404,36.53699],[-4.72426,36.53708],[-4.72456,36.53704],[-4.72464,36.53694],[-4.7248,36.53704],[-4.72549,36.53688],[-4.72584,36.53696],[-4.72523,36.53722],[-4.72489,36.53716],[-4.72477,36.53721],[-4.72452,36.5376],[-4.72475,36.53784],[-4.72449,36.53859],[-4.72407,36.53857],[-4.72416,36.53816],[-4.72431,36.53799],[-4.72431,36.53778],[-4.72404,36.53736],[-4.72359,36.53717],[-4.72376,36.53705]]],[[[-4.71928,36.53791],[-4.71916,36.53794],[-4.71876,36.53827],[-4.71855,36.53829],[-4.71835,36.53801],[-4.7184,36.53782],[-4.71833,36.53776],[-4.71856,36.53758],[-4.71885,36.53762],[-4.71926,36.53739],[-4.71956,36.53761],[-4.71942,36.53775],[-4.71948,36.538],[-4.71928,36.53791]]],[[[-4.72017,36.53805],[-4.72024,36.53817],[-4.72016,36.5382],[-4.72024,36.53823],[-4.72016,36.53834],[-4.7203,36.53841],[-4.72027,36.53851],[-4.72036,36.53852],[-4.72041,36.53864],[-4.7207,36.53866],[-4.72068,36.53877],[-4.72025,36.53869],[-4.72004,36.53853],[-4.71978,36.53845],[-4.71982,36.53821],[-4.71958,36.53806],[-4.71947,36.53784],[-4.71948,36.53774],[-4.71963,36.53762],[-4.72011,36.53774],[-4.72038,36.53801],[-4.72036,36.5381],[-4.72017,36.53805]]],[[[-4.71823,36.53883],[-4.71844,36.53882],[-4.71843,36.53875],[-4.71822,36.53879],[-4.71783,36.53854],[-4.71787,36.53835],[-4.71774,36.53815],[-4.71792,36.53813],[-4.71816,36.53798],[-4.71837,36.53809],[-4.71854,36.53835],[-4.71867,36.53836],[-4.71923,36.53796],[-4.71935,36.53798],[-4.71964,36.5382],[-4.71975,36.53847],[-4.72035,36.53877],[-4.71989,36.53867],[-4.71979,36.53884],[-4.71957,36.53888],[-4.71901,36.5387],[-4.71871,36.53883],[-4.71866,36.53899],[-4.71855,36.53904],[-4.71823,36.53883]]],[[[-4.71973,36.53918],[-4.71978,36.53935],[-4.71989,36.53931],[-4.71995,36.53937],[-4.71982,36.53942],[-4.71984,36.53955],[-4.71965,36.53954],[-4.71979,36.53941],[-4.71938,36.53955],[-4.71935,36.53964],[-4.71918,36.53963],[-4.71931,36.53955],[-4.71921,36.5393],[-4.71924,36.53913],[-4.71935,36.5392],[-4.71945,36.53913],[-4.71973,36.53918]]],[[[-4.72161,36.53954],[-4.72111,36.53954],[-4.72075,36.53975],[-4.72083,36.53975],[-4.72082,36.53983],[-4.72073,36.53978],[-4.72065,36.53989],[-4.72074,36.54],[-4.72054,36.53999],[-4.72005,36.53963],[-4.72005,36.53947],[-4.72107,36.5394],[-4.72161,36.53954]]],[[[-4.72619,36.53946],[-4.72613,36.53956],[-4.72583,36.53973],[-4.72574,36.54003],[-4.72523,36.54011],[-4.72488,36.54008],[-4.72581,36.5395],[-4.72619,36.53946]]],[[[-4.71564,36.54059],[-4.71481,36.54046],[-4.71499,36.54008],[-4.71572,36.53936],[-4.71566,36.5397],[-4.7155,36.53981],[-4.71547,36.53999],[-4.71548,36.54038],[-4.71564,36.54059]]],[[[-4.72138,36.54027],[-4.72145,36.54048],[-4.72101,36.54034],[-4.72096,36.53994],[-4.72139,36.53987],[-4.72174,36.53994],[-4.72138,36.54027]]],[[[-4.71671,36.5397],[-4.71678,36.53981],[-4.71642,36.53978],[-4.71634,36.5399],[-4.7163,36.54037],[-4.71647,36.54063],[-4.71636,36.54066],[-4.71639,36.54087],[-4.71628,36.54101],[-4.71608,36.54068],[-4.716,36.54032],[-4.71647,36.53959],[-4.71658,36.53971],[-4.71671,36.5397]]],[[[-4.72592,36.5397],[-4.72617,36.53962],[-4.72654,36.53974],[-4.72661,36.5399],[-4.72683,36.53991],[-4.72684,36.54003],[-4.72708,36.54003],[-4.72718,36.54011],[-4.72681,36.54049],[-4.72635,36.54077],[-4.72558,36.54055],[-4.72541,36.54033],[-4.72492,36.54048],[-4.72461,36.54066],[-4.72402,36.54074],[-4.72385,36.54064],[-4.7237,36.54025],[-4.72482,36.54011],[-4.72561,36.54013],[-4.72578,36.54008],[-4.72586,36.53997],[-4.72592,36.5397]]],[[[-4.71416,36.54037],[-4.71434,36.54031],[-4.71403,36.54088],[-4.71399,36.54113],[-4.71377,36.54134],[-4.71378,36.54151],[-4.71351,36.54185],[-4.71368,36.54143],[-4.71346,36.54135],[-4.71291,36.54131],[-4.71221,36.54066],[-4.71236,36.54039],[-4.71225,36.53992],[-4.71249,36.53971],[-4.71328,36.53952],[-4.71334,36.5396],[-4.71254,36.53976],[-4.71235,36.53986],[-4.71247,36.54019],[-4.71282,36.54043],[-4.71287,36.54059],[-4.71304,36.54062],[-4.7128,36.54095],[-4.71297,36.54101],[-4.71353,36.54081],[-4.71352,36.54073],[-4.71374,36.54068],[-4.71416,36.54037]]],[[[-4.71701,36.54206],[-4.71694,36.54205],[-4.71766,36.54107],[-4.71759,36.54072],[-4.71795,36.54029],[-4.71794,36.5402],[-4.71763,36.54011],[-4.71754,36.54001],[-4.71824,36.53995],[-4.71884,36.54014],[-4.71927,36.54014],[-4.72017,36.54033],[-4.71986,36.54047],[-4.71906,36.54047],[-4.71861,36.5407],[-4.71842,36.5406],[-4.71832,36.54031],[-4.71816,36.54035],[-4.71796,36.54078],[-4.71776,36.5408],[-4.71776,36.54086],[-4.71826,36.54094],[-4.71826,36.541],[-4.71804,36.54098],[-4.71784,36.54107],[-4.71701,36.54206]]],[[[-4.71643,36.54239],[-4.71653,36.54252],[-4.71623,36.54265],[-4.71566,36.54196],[-4.71582,36.5419],[-4.71612,36.54202],[-4.71636,36.54199],[-4.71634,36.54184],[-4.71667,36.54103],[-4.71656,36.54083],[-4.71683,36.5402],[-4.71657,36.54019],[-4.71641,36.5401],[-4.71639,36.54008],[-4.71649,36.54014],[-4.717,36.54015],[-4.71731,36.54035],[-4.71675,36.54096],[-4.71643,36.54239]]],[[[-4.71325,36.5424],[-4.7134,36.54196],[-4.71329,36.5424],[-4.71339,36.5425],[-4.71384,36.54242],[-4.71341,36.54332],[-4.7133,36.54338],[-4.71319,36.54325],[-4.71325,36.5424]]],[[[-4.71469,36.54348],[-4.7151,36.54347],[-4.7159,36.54387],[-4.71662,36.54381],[-4.71668,36.54386],[-4.71698,36.54367],[-4.71733,36.5437],[-4.71776,36.54356],[-4.71804,36.54327],[-4.71863,36.54305],[-4.71863,36.54279],[-4.7185,36.5426],[-4.7184,36.54203],[-4.71854,36.54172],[-4.71848,36.54158],[-4.71817,36.5414],[-4.71829,36.54116],[-4.71856,36.54132],[-4.71878,36.54196],[-4.71923,36.54231],[-4.71918,36.54247],[-4.71934,36.5425],[-4.71943,36.54239],[-4.72054,36.5424],[-4.72113,36.54227],[-4.72257,36.54294],[-4.72319,36.54315],[-4.72317,36.5432],[-4.72367,36.54333],[-4.72369,36.54327],[-4.72386,36.54342],[-4.72357,36.54384],[-4.72351,36.54383],[-4.72359,36.54361],[-4.72295,36.54346],[-4.72299,36.54336],[-4.72253,36.5431],[-4.72242,36.54327],[-4.72127,36.5429],[-4.72115,36.54308],[-4.72129,36.5433],[-4.72216,36.54366],[-4.72247,36.54368],[-4.72257,36.54402],[-4.72239,36.54401],[-4.72238,36.54389],[-4.72147,36.5439],[-4.72147,36.54496],[-4.72187,36.54496],[-4.72214,36.54507],[-4.72256,36.54494],[-4.72286,36.54506],[-4.72311,36.54505],[-4.72358,36.54535],[-4.72342,36.54548],[-4.72313,36.54553],[-4.72213,36.54555],[-4.72125,36.54576],[-4.7212,36.54559],[-4.72071,36.54532],[-4.72063,36.54476],[-4.72015,36.54398],[-4.72007,36.54372],[-4.71961,36.54344],[-4.71941,36.54346],[-4.71885,36.54429],[-4.71824,36.54489],[-4.71775,36.54508],[-4.71736,36.54513],[-4.71731,36.54508],[-4.71742,36.54502],[-4.71829,36.54465],[-4.71825,36.54453],[-4.71749,36.54475],[-4.71744,36.54482],[-4.7168,36.54488],[-4.71605,36.54505],[-4.71585,36.54473],[-4.71611,36.54474],[-4.71585,36.54458],[-4.71573,36.54469],[-4.71492,36.54455],[-4.71452,36.5443],[-4.71401,36.54411],[-4.71343,36.54408],[-4.71274,36.54424],[-4.71254,36.54421],[-4.71283,36.54412],[-4.71262,36.54401],[-4.71267,36.54376],[-4.71302,36.54392],[-4.71387,36.54378],[-4.71349,36.54347],[-4.71378,36.54269],[-4.71397,36.54301],[-4.71469,36.54348]]],[[[-4.72465,36.54374],[-4.72496,36.54374],[-4.72426,36.54392],[-4.72373,36.54446],[-4.72362,36.54471],[-4.72324,36.54493],[-4.72313,36.54484],[-4.72311,36.54465],[-4.72347,36.54438],[-4.72384,36.54377],[-4.72502,36.54322],[-4.72567,36.54321],[-4.72454,36.54362],[-4.72453,36.54369],[-4.72465,36.54374]]],[[[-4.7109,36.54565],[-4.71114,36.54541],[-4.71112,36.54501],[-4.71079,36.54473],[-4.71034,36.54463],[-4.70972,36.54472],[-4.70908,36.5444],[-4.70872,36.54445],[-4.70859,36.54436],[-4.7093,36.54418],[-4.70941,36.54421],[-4.70943,36.54431],[-4.70966,36.54438],[-4.70966,36.54431],[-4.70981,36.54428],[-4.71039,36.54446],[-4.71149,36.54461],[-4.7125,36.5445],[-4.71251,36.5446],[-4.71167,36.54462],[-4.71153,36.5449],[-4.71121,36.54485],[-4.71109,36.54491],[-4.71139,36.54547],[-4.71177,36.54577],[-4.71153,36.54568],[-4.71093,36.5457],[-4.70897,36.54592],[-4.70892,36.54586],[-4.70937,36.54573],[-4.7109,36.54565]]],[[[-4.71191,36.54541],[-4.71278,36.54519],[-4.7129,36.54523],[-4.713,36.54543],[-4.71296,36.54511],[-4.71338,36.54484],[-4.71364,36.54478],[-4.71343,36.54467],[-4.71261,36.54458],[-4.71257,36.54429],[-4.71403,36.54444],[-4.71483,36.54473],[-4.71551,36.5448],[-4.71571,36.54474],[-4.71595,36.54511],[-4.71559,36.54504],[-4.71546,36.54512],[-4.71551,36.54518],[-4.71633,36.54537],[-4.71647,36.5456],[-4.71706,36.54579],[-4.71731,36.54582],[-4.71753,36.54574],[-4.71774,36.54603],[-4.71715,36.54606],[-4.71661,36.54573],[-4.71614,36.54572],[-4.71491,36.54532],[-4.71438,36.54523],[-4.71413,36.54521],[-4.71304,36.5455],[-4.71208,36.54555],[-4.7118,36.54573],[-4.71136,36.54533],[-4.7112,36.5449],[-4.71162,36.54496],[-4.71168,36.54509],[-4.71202,36.54532],[-4.7119,36.54537],[-4.71191,36.54541]]],[[[-4.70373,36.54572],[-4.70227,36.54556],[-4.70075,36.54521],[-4.70274,36.54557],[-4.70446,36.54542],[-4.70536,36.54564],[-4.7054,36.54571],[-4.70518,36.54562],[-4.70478,36.54559],[-4.70412,36.5456],[-4.70373,36.54572]]],[[[-4.71934,36.54551],[-4.7192,36.54542],[-4.71906,36.54548],[-4.71903,36.54566],[-4.71857,36.54552],[-4.71845,36.54558],[-4.71844,36.54549],[-4.71914,36.54484],[-4.71965,36.54491],[-4.72002,36.54546],[-4.71981,36.54556],[-4.71934,36.54551]]],[[[-4.70735,36.54549],[-4.70763,36.54515],[-4.70767,36.54521],[-4.70725,36.54571],[-4.70721,36.5461],[-4.707,36.54611],[-4.70675,36.546],[-4.70631,36.54607],[-4.70573,36.54592],[-4.70575,36.54588],[-4.70612,36.54597],[-4.70679,36.54577],[-4.70715,36.54549],[-4.70735,36.54549]]],[[[-4.71822,36.54562],[-4.7183,36.54568],[-4.71832,36.54596],[-4.71871,36.54618],[-4.71888,36.54637],[-4.71934,36.54664],[-4.71922,36.54669],[-4.71867,36.54654],[-4.71795,36.54603],[-4.7178,36.54603],[-4.71757,36.54573],[-4.71784,36.54554],[-4.71813,36.54566],[-4.71822,36.54562]]],[[[-4.71915,36.54698],[-4.7189,36.5469],[-4.71854,36.54692],[-4.71775,36.5471],[-4.71723,36.54689],[-4.71667,36.54686],[-4.71617,36.54634],[-4.71507,36.54595],[-4.71434,36.5459],[-4.71404,36.546],[-4.71376,36.5462],[-4.71299,36.54612],[-4.7126,36.54628],[-4.71253,36.54627],[-4.71256,36.54613],[-4.71243,36.546],[-4.7128,36.54609],[-4.71319,36.54598],[-4.71307,36.54567],[-4.7131,36.54595],[-4.71273,36.54603],[-4.71242,36.54595],[-4.71214,36.54614],[-4.71189,36.54579],[-4.71211,36.54564],[-4.71307,36.5456],[-4.71415,36.54535],[-4.71489,36.54545],[-4.71589,36.54585],[-4.71575,36.54606],[-4.71688,36.54648],[-4.71711,36.54675],[-4.71858,36.54671],[-4.71865,36.54658],[-4.71941,36.54685],[-4.71915,36.54698]]],[[[-4.71418,36.5466],[-4.71448,36.54654],[-4.71595,36.54672],[-4.71628,36.54664],[-4.71631,36.54657],[-4.71639,36.54668],[-4.71634,36.5468],[-4.71666,36.54711],[-4.71632,36.54701],[-4.71591,36.54678],[-4.71394,36.54687],[-4.71228,36.54657],[-4.71209,36.5464],[-4.71187,36.54582],[-4.71213,36.54624],[-4.71237,36.54631],[-4.7131,36.54635],[-4.71344,36.54649],[-4.71418,36.5466]]],[[[-4.70552,36.54703],[-4.70592,36.54709],[-4.70627,36.54694],[-4.70643,36.54717],[-4.70613,36.54738],[-4.70593,36.5472],[-4.70569,36.54713],[-4.70543,36.54713],[-4.70489,36.54694],[-4.70459,36.54694],[-4.7042,36.5468],[-4.7027,36.54651],[-4.70239,36.54653],[-4.70202,36.5467],[-4.70194,36.54668],[-4.70191,36.54644],[-4.70173,36.54632],[-4.70128,36.54634],[-4.70121,36.54618],[-4.70102,36.54612],[-4.70039,36.54617],[-4.69999,36.54604],[-4.70003,36.54597],[-4.70031,36.54604],[-4.70067,36.54599],[-4.70104,36.54604],[-4.70143,36.54622],[-4.7017,36.5462],[-4.70322,36.54659],[-4.70353,36.54653],[-4.70375,36.54669],[-4.70552,36.54703]]],[[[-4.70605,36.54703],[-4.70558,36.547],[-4.70387,36.54663],[-4.70381,36.54654],[-4.70542,36.54685],[-4.70545,36.54679],[-4.70603,36.54692],[-4.70605,36.54703]]],[[[-4.70716,36.54743],[-4.70688,36.54744],[-4.70672,36.54735],[-4.70638,36.54686],[-4.70661,36.5467],[-4.70681,36.5468],[-4.70711,36.54671],[-4.70698,36.54688],[-4.70722,36.54699],[-4.70733,36.54698],[-4.70743,36.54662],[-4.7078,36.54636],[-4.70765,36.54624],[-4.70773,36.5462],[-4.70788,36.54622],[-4.70827,36.54657],[-4.70788,36.54661],[-4.70753,36.54714],[-4.70716,36.54743]]],[[[-4.7249,36.54689],[-4.72522,36.54762],[-4.72557,36.54797],[-4.72491,36.54763],[-4.72489,36.54722],[-4.72446,36.54649],[-4.72397,36.54596],[-4.72353,36.54575],[-4.7239,36.54582],[-4.72438,36.54627],[-4.7249,36.54689]]],[[[-4.71982,36.54673],[-4.7201,36.54682],[-4.72033,36.54709],[-4.72027,36.54713],[-4.72005,36.54705],[-4.71949,36.54712],[-4.71956,36.54678],[-4.71982,36.54673]]],[[[-4.72321,36.54748],[-4.72357,36.54759],[-4.72363,36.54771],[-4.72341,36.54765],[-4.72217,36.54769],[-4.72174,36.54764],[-4.72163,36.54765],[-4.72145,36.54785],[-4.72107,36.54784],[-4.72076,36.54773],[-4.72085,36.54763],[-4.72077,36.54755],[-4.72058,36.54754],[-4.72064,36.54743],[-4.72128,36.5476],[-4.72176,36.54745],[-4.72233,36.54753],[-4.72321,36.54748]]],[[[-4.7,36.61364],[-4.7,36.6091],[-4.70021,36.60926],[-4.70091,36.60955],[-4.70166,36.61018],[-4.70288,36.61056],[-4.70349,36.61089],[-4.70397,36.61142],[-4.70467,36.61288],[-4.7029,36.61324],[-4.7,36.61364]]],[[[-4.70898,36.61394],[-4.70885,36.61446],[-4.70891,36.61466],[-4.70884,36.61546],[-4.70873,36.61579],[-4.70824,36.61641],[-4.70799,36.61627],[-4.70798,36.61592],[-4.70843,36.61583],[-4.70858,36.61548],[-4.70879,36.6147],[-4.70868,36.61458],[-4.70877,36.61413],[-4.70898,36.61394]]],[[[-4.70523,36.61473],[-4.70531,36.61555],[-4.70587,36.61621],[-4.70651,36.61746],[-4.70329,36.61813],[-4.70287,36.61365],[-4.70474,36.61318],[-4.70468,36.61366],[-4.70507,36.61425],[-4.70523,36.61473]]],[[[-4.70094,36.62337],[-4.70062,36.62338],[-4.70038,36.6235],[-4.7,36.62354],[-4.7,36.61405],[-4.70269,36.61368],[-4.70294,36.61512],[-4.70313,36.6171],[-4.70318,36.61789],[-4.703,36.61792],[-4.70324,36.61893],[-4.70319,36.61926],[-4.70153,36.62302],[-4.70094,36.62337]]],[[[-4.70373,36.62326],[-4.70395,36.62349],[-4.70376,36.62412],[-4.70325,36.62456],[-4.70303,36.62458],[-4.7027,36.62483],[-4.70217,36.62535],[-4.70206,36.62535],[-4.70141,36.62609],[-4.70059,36.62579],[-4.70042,36.6258],[-4.70231,36.62161],[-4.70311,36.62023],[-4.70366,36.61904],[-4.70354,36.61817],[-4.70654,36.61754],[-4.70667,36.6192],[-4.70636,36.61972],[-4.70486,36.6212],[-4.70472,36.62176],[-4.70444,36.62196],[-4.70406,36.62246],[-4.70373,36.62326]]],[[[-4.70096,36.62351],[-4.70145,36.62325],[-4.70136,36.62343],[-4.70102,36.62357],[-4.701,36.62364],[-4.70123,36.62372],[-4.7,36.62641],[-4.7,36.62365],[-4.70096,36.62351]]],[[[-4.70002,36.62673],[-4.70037,36.62594],[-4.70054,36.62591],[-4.70122,36.62612],[-4.70125,36.62634],[-4.70057,36.62698],[-4.70035,36.62672],[-4.70026,36.62678],[-4.70002,36.62673]]]]}}]}